group_by,split,metric,count,min,p10,p25,median,p75,p90,max,mean,std
split,train,positive_fraction,513,0.0,0.0,0.0,0.0343017578125,0.480056762695,0.853451538086,1.0,0.25203319646228284,0.33295692705627966
split,train,ignore_fraction,513,0.0,0.0,0.0,0.00764465332031,0.135009765625,0.1741241455078,0.983810424805,0.09313132005362122,0.15953804871409932
split,train,ground_fraction,513,0.2000885009765625,0.2091339111328125,0.220855712890625,0.24761962890625,0.282867431640625,0.3101409912109375,0.41741943359375,0.25572966042085465,0.04214314342315331
split,train,mean_slope_degrees,513,1.7838722467422485,13.596562957763672,18.798439025878906,25.002914428710938,31.71982192993164,36.611837005615236,43.53438949584961,25.087583279051977,8.753745743412166
split,train,distance_to_positive_m,473,0.0,0.0,0.0,0.0,238.5,510.68082656136767,1351.4001072961332,156.4154287369888,252.77967601134034
split,train,boundary_pixel_fraction,513,0.0,0.0,0.0,0.00105285644531,0.00483703613281,0.006161499023438,0.0115966796875,0.0024492289820144896,0.0027363463257181926
split,train,boundary_of_positive_fraction,513,0.0,0.0,0.0,0.00106096717152,0.0138969508656,0.03516080427576,0.173359451518,0.01197885194562853,0.021903581328274812
split,validation,positive_fraction,54,0.0,0.0,0.0,0.0,0.008480072021475,0.16187591552710007,0.547592163086,0.041454456470635184,0.10763745314451313
split,validation,ignore_fraction,54,0.0,0.0,0.0,0.0,0.05152130126955,0.7648162841798002,0.988693237305,0.16306333188658148,0.3175590535485721
split,validation,ground_fraction,54,0.2002105712890625,0.21065673828125,0.214202880859375,0.2291259765625,0.2600059509277344,0.33251495361328126,0.43084716796875,0.2491243150499132,0.05263348273198778
split,validation,mean_slope_degrees,54,5.121443271636963,10.66587018966675,20.41059637069702,24.39520835876465,29.874328136444092,35.11036491394043,40.15520095825195,24.069242874781292,8.946402409830865
split,validation,distance_to_positive_m,54,0.0,0.0,18.375,269.86501509373926,530.3875028466912,932.9476009376032,1302.7541018933696,363.5587264772901,359.04278166936814
split,validation,boundary_pixel_fraction,54,0.0,0.0,0.0,0.0,0.0010643005371075,0.004878234863283005,0.0109405517578,0.0012647840711801851,0.002647232010709139
split,validation,boundary_of_positive_fraction,54,0.0,0.0,0.0,0.0,0.013230970271175,0.05420807620721003,0.146318732526,0.014999009100981483,0.03233288145441846
split+category,train,positive_fraction,241,0.0,0.0,0.0,0.0,0.0,0.0,0.0,0.0,0.0
split+category,train,ignore_fraction,241,0.0,0.0,0.0,0.0,0.0,0.0,0.0,0.0,0.0
split+category,train,ground_fraction,241,0.200286865234375,0.2108612060546875,0.226043701171875,0.2606353759765625,0.2974090576171875,0.3380279541015625,0.41741943359375,0.26822070363151584,0.049308575887923964
split+category,train,mean_slope_degrees,241,1.7838722467422485,12.049221992492676,18.798439025878906,28.603761672973633,35.610679626464844,38.460514068603516,43.53438949584961,26.662099603300767,10.343530752584622
split+category,train,distance_to_positive_m,201,50.93378053904894,96.0,174.7741399635541,287.11191197858716,505.5,741.9437310200822,1351.4001072961332,368.08207857012775,269.17505512429256
split+category,train,boundary_pixel_fraction,241,0.0,0.0,0.0,0.0,0.0,0.0,0.0,0.0,0.0
split+category,train,boundary_of_positive_fraction,241,0.0,0.0,0.0,0.0,0.0,0.0,0.0,0.0,0.0
split+category,train,positive_fraction,42,0.010009765625,0.01564025878905,0.024677276611325,0.042991638183599995,0.058467864990274995,0.08546752929685,0.0931549072266,0.04513150169735953,0.02468644692737434
split+category,train,ignore_fraction,42,0.0455474853516,0.060649108886760006,0.075946807861325,0.0894775390625,0.13209152221700002,0.9283416748047996,0.983810424805,0.21370333716987147,0.2938608032016865
split+category,train,ground_fraction,42,0.2076873779296875,0.2090423583984375,0.21729278564453125,0.2368011474609375,0.2616462707519531,0.28919219970703125,0.30517578125,0.24231138683500744,0.02965267184770003
split+category,train,mean_slope_degrees,42,10.21092414855957,13.112643241882324,19.21140480041504,24.52661895751953,28.498103618621826,32.51643371582031,36.0598258972168,24.00415238879976,6.9162215917414125
split+category,train,distance_to_positive_m,42,0.0,0.0,0.0,0.0,0.0,0.0,0.0,0.0,0.0
split+category,train,boundary_pixel_fraction,42,0.0010986328125,0.001440429687504,0.0019149780273449999,0.00257873535156,0.0030136108398475,0.0037033081054689996,0.00473022460938,0.002587817964099762,0.0008782254180958421
split+category,train,boundary_of_positive_fraction,42,0.0307033202428,0.036214401472319996,0.0471920956675,0.0670178686603,0.08419309126760001,0.10849044997387998,0.173359451518,0.07049109171016191,0.030827329477143478
split+category,train,positive_fraction,230,0.101440429688,0.1811416625973,0.30603027343725,0.544662475586,0.83043670654275,0.9478027343754001,1.0,0.5539022031037478,0.2857528135488963
split+category,train,ignore_fraction,230,0.0,0.05187377929687001,0.105937957764,0.1357192993165,0.155395507812,0.32358703613309986,0.829376220703,0.16869924794075256,0.15345163889518892
split+category,train,ground_fraction,230,0.2000885009765625,0.2081634521484375,0.21820068359375,0.2417755126953125,0.2671623229980469,0.28749237060546873,0.3447723388671875,0.24509151292883832,0.030718611093820777
split+category,train,mean_slope_degrees,230,9.591263771057129,14.259733772277832,18.773212432861328,22.797035217285156,28.635892391204834,32.621743774414064,40.699806213378906,23.63560790186343,6.7196166600751255
split+category,train,distance_to_positive_m,230,0.0,0.0,0.0,0.0,0.0,0.0,0.0,0.0,0.0
split+category,train,boundary_pixel_fraction,230,0.0,0.0028076171875,0.00433349609375,0.0049819946289100005,0.0060043334960899995,0.0067459106445289995,0.0115966796875,0.004990287449048882,0.0019528537969381655
split+category,train,boundary_of_positive_fraction,230,0.0,0.003031168054121,0.0063741121560725,0.0108701603852,0.0191052118862,0.02920661278582999,0.0559566787004,0.013845761722959284,0.010840487267223878
split+category,validation,positive_fraction,40,0.0,0.0,0.0,0.0,0.0,0.0,0.0,0.0,0.0
split+category,validation,ignore_fraction,40,0.0,0.0,0.0,0.0,0.0,0.0,0.0,0.0,0.0
split+category,validation,ground_fraction,40,0.2002105712890625,0.2104278564453125,0.21435546875,0.22818756103515625,0.2615165710449219,0.3432373046875,0.43084716796875,0.25258445739746094,0.05819472678845989
split+category,validation,mean_slope_degrees,40,5.121443271636963,6.924780559539795,20.042940616607666,27.25925350189209,31.876710891723633,35.41101760864258,40.15520095825195,24.690760672092438,9.93153208776369
split+category,validation,distance_to_positive_m,40,73.5,165.04292641624008,243.28849039903844,364.17575131942056,629.7888620625231,1057.7327802146056,1302.7541018933696,490.80428074434167,334.0331690162362
split+category,validation,boundary_pixel_fraction,40,0.0,0.0,0.0,0.0,0.0,0.0,0.0,0.0,0.0
split+category,validation,boundary_of_positive_fraction,40,0.0,0.0,0.0,0.0,0.0,0.0,0.0,0.0,0.0
split+category,validation,positive_fraction,7,0.0113067626953,0.01434631347658,0.01882934570315,0.0284729003906,0.04021453857425,0.06488342285160001,0.0968170166016,0.03638349260604285,0.02679071652872142
split+category,validation,ignore_fraction,7,0.0686950683594,0.4592590332033601,0.751907348633,0.903182983398,0.9639663696284999,0.9783935546874,0.988693237305,0.7703312465121999,0.3013043568817942
split+category,validation,ground_fraction,7,0.208160400390625,0.21121826171875,0.2140655517578125,0.2411956787109375,0.269134521484375,0.2970947265625,0.309051513671875,0.24640110560825892,0.036527374262112236
split+category,validation,mean_slope_degrees,7,12.189247131347656,14.298547744750977,18.05610466003418,21.437726974487305,25.03918743133545,28.277474594116214,30.125259399414062,21.42040252685547,5.718723064767428
split+category,validation,distance_to_positive_m,7,0.0,0.0,0.0,0.0,0.0,0.0,0.0,0.0,0.0
split+category,validation,boundary_pixel_fraction,7,0.00141906738281,0.0018310546874960002,0.0021209716796850003,0.00236511230469,0.00244903564453,0.0028930664062500003,0.00347900390625,0.002343314034597143,0.0005696985290159123
split+category,validation,boundary_of_positive_fraction,7,0.0359338061466,0.04867343960862,0.0572846993634,0.083065380493,0.1129322479065,0.13383113673480002,0.146318732526,0.08653597338648573,0.03697032283380677
split+category,validation,positive_fraction,7,0.149261474609,0.1600738525388,0.17041015625,0.195983886719,0.375099182129,0.47125549316420007,0.547592163086,0.2834080287388572,0.14237804540760812
split+category,validation,ignore_fraction,7,0.104858398438,0.17160949707040002,0.2844314575195,0.579635620117,0.663513183594,0.7326965332032,0.832717895508,0.48758588518428575,0.24723093998406964
split+category,validation,ground_fraction,7,0.2123870849609375,0.213330078125,0.215087890625,0.2284088134765625,0.246307373046875,0.2531951904296875,0.2609405517578125,0.23207528250558035,0.017828611215236705
split+category,validation,mean_slope_degrees,7,16.53152847290039,19.818434143066405,22.105249404907227,24.331806182861328,24.369338035583496,25.96418609619141,28.353361129760742,23.1665529523577,3.326274718172579
split+category,validation,distance_to_positive_m,7,0.0,0.0,0.0,0.0,0.0,0.0,0.0,0.0,0.0
split+category,validation,boundary_pixel_fraction,7,0.00323486328125,0.004580688476564,0.006233215332029999,0.00741577148438,0.008918762207030001,0.010153198242184,0.0109405517578,0.007413591657364285,0.00237145944023451
split+category,validation,boundary_of_positive_fraction,7,0.0176412936949,0.01904414530978,0.020825919669700002,0.0291913397483,0.034202592151,0.040317212251500006,0.047305020663,0.02917066824965714,0.009690683455694148
split+coverage_class,train,positive_fraction,18,0.991012573242,0.9922683715824,0.997871398926,0.9998931884765,1.0,1.0,1.0,0.9979426066081112,0.00321707744356754
split+coverage_class,train,ignore_fraction,18,0.0,0.0,0.0,0.0001068115234375,0.0021286010742200003,0.007731628417967,0.00898742675781,0.0020573933919269447,0.003217077443681718
split+coverage_class,train,ground_fraction,18,0.207183837890625,0.2155487060546875,0.21941375732421875,0.231231689453125,0.2614555358886719,0.29712066650390623,0.3447723388671875,0.24664306640625,0.03606835370743031
split+coverage_class,train,mean_slope_degrees,18,11.722826957702637,13.870254802703858,17.925789833068848,19.13809585571289,21.621822357177734,24.38338088989258,33.997833251953125,19.719756444295246,5.057397274684418
split+coverage_class,train,distance_to_positive_m,18,0.0,0.0,0.0,0.0,0.0,0.0,0.0,0.0,0.0
split+coverage_class,train,boundary_pixel_fraction,18,0.0,0.0,0.0,8.3923339844e-05,0.000579833984375,0.001062011718749,0.00146484375,0.0003551907009546111,0.0004682900446927951
split+coverage_class,train,boundary_of_positive_fraction,18,0.0,0.0,0.0,8.3941271634e-05,0.0005811031628145,0.0010702886848859999,0.00147812832001,0.00035740554817200007,0.0004720755557522228
split+coverage_class,train,positive_fraction,42,0.010009765625,0.01564025878905,0.024677276611325,0.042991638183599995,0.058467864990274995,0.08546752929685,0.0931549072266,0.04513150169735953,0.02468644692737434
split+coverage_class,train,ignore_fraction,42,0.0455474853516,0.060649108886760006,0.075946807861325,0.0894775390625,0.13209152221700002,0.9283416748047996,0.983810424805,0.21370333716987147,0.2938608032016865
split+coverage_class,train,ground_fraction,42,0.2076873779296875,0.2090423583984375,0.21729278564453125,0.2368011474609375,0.2616462707519531,0.28919219970703125,0.30517578125,0.24231138683500744,0.02965267184770003
split+coverage_class,train,mean_slope_degrees,42,10.21092414855957,13.112643241882324,19.21140480041504,24.52661895751953,28.498103618621826,32.51643371582031,36.0598258972168,24.00415238879976,6.9162215917414125
split+coverage_class,train,distance_to_positive_m,42,0.0,0.0,0.0,0.0,0.0,0.0,0.0,0.0,0.0
split+coverage_class,train,boundary_pixel_fraction,42,0.0010986328125,0.001440429687504,0.0019149780273449999,0.00257873535156,0.0030136108398475,0.0037033081054689996,0.00473022460938,0.002587817964099762,0.0008782254180958421
split+coverage_class,train,boundary_of_positive_fraction,42,0.0307033202428,0.036214401472319996,0.0471920956675,0.0670178686603,0.08419309126760001,0.10849044997387998,0.173359451518,0.07049109171016191,0.030827329477143478
split+coverage_class,train,positive_fraction,190,0.101440429688,0.1639251708987,0.25236892700225,0.45071411132850003,0.6686973571775,0.8183380126952999,0.899459838867,0.467719148334679,0.23639080470217455
split+coverage_class,train,ignore_fraction,190,0.0710906982422,0.11170806884790001,0.13232421875025,0.14102935790999999,0.16954040527300002,0.3554183959957,0.829376220703,0.19690768593239105,0.15395771296368863
split+coverage_class,train,ground_fraction,190,0.2001495361328125,0.207684326171875,0.21792221069335938,0.24395751953125,0.2690391540527344,0.28749237060546873,0.322601318359375,0.24569236353824014,0.03078953729400454
split+coverage_class,train,mean_slope_degrees,190,9.591263771057129,14.589023017883301,19.890137195587158,24.023971557617188,29.24462080001831,33.07784194946289,40.699806213378906,24.171265632227847,6.709690524709771
split+coverage_class,train,distance_to_positive_m,190,0.0,0.0,0.0,0.0,0.0,0.0,0.0,0.0,0.0
split+coverage_class,train,boundary_pixel_fraction,190,0.00332641601562,0.0042724609375,0.00469970703125,0.005126953125,0.0061607360839849995,0.006909179687499999,0.0114593505859,0.005477423416940737,0.0012453245429869277
split+coverage_class,train,boundary_of_positive_fraction,190,0.00420732253155,0.0061974472015350005,0.0080414735296275,0.012724365153399999,0.021433469548475,0.031301887580559996,0.0559566787004,0.016158342035042208,0.01046614193024589
split+coverage_class,train,positive_fraction,22,0.905502319336,0.9081878662107999,0.91966247558575,0.9343338012694999,0.9473686218265001,0.9585418701168,0.977783203125,0.9349046186966817,0.020412336304571167
split+coverage_class,train,ignore_fraction,22,0.022216796875,0.04113464355466,0.0525245666504,0.06024932861325,0.07186126708985,0.0875152587891,0.0944976806641,0.06142425537109544,0.018997324274234926
split+coverage_class,train,ground_fraction,22,0.2000885009765625,0.21330413818359376,0.22216415405273438,0.23725128173828125,0.2568168640136719,0.2657928466796875,0.3007965087890625,0.23863289572975852,0.02380807897743622
split+coverage_class,train,mean_slope_degrees,22,12.304044723510742,14.113949394226074,17.27381134033203,21.68748378753662,27.665449142456055,30.769419097900393,37.95682144165039,22.213351423090156,6.728628837625101
split+coverage_class,train,distance_to_positive_m,22,0.0,0.0,0.0,0.0,0.0,0.0,0.0,0.0,0.0
split+coverage_class,train,boundary_pixel_fraction,22,0.00175476074219,0.0026107788085960003,0.002838134765625,0.00384521484375,0.00515747070312,0.009075927734380006,0.0115966796875,0.004575555974787273,0.0025490245900096926
split+coverage_class,train,boundary_of_positive_fraction,22,0.00179463171036,0.0027372480181100003,0.0030624352216425,0.0041604432778,0.0056356659359000005,0.009766969942703006,0.0123230587129,0.0049094049888872724,0.002732190886766238
split+coverage_class,train,positive_fraction,241,0.0,0.0,0.0,0.0,0.0,0.0,0.0,0.0,0.0
split+coverage_class,train,ignore_fraction,241,0.0,0.0,0.0,0.0,0.0,0.0,0.0,0.0,0.0
split+coverage_class,train,ground_fraction,241,0.200286865234375,0.2108612060546875,0.226043701171875,0.2606353759765625,0.2974090576171875,0.3380279541015625,0.41741943359375,0.26822070363151584,0.049308575887923964
split+coverage_class,train,mean_slope_degrees,241,1.7838722467422485,12.049221992492676,18.798439025878906,28.603761672973633,35.610679626464844,38.460514068603516,43.53438949584961,26.662099603300767,10.343530752584622
split+coverage_class,train,distance_to_positive_m,201,50.93378053904894,96.0,174.7741399635541,287.11191197858716,505.5,741.9437310200822,1351.4001072961332,368.08207857012775,269.17505512429256
split+coverage_class,train,boundary_pixel_fraction,241,0.0,0.0,0.0,0.0,0.0,0.0,0.0,0.0,0.0
split+coverage_class,train,boundary_of_positive_fraction,241,0.0,0.0,0.0,0.0,0.0,0.0,0.0,0.0,0.0
split+coverage_class,validation,positive_fraction,7,0.0113067626953,0.01434631347658,0.01882934570315,0.0284729003906,0.04021453857425,0.06488342285160001,0.0968170166016,0.03638349260604285,0.02679071652872142
split+coverage_class,validation,ignore_fraction,7,0.0686950683594,0.4592590332033601,0.751907348633,0.903182983398,0.9639663696284999,0.9783935546874,0.988693237305,0.7703312465121999,0.3013043568817942
split+coverage_class,validation,ground_fraction,7,0.208160400390625,0.21121826171875,0.2140655517578125,0.2411956787109375,0.269134521484375,0.2970947265625,0.309051513671875,0.24640110560825892,0.036527374262112236
split+coverage_class,validation,mean_slope_degrees,7,12.189247131347656,14.298547744750977,18.05610466003418,21.437726974487305,25.03918743133545,28.277474594116214,30.125259399414062,21.42040252685547,5.718723064767428
split+coverage_class,validation,distance_to_positive_m,7,0.0,0.0,0.0,0.0,0.0,0.0,0.0,0.0,0.0
split+coverage_class,validation,boundary_pixel_fraction,7,0.00141906738281,0.0018310546874960002,0.0021209716796850003,0.00236511230469,0.00244903564453,0.0028930664062500003,0.00347900390625,0.002343314034597143,0.0005696985290159123
split+coverage_class,validation,boundary_of_positive_fraction,7,0.0359338061466,0.04867343960862,0.0572846993634,0.083065380493,0.1129322479065,0.13383113673480002,0.146318732526,0.08653597338648573,0.03697032283380677
split+coverage_class,validation,positive_fraction,7,0.149261474609,0.1600738525388,0.17041015625,0.195983886719,0.375099182129,0.47125549316420007,0.547592163086,0.2834080287388572,0.14237804540760812
split+coverage_class,validation,ignore_fraction,7,0.104858398438,0.17160949707040002,0.2844314575195,0.579635620117,0.663513183594,0.7326965332032,0.832717895508,0.48758588518428575,0.24723093998406964
split+coverage_class,validation,ground_fraction,7,0.2123870849609375,0.213330078125,0.215087890625,0.2284088134765625,0.246307373046875,0.2531951904296875,0.2609405517578125,0.23207528250558035,0.017828611215236705
split+coverage_class,validation,mean_slope_degrees,7,16.53152847290039,19.818434143066405,22.105249404907227,24.331806182861328,24.369338035583496,25.96418609619141,28.353361129760742,23.1665529523577,3.326274718172579
split+coverage_class,validation,distance_to_positive_m,7,0.0,0.0,0.0,0.0,0.0,0.0,0.0,0.0,0.0
split+coverage_class,validation,boundary_pixel_fraction,7,0.00323486328125,0.004580688476564,0.006233215332029999,0.00741577148438,0.008918762207030001,0.010153198242184,0.0109405517578,0.007413591657364285,0.00237145944023451
split+coverage_class,validation,boundary_of_positive_fraction,7,0.0176412936949,0.01904414530978,0.020825919669700002,0.0291913397483,0.034202592151,0.040317212251500006,0.047305020663,0.02917066824965714,0.009690683455694148
split+coverage_class,validation,positive_fraction,40,0.0,0.0,0.0,0.0,0.0,0.0,0.0,0.0,0.0
split+coverage_class,validation,ignore_fraction,40,0.0,0.0,0.0,0.0,0.0,0.0,0.0,0.0,0.0
split+coverage_class,validation,ground_fraction,40,0.2002105712890625,0.2104278564453125,0.21435546875,0.22818756103515625,0.2615165710449219,0.3432373046875,0.43084716796875,0.25258445739746094,0.05819472678845989
split+coverage_class,validation,mean_slope_degrees,40,5.121443271636963,6.924780559539795,20.042940616607666,27.25925350189209,31.876710891723633,35.41101760864258,40.15520095825195,24.690760672092438,9.93153208776369
split+coverage_class,validation,distance_to_positive_m,40,73.5,165.04292641624008,243.28849039903844,364.17575131942056,629.7888620625231,1057.7327802146056,1302.7541018933696,490.80428074434167,334.0331690162362
split+coverage_class,validation,boundary_pixel_fraction,40,0.0,0.0,0.0,0.0,0.0,0.0,0.0,0.0,0.0
split+coverage_class,validation,boundary_of_positive_fraction,40,0.0,0.0,0.0,0.0,0.0,0.0,0.0,0.0,0.0
split+is_hard_negative,train,positive_fraction,288,0.0,0.029600524902330002,0.13912582397425,0.41450500488249997,0.72013473510725,0.9336959838865,1.0,0.44893413119844133,0.3302641162997113
split+is_hard_negative,train,ignore_fraction,288,0.0,0.002093505859376002,0.0819625854492,0.133186340332,0.15407562255825,0.3268707275393002,0.983810424805,0.1658901638455128,0.18239268451925794
split+is_hard_negative,train,ground_fraction,288,0.2000885009765625,0.2082489013671875,0.218475341796875,0.24172210693359375,0.2689704895019531,0.29182891845703124,0.3779296875,0.24712769190470377,0.03393267797013321
split+is_hard_negative,train,mean_slope_degrees,288,1.7838722467422485,12.570482730865479,17.958799839019775,22.65400791168213,28.16840648651123,32.53691139221191,40.699806213378906,22.643411128471296,7.867603353360282
split+is_hard_negative,train,distance_to_positive_m,288,0.0,0.0,0.0,0.0,0.0,0.0,1119.6794184051075,30.92910791408525,140.28260974240132
split+is_hard_negative,train,boundary_pixel_fraction,288,0.0,0.0005676269531250007,0.0030136108398475,0.004722595214845001,0.0056800842285150005,0.006626892089841,0.0115966796875,0.004362689124213308,0.002233705463671203
split+is_hard_negative,train,boundary_of_positive_fraction,288,0.0,0.0005688539628470007,0.0063216140201475,0.012314876068750001,0.02630938353515,0.05247909157853001,0.173359451518,0.02133733002815082,0.025591010349212524
split+is_hard_negative,train,positive_fraction,225,0.0,0.0,0.0,0.0,0.0,0.0,0.0,0.0,0.0
split+is_hard_negative,train,ignore_fraction,225,0.0,0.0,0.0,0.0,0.0,0.0,0.0,0.0,0.0
split+is_hard_negative,train,ground_fraction,225,0.200286865234375,0.2110748291015625,0.2246856689453125,0.258636474609375,0.2960357666015625,0.3373992919921875,0.41741943359375,0.2667401801215278,0.048575835206348575
split+is_hard_negative,train,mean_slope_degrees,225,8.517353057861328,15.517966842651367,20.944992065429688,29.429153442382812,35.989349365234375,38.52493896484375,43.53438949584961,28.21612363179525,8.834397408877503
split+is_hard_negative,train,distance_to_positive_m,185,50.93378053904894,95.67564927611035,172.65645079173845,267.0,453.5981150754487,700.6095421340249,1351.4001072961332,351.76710655858994,264.6857469439742
split+is_hard_negative,train,boundary_pixel_fraction,225,0.0,0.0,0.0,0.0,0.0,0.0,0.0,0.0,0.0
split+is_hard_negative,train,boundary_of_positive_fraction,225,0.0,0.0,0.0,0.0,0.0,0.0,0.0,0.0,0.0
split+is_hard_negative,validation,positive_fraction,19,0.0,0.0,0.00565338134765,0.0368347167969,0.17041015625,0.34794006347659995,0.547592163086,0.11781792891654211,0.15469692169376675
split+is_hard_negative,validation,ignore_fraction,19,0.0,0.0,0.0343475341797,0.579635620117,0.808448791504,0.9594299316402,0.988693237305,0.4634431537829157,0.3839265394810876
split+is_hard_negative,validation,ground_fraction,19,0.208160400390625,0.2130828857421875,0.215545654296875,0.2445831298828125,0.28917694091796875,0.3288055419921875,0.3640289306640625,0.2578558670847039,0.046839332464418515
split+is_hard_negative,validation,mean_slope_degrees,19,5.121443271636963,5.676201343536377,9.58414101600647,21.437726974487305,24.349539756774902,27.307166671752928,30.125259399414062,17.988351746609336,8.288874427260865
split+is_hard_negative,validation,distance_to_positive_m,19,0.0,0.0,0.0,0.0,111.75,234.17928672482668,326.53522015243624,65.9194615256899,112.11181384086784
split+is_hard_negative,validation,boundary_pixel_fraction,19,0.0,0.0,0.000709533691405,0.00239562988281,0.006233215332029999,0.008493041992184,0.0109405517578,0.0035946494654594736,0.0033973463073685003
split+is_hard_negative,validation,boundary_of_positive_fraction,19,0.0,0.0,0.00882064684745,0.0327465109915,0.0572846993634,0.10538795292599999,0.146318732526,0.04262876270805263,0.04234805659873129
split+is_hard_negative,validation,positive_fraction,35,0.0,0.0,0.0,0.0,0.0,0.0,0.0,0.0,0.0
split+is_hard_negative,validation,ignore_fraction,35,0.0,0.0,0.0,0.0,0.0,0.0,0.0,0.0,0.0
split+is_hard_negative,validation,ground_fraction,35,0.2002105712890625,0.2102447509765625,0.21369171142578125,0.222412109375,0.24892425537109375,0.3096099853515626,0.43084716796875,0.24438432965959822,0.05494824833398876
split+is_hard_negative,validation,mean_slope_degrees,35,10.08565902709961,18.218835067749023,21.65109157562256,28.598922729492188,33.22161102294922,35.85206909179688,40.15520095825195,27.370298058646068,7.431003843580253
split+is_hard_negative,validation,distance_to_positive_m,35,73.5,161.68574507388448,269.86501509373926,462.7591166038763,687.5796495817128,1099.9496692613034,1302.7541018933696,525.134327451016,343.3238198485888
split+is_hard_negative,validation,boundary_pixel_fraction,35,0.0,0.0,0.0,0.0,0.0,0.0,0.0,0.0,0.0
split+is_hard_negative,validation,boundary_of_positive_fraction,35,0.0,0.0,0.0,0.0,0.0,0.0,0.0,0.0,0.0
