tile_name,reason
USGS_LPC_OR_WesternWildfires_A22_s04350w14040.laz,explicit_exclusion:dropped_split_buffer: footprint is 317.354 m from a differently assigned block (required > 500.000 m)
USGS_LPC_OR_WesternWildfires_A22_s04350w14070.laz,within_500m_of_frozen_validation
USGS_LPC_OR_WesternWildfires_A22_s04350w14100.laz,within_500m_of_frozen_validation
USGS_LPC_OR_WesternWildfires_A22_s04380w13950.laz,explicit_exclusion:RuntimeError: No ASPRS class-2 ground points in USGS_LPC_OR_WesternWildfires_A22_s04380w13950.laz
USGS_LPC_OR_WesternWildfires_A22_s04380w14040.laz,explicit_exclusion:dropped_split_buffer: footprint is 0.000 m from a differently assigned block (required > 500.000 m)
USGS_LPC_OR_WesternWildfires_A22_s04380w14070.laz,within_500m_of_frozen_validation
USGS_LPC_OR_WesternWildfires_A22_s04380w14100.laz,frozen_validation_tile
USGS_LPC_OR_WesternWildfires_A22_s04410w14040.laz,explicit_exclusion:dropped_split_buffer: footprint is 0.000 m from a differently assigned block (required > 500.000 m)
USGS_LPC_OR_WesternWildfires_A22_s04410w14070.laz,within_500m_of_frozen_validation
USGS_LPC_OR_WesternWildfires_A22_s04410w14100.laz,within_500m_of_frozen_validation
USGS_LPC_OR_WesternWildfires_A22_s04410w14130.laz,frozen_validation_tile
USGS_LPC_OR_WesternWildfires_A22_s04410w14160.laz,within_500m_of_frozen_validation
USGS_LPC_OR_WesternWildfires_A22_s04440w14100.laz,within_500m_of_frozen_validation
USGS_LPC_OR_WesternWildfires_A22_s04440w14130.laz,within_500m_of_frozen_validation
USGS_LPC_OR_WesternWildfires_A22_s04440w14160.laz,within_500m_of_frozen_validation
USGS_LPC_OR_WesternWildfires_A22_s04440w14190.laz,explicit_exclusion:dropped_split_buffer: footprint is 399.973 m from a differently assigned block (required > 500.000 m)
USGS_LPC_OR_WesternWildfires_A22_s04500w13920.laz,low_or_unknown_slido_overlap_only
USGS_LPC_OR_WesternWildfires_A22_s04530w13980.laz,low_or_unknown_slido_overlap_only
USGS_LPC_OR_WesternWildfires_A22_s04530w14250.laz,low_or_unknown_slido_overlap_only
USGS_LPC_OR_WesternWildfires_A22_s04560w14250.laz,low_or_unknown_slido_overlap_only
USGS_LPC_OR_WesternWildfires_A22_s04560w14280.laz,low_or_unknown_slido_overlap_only
USGS_LPC_OR_WesternWildfires_A22_s04560w14400.laz,already_in_frozen_train
USGS_LPC_OR_WesternWildfires_A22_s04590w14130.laz,low_or_unknown_slido_overlap_only
USGS_LPC_OR_WesternWildfires_A22_s04590w14160.laz,low_or_unknown_slido_overlap_only
USGS_LPC_OR_WesternWildfires_A22_s04590w14220.laz,low_or_unknown_slido_overlap_only
USGS_LPC_OR_WesternWildfires_A22_s04590w14250.laz,low_or_unknown_slido_overlap_only
USGS_LPC_OR_WesternWildfires_A22_s04590w14280.laz,low_or_unknown_slido_overlap_only
USGS_LPC_OR_WesternWildfires_A22_s04590w14400.laz,low_or_unknown_slido_overlap_only
USGS_LPC_OR_WesternWildfires_A22_s04620w13770.laz,already_in_frozen_train
USGS_LPC_OR_WesternWildfires_A22_s04620w13800.laz,low_or_unknown_slido_overlap_only
USGS_LPC_OR_WesternWildfires_A22_s04620w14130.laz,low_or_unknown_slido_overlap_only
USGS_LPC_OR_WesternWildfires_A22_s04620w14160.laz,low_or_unknown_slido_overlap_only
USGS_LPC_OR_WesternWildfires_A22_s04650w13830.laz,low_or_unknown_slido_overlap_only
USGS_LPC_OR_WesternWildfires_A22_s04650w14250.laz,low_or_unknown_slido_overlap_only
USGS_LPC_OR_WesternWildfires_A22_s04680w13320.laz,low_or_unknown_slido_overlap_only
USGS_LPC_OR_WesternWildfires_A22_s04680w13380.laz,already_in_frozen_train
USGS_LPC_OR_WesternWildfires_A22_s04680w14220.laz,low_or_unknown_slido_overlap_only
USGS_LPC_OR_WesternWildfires_A22_s04680w14250.laz,low_or_unknown_slido_overlap_only
USGS_LPC_OR_WesternWildfires_A22_s04680w14280.laz,low_or_unknown_slido_overlap_only
USGS_LPC_OR_WesternWildfires_A22_s04680w14490.laz,within_500m_of_frozen_validation
USGS_LPC_OR_WesternWildfires_A22_s04680w14520.laz,within_500m_of_frozen_validation
USGS_LPC_OR_WesternWildfires_A22_s04680w14550.laz,within_500m_of_frozen_validation
USGS_LPC_OR_WesternWildfires_A22_s04710w13800.laz,low_or_unknown_slido_overlap_only
USGS_LPC_OR_WesternWildfires_A22_s04710w14070.laz,low_or_unknown_slido_overlap_only
USGS_LPC_OR_WesternWildfires_A22_s04710w14100.laz,low_or_unknown_slido_overlap_only
USGS_LPC_OR_WesternWildfires_A22_s04710w14190.laz,low_or_unknown_slido_overlap_only
USGS_LPC_OR_WesternWildfires_A22_s04710w14490.laz,within_500m_of_frozen_validation
USGS_LPC_OR_WesternWildfires_A22_s04710w14520.laz,frozen_validation_tile
USGS_LPC_OR_WesternWildfires_A22_s04710w14550.laz,within_500m_of_frozen_validation
USGS_LPC_OR_WesternWildfires_A22_s04740w13410.laz,low_or_unknown_slido_overlap_only
USGS_LPC_OR_WesternWildfires_A22_s04740w13440.laz,low_or_unknown_slido_overlap_only
USGS_LPC_OR_WesternWildfires_A22_s04740w13800.laz,low_or_unknown_slido_overlap_only
USGS_LPC_OR_WesternWildfires_A22_s04740w14040.laz,low_or_unknown_slido_overlap_only
USGS_LPC_OR_WesternWildfires_A22_s04740w14070.laz,low_or_unknown_slido_overlap_only
USGS_LPC_OR_WesternWildfires_A22_s04740w14490.laz,within_500m_of_frozen_validation
USGS_LPC_OR_WesternWildfires_A22_s04740w14520.laz,within_500m_of_frozen_validation
USGS_LPC_OR_WesternWildfires_A22_s04740w14550.laz,within_500m_of_frozen_validation
USGS_LPC_OR_WesternWildfires_A22_s04770w13290.laz,low_or_unknown_slido_overlap_only
USGS_LPC_OR_WesternWildfires_A22_s04770w13320.laz,low_or_unknown_slido_overlap_only
USGS_LPC_OR_WesternWildfires_A22_s04770w13410.laz,low_or_unknown_slido_overlap_only
USGS_LPC_OR_WesternWildfires_A22_s04770w13440.laz,low_or_unknown_slido_overlap_only
USGS_LPC_OR_WesternWildfires_A22_s04770w14040.laz,low_or_unknown_slido_overlap_only
USGS_LPC_OR_WesternWildfires_A22_s04770w14070.laz,low_or_unknown_slido_overlap_only
USGS_LPC_OR_WesternWildfires_A22_s04770w14130.laz,already_in_frozen_train
USGS_LPC_OR_WesternWildfires_A22_s04770w14550.laz,low_or_unknown_slido_overlap_only
USGS_LPC_OR_WesternWildfires_A22_s04800w13290.laz,low_or_unknown_slido_overlap_only
USGS_LPC_OR_WesternWildfires_A22_s04800w13320.laz,low_or_unknown_slido_overlap_only
USGS_LPC_OR_WesternWildfires_A22_s04800w13380.laz,low_or_unknown_slido_overlap_only
USGS_LPC_OR_WesternWildfires_A22_s04800w13410.laz,low_or_unknown_slido_overlap_only
USGS_LPC_OR_WesternWildfires_A22_s04800w13440.laz,low_or_unknown_slido_overlap_only
USGS_LPC_OR_WesternWildfires_A22_s04830w13260.laz,low_or_unknown_slido_overlap_only
USGS_LPC_OR_WesternWildfires_A22_s04830w13290.laz,low_or_unknown_slido_overlap_only
USGS_LPC_OR_WesternWildfires_A22_s04830w13380.laz,low_or_unknown_slido_overlap_only
USGS_LPC_OR_WesternWildfires_A22_s04830w13410.laz,low_or_unknown_slido_overlap_only
USGS_LPC_OR_WesternWildfires_A22_s04830w13440.laz,low_or_unknown_slido_overlap_only
USGS_LPC_OR_WesternWildfires_A22_s04860w13260.laz,low_or_unknown_slido_overlap_only
USGS_LPC_OR_WesternWildfires_A22_s04860w13290.laz,low_or_unknown_slido_overlap_only
USGS_LPC_OR_WesternWildfires_A22_s04860w13350.laz,low_or_unknown_slido_overlap_only
USGS_LPC_OR_WesternWildfires_A22_s04860w13380.laz,low_or_unknown_slido_overlap_only
USGS_LPC_OR_WesternWildfires_A22_s04860w13860.laz,low_or_unknown_slido_overlap_only
USGS_LPC_OR_WesternWildfires_A22_s04860w13980.laz,low_or_unknown_slido_overlap_only
USGS_LPC_OR_WesternWildfires_A22_s04860w14010.laz,low_or_unknown_slido_overlap_only
USGS_LPC_OR_WesternWildfires_A22_s04890w13260.laz,low_or_unknown_slido_overlap_only
USGS_LPC_OR_WesternWildfires_A22_s04890w13380.laz,low_or_unknown_slido_overlap_only
USGS_LPC_OR_WesternWildfires_A22_s04890w13770.laz,explicit_exclusion:dropped_split_buffer: footprint is 0.000 m from a differently assigned block (required > 500.000 m)
USGS_LPC_OR_WesternWildfires_A22_s04890w13980.laz,low_or_unknown_slido_overlap_only
USGS_LPC_OR_WesternWildfires_A22_s04890w14010.laz,low_or_unknown_slido_overlap_only
USGS_LPC_OR_WesternWildfires_A22_s04920w13410.laz,low_or_unknown_slido_overlap_only
USGS_LPC_OR_WesternWildfires_A22_s04920w13440.laz,low_or_unknown_slido_overlap_only
USGS_LPC_OR_WesternWildfires_A22_s04950w13260.laz,already_in_frozen_train
USGS_LPC_OR_WesternWildfires_A22_s04950w13290.laz,low_or_unknown_slido_overlap_only
USGS_LPC_OR_WesternWildfires_A22_s04950w13410.laz,low_or_unknown_slido_overlap_only
USGS_LPC_OR_WesternWildfires_A22_s04950w13440.laz,low_or_unknown_slido_overlap_only
USGS_LPC_OR_WesternWildfires_A22_s04980w13260.laz,low_or_unknown_slido_overlap_only
USGS_LPC_OR_WesternWildfires_A22_s04980w13290.laz,low_or_unknown_slido_overlap_only
USGS_LPC_OR_WesternWildfires_A22_s04980w13470.laz,low_or_unknown_slido_overlap_only
USGS_LPC_OR_WesternWildfires_A22_s04980w13530.laz,low_or_unknown_slido_overlap_only
USGS_LPC_OR_WesternWildfires_A22_s04980w13560.laz,low_or_unknown_slido_overlap_only
USGS_LPC_OR_WesternWildfires_A22_s04980w13950.laz,low_or_unknown_slido_overlap_only
USGS_LPC_OR_WesternWildfires_A22_s04980w14280.laz,already_in_frozen_train
USGS_LPC_OR_WesternWildfires_A22_s04980w14370.laz,low_or_unknown_slido_overlap_only
USGS_LPC_OR_WesternWildfires_A22_s04980w14400.laz,low_or_unknown_slido_overlap_only
USGS_LPC_OR_WesternWildfires_A22_s05010w13350.laz,low_or_unknown_slido_overlap_only
USGS_LPC_OR_WesternWildfires_A22_s05010w13440.laz,low_or_unknown_slido_overlap_only
USGS_LPC_OR_WesternWildfires_A22_s05010w13470.laz,low_or_unknown_slido_overlap_only
USGS_LPC_OR_WesternWildfires_A22_s05010w13500.laz,low_or_unknown_slido_overlap_only
USGS_LPC_OR_WesternWildfires_A22_s05010w13560.laz,low_or_unknown_slido_overlap_only
USGS_LPC_OR_WesternWildfires_A22_s05010w13950.laz,low_or_unknown_slido_overlap_only
USGS_LPC_OR_WesternWildfires_A22_s05010w13980.laz,low_or_unknown_slido_overlap_only
USGS_LPC_OR_WesternWildfires_A22_s05010w14430.laz,low_or_unknown_slido_overlap_only
USGS_LPC_OR_WesternWildfires_A22_s05010w14460.laz,low_or_unknown_slido_overlap_only
USGS_LPC_OR_WesternWildfires_A22_s05040w13260.laz,low_or_unknown_slido_overlap_only
USGS_LPC_OR_WesternWildfires_A22_s05040w13350.laz,low_or_unknown_slido_overlap_only
USGS_LPC_OR_WesternWildfires_A22_s05040w13380.laz,low_or_unknown_slido_overlap_only
USGS_LPC_OR_WesternWildfires_A22_s05040w13410.laz,low_or_unknown_slido_overlap_only
USGS_LPC_OR_WesternWildfires_A22_s05040w13470.laz,low_or_unknown_slido_overlap_only
USGS_LPC_OR_WesternWildfires_A22_s05040w13500.laz,low_or_unknown_slido_overlap_only
USGS_LPC_OR_WesternWildfires_A22_s05040w13530.laz,low_or_unknown_slido_overlap_only
USGS_LPC_OR_WesternWildfires_A22_s05040w13590.laz,low_or_unknown_slido_overlap_only
USGS_LPC_OR_WesternWildfires_A22_s05040w13830.laz,already_in_frozen_train
USGS_LPC_OR_WesternWildfires_A22_s05040w13860.laz,low_or_unknown_slido_overlap_only
USGS_LPC_OR_WesternWildfires_A22_s05040w13890.laz,low_or_unknown_slido_overlap_only
USGS_LPC_OR_WesternWildfires_A22_s05040w13920.laz,low_or_unknown_slido_overlap_only
USGS_LPC_OR_WesternWildfires_A22_s05040w13950.laz,low_or_unknown_slido_overlap_only
USGS_LPC_OR_WesternWildfires_A22_s05040w13980.laz,low_or_unknown_slido_overlap_only
USGS_LPC_OR_WesternWildfires_A22_s05040w14160.laz,low_or_unknown_slido_overlap_only
USGS_LPC_OR_WesternWildfires_A22_s05040w14190.laz,low_or_unknown_slido_overlap_only
USGS_LPC_OR_WesternWildfires_A22_s05040w14310.laz,low_or_unknown_slido_overlap_only
USGS_LPC_OR_WesternWildfires_A22_s05040w14340.laz,low_or_unknown_slido_overlap_only
USGS_LPC_OR_WesternWildfires_A22_s05040w14430.laz,low_or_unknown_slido_overlap_only
USGS_LPC_OR_WesternWildfires_A22_s05040w14460.laz,low_or_unknown_slido_overlap_only
USGS_LPC_OR_WesternWildfires_A22_s05070w13260.laz,low_or_unknown_slido_overlap_only
USGS_LPC_OR_WesternWildfires_A22_s05070w13350.laz,low_or_unknown_slido_overlap_only
USGS_LPC_OR_WesternWildfires_A22_s05070w13380.laz,low_or_unknown_slido_overlap_only
USGS_LPC_OR_WesternWildfires_A22_s05070w13410.laz,low_or_unknown_slido_overlap_only
USGS_LPC_OR_WesternWildfires_A22_s05070w13470.laz,low_or_unknown_slido_overlap_only
USGS_LPC_OR_WesternWildfires_A22_s05070w13500.laz,low_or_unknown_slido_overlap_only
USGS_LPC_OR_WesternWildfires_A22_s05070w13590.laz,low_or_unknown_slido_overlap_only
USGS_LPC_OR_WesternWildfires_A22_s05070w13740.laz,low_or_unknown_slido_overlap_only
USGS_LPC_OR_WesternWildfires_A22_s05070w13830.laz,already_in_frozen_train
USGS_LPC_OR_WesternWildfires_A22_s05070w13890.laz,low_or_unknown_slido_overlap_only
USGS_LPC_OR_WesternWildfires_A22_s05070w13920.laz,low_or_unknown_slido_overlap_only
USGS_LPC_OR_WesternWildfires_A22_s05070w13950.laz,low_or_unknown_slido_overlap_only
USGS_LPC_OR_WesternWildfires_A22_s05070w13980.laz,low_or_unknown_slido_overlap_only
USGS_LPC_OR_WesternWildfires_A22_s05070w14040.laz,low_or_unknown_slido_overlap_only
USGS_LPC_OR_WesternWildfires_A22_s05070w14070.laz,low_or_unknown_slido_overlap_only
USGS_LPC_OR_WesternWildfires_A22_s05070w14130.laz,low_or_unknown_slido_overlap_only
USGS_LPC_OR_WesternWildfires_A22_s05070w14160.laz,low_or_unknown_slido_overlap_only
USGS_LPC_OR_WesternWildfires_A22_s05070w14190.laz,low_or_unknown_slido_overlap_only
USGS_LPC_OR_WesternWildfires_A22_s05070w14310.laz,low_or_unknown_slido_overlap_only
USGS_LPC_OR_WesternWildfires_A22_s05070w14340.laz,low_or_unknown_slido_overlap_only
USGS_LPC_OR_WesternWildfires_A22_s05070w14550.laz,already_in_frozen_train
USGS_LPC_OR_WesternWildfires_A22_s05100w13260.laz,low_or_unknown_slido_overlap_only
USGS_LPC_OR_WesternWildfires_A22_s05100w13290.laz,low_or_unknown_slido_overlap_only
USGS_LPC_OR_WesternWildfires_A22_s05100w13320.laz,low_or_unknown_slido_overlap_only
USGS_LPC_OR_WesternWildfires_A22_s05100w13350.laz,low_or_unknown_slido_overlap_only
USGS_LPC_OR_WesternWildfires_A22_s05100w13380.laz,low_or_unknown_slido_overlap_only
USGS_LPC_OR_WesternWildfires_A22_s05100w13440.laz,low_or_unknown_slido_overlap_only
USGS_LPC_OR_WesternWildfires_A22_s05100w13470.laz,low_or_unknown_slido_overlap_only
USGS_LPC_OR_WesternWildfires_A22_s05100w13500.laz,low_or_unknown_slido_overlap_only
USGS_LPC_OR_WesternWildfires_A22_s05100w13680.laz,already_in_frozen_train
USGS_LPC_OR_WesternWildfires_A22_s05100w13950.laz,low_or_unknown_slido_overlap_only
USGS_LPC_OR_WesternWildfires_A22_s05100w14040.laz,low_or_unknown_slido_overlap_only
USGS_LPC_OR_WesternWildfires_A22_s05100w14070.laz,low_or_unknown_slido_overlap_only
USGS_LPC_OR_WesternWildfires_A22_s05100w14130.laz,low_or_unknown_slido_overlap_only
USGS_LPC_OR_WesternWildfires_A22_s05100w14160.laz,low_or_unknown_slido_overlap_only
USGS_LPC_OR_WesternWildfires_A22_s05100w14370.laz,low_or_unknown_slido_overlap_only
USGS_LPC_OR_WesternWildfires_A22_s05100w14400.laz,low_or_unknown_slido_overlap_only
USGS_LPC_OR_WesternWildfires_A22_s05130w13260.laz,low_or_unknown_slido_overlap_only
USGS_LPC_OR_WesternWildfires_A22_s05130w13290.laz,low_or_unknown_slido_overlap_only
USGS_LPC_OR_WesternWildfires_A22_s05130w13350.laz,low_or_unknown_slido_overlap_only
USGS_LPC_OR_WesternWildfires_A22_s05130w13380.laz,low_or_unknown_slido_overlap_only
USGS_LPC_OR_WesternWildfires_A22_s05130w13410.laz,low_or_unknown_slido_overlap_only
USGS_LPC_OR_WesternWildfires_A22_s05130w13440.laz,low_or_unknown_slido_overlap_only
USGS_LPC_OR_WesternWildfires_A22_s05130w13470.laz,low_or_unknown_slido_overlap_only
USGS_LPC_OR_WesternWildfires_A22_s05130w13500.laz,low_or_unknown_slido_overlap_only
USGS_LPC_OR_WesternWildfires_A22_s05130w13650.laz,already_in_frozen_train
USGS_LPC_OR_WesternWildfires_A22_s05130w13710.laz,low_or_unknown_slido_overlap_only
USGS_LPC_OR_WesternWildfires_A22_s05130w14070.laz,already_in_frozen_train
USGS_LPC_OR_WesternWildfires_A22_s05130w14130.laz,low_or_unknown_slido_overlap_only
USGS_LPC_OR_WesternWildfires_A22_s05130w14160.laz,low_or_unknown_slido_overlap_only
USGS_LPC_OR_WesternWildfires_A22_s05130w14190.laz,low_or_unknown_slido_overlap_only
USGS_LPC_OR_WesternWildfires_A22_s05130w14370.laz,low_or_unknown_slido_overlap_only
USGS_LPC_OR_WesternWildfires_A22_s05130w14400.laz,low_or_unknown_slido_overlap_only
USGS_LPC_OR_WesternWildfires_A22_s05130w14430.laz,low_or_unknown_slido_overlap_only
USGS_LPC_OR_WesternWildfires_A22_s05130w14460.laz,low_or_unknown_slido_overlap_only
USGS_LPC_OR_WesternWildfires_A22_s05160w13260.laz,low_or_unknown_slido_overlap_only
USGS_LPC_OR_WesternWildfires_A22_s05160w13290.laz,low_or_unknown_slido_overlap_only
USGS_LPC_OR_WesternWildfires_A22_s05160w13410.laz,low_or_unknown_slido_overlap_only
USGS_LPC_OR_WesternWildfires_A22_s05160w13440.laz,low_or_unknown_slido_overlap_only
USGS_LPC_OR_WesternWildfires_A22_s05160w13470.laz,low_or_unknown_slido_overlap_only
USGS_LPC_OR_WesternWildfires_A22_s05160w13500.laz,low_or_unknown_slido_overlap_only
USGS_LPC_OR_WesternWildfires_A22_s05160w13530.laz,already_in_frozen_train
USGS_LPC_OR_WesternWildfires_A22_s05160w13680.laz,low_or_unknown_slido_overlap_only
USGS_LPC_OR_WesternWildfires_A22_s05160w13710.laz,low_or_unknown_slido_overlap_only
USGS_LPC_OR_WesternWildfires_A22_s05160w13740.laz,low_or_unknown_slido_overlap_only
USGS_LPC_OR_WesternWildfires_A22_s05160w14100.laz,low_or_unknown_slido_overlap_only
USGS_LPC_OR_WesternWildfires_A22_s05160w14130.laz,low_or_unknown_slido_overlap_only
USGS_LPC_OR_WesternWildfires_A22_s05160w14160.laz,low_or_unknown_slido_overlap_only
USGS_LPC_OR_WesternWildfires_A22_s05160w14190.laz,low_or_unknown_slido_overlap_only
USGS_LPC_OR_WesternWildfires_A22_s05190w13260.laz,low_or_unknown_slido_overlap_only
USGS_LPC_OR_WesternWildfires_A22_s05190w13290.laz,low_or_unknown_slido_overlap_only
USGS_LPC_OR_WesternWildfires_A22_s05190w13380.laz,low_or_unknown_slido_overlap_only
USGS_LPC_OR_WesternWildfires_A22_s05190w13410.laz,low_or_unknown_slido_overlap_only
USGS_LPC_OR_WesternWildfires_A22_s05190w13470.laz,low_or_unknown_slido_overlap_only
USGS_LPC_OR_WesternWildfires_A22_s05190w13500.laz,low_or_unknown_slido_overlap_only
USGS_LPC_OR_WesternWildfires_A22_s05190w13620.laz,low_or_unknown_slido_overlap_only
USGS_LPC_OR_WesternWildfires_A22_s05190w13650.laz,low_or_unknown_slido_overlap_only
USGS_LPC_OR_WesternWildfires_A22_s05190w13680.laz,low_or_unknown_slido_overlap_only
USGS_LPC_OR_WesternWildfires_A22_s05190w13710.laz,low_or_unknown_slido_overlap_only
USGS_LPC_OR_WesternWildfires_A22_s05190w14100.laz,low_or_unknown_slido_overlap_only
USGS_LPC_OR_WesternWildfires_A22_s05190w14130.laz,low_or_unknown_slido_overlap_only
USGS_LPC_OR_WesternWildfires_A22_s05190w14160.laz,low_or_unknown_slido_overlap_only
USGS_LPC_OR_WesternWildfires_A22_s05190w14220.laz,low_or_unknown_slido_overlap_only
USGS_LPC_OR_WesternWildfires_A22_s05190w14250.laz,low_or_unknown_slido_overlap_only
USGS_LPC_OR_WesternWildfires_A22_s05220w13260.laz,low_or_unknown_slido_overlap_only
USGS_LPC_OR_WesternWildfires_A22_s05220w13290.laz,low_or_unknown_slido_overlap_only
USGS_LPC_OR_WesternWildfires_A22_s05220w13350.laz,low_or_unknown_slido_overlap_only
USGS_LPC_OR_WesternWildfires_A22_s05220w13380.laz,low_or_unknown_slido_overlap_only
USGS_LPC_OR_WesternWildfires_A22_s05220w13410.laz,low_or_unknown_slido_overlap_only
USGS_LPC_OR_WesternWildfires_A22_s05220w13470.laz,low_or_unknown_slido_overlap_only
USGS_LPC_OR_WesternWildfires_A22_s05220w13500.laz,low_or_unknown_slido_overlap_only
USGS_LPC_OR_WesternWildfires_A22_s05220w13530.laz,low_or_unknown_slido_overlap_only
USGS_LPC_OR_WesternWildfires_A22_s05220w13560.laz,low_or_unknown_slido_overlap_only
USGS_LPC_OR_WesternWildfires_A22_s05220w13620.laz,low_or_unknown_slido_overlap_only
USGS_LPC_OR_WesternWildfires_A22_s05220w13650.laz,low_or_unknown_slido_overlap_only
USGS_LPC_OR_WesternWildfires_A22_s05220w13680.laz,low_or_unknown_slido_overlap_only
USGS_LPC_OR_WesternWildfires_A22_s05220w13710.laz,low_or_unknown_slido_overlap_only
USGS_LPC_OR_WesternWildfires_A22_s05220w13740.laz,low_or_unknown_slido_overlap_only
USGS_LPC_OR_WesternWildfires_A22_s05220w13770.laz,low_or_unknown_slido_overlap_only
USGS_LPC_OR_WesternWildfires_A22_s05220w13950.laz,low_or_unknown_slido_overlap_only
USGS_LPC_OR_WesternWildfires_A22_s05220w13980.laz,low_or_unknown_slido_overlap_only
USGS_LPC_OR_WesternWildfires_A22_s05220w14130.laz,low_or_unknown_slido_overlap_only
USGS_LPC_OR_WesternWildfires_A22_s05220w14160.laz,low_or_unknown_slido_overlap_only
USGS_LPC_OR_WesternWildfires_A22_s05220w14220.laz,low_or_unknown_slido_overlap_only
USGS_LPC_OR_WesternWildfires_A22_s05220w14250.laz,low_or_unknown_slido_overlap_only
USGS_LPC_OR_WesternWildfires_A22_s05220w14430.laz,low_or_unknown_slido_overlap_only
USGS_LPC_OR_WesternWildfires_A22_s05250w13260.laz,low_or_unknown_slido_overlap_only
USGS_LPC_OR_WesternWildfires_A22_s05250w13290.laz,low_or_unknown_slido_overlap_only
USGS_LPC_OR_WesternWildfires_A22_s05250w13410.laz,low_or_unknown_slido_overlap_only
USGS_LPC_OR_WesternWildfires_A22_s05250w13440.laz,low_or_unknown_slido_overlap_only
USGS_LPC_OR_WesternWildfires_A22_s05250w13500.laz,low_or_unknown_slido_overlap_only
USGS_LPC_OR_WesternWildfires_A22_s05250w13530.laz,low_or_unknown_slido_overlap_only
USGS_LPC_OR_WesternWildfires_A22_s05250w13560.laz,low_or_unknown_slido_overlap_only
USGS_LPC_OR_WesternWildfires_A22_s05250w13590.laz,low_or_unknown_slido_overlap_only
USGS_LPC_OR_WesternWildfires_A22_s05250w13620.laz,low_or_unknown_slido_overlap_only
USGS_LPC_OR_WesternWildfires_A22_s05250w13650.laz,low_or_unknown_slido_overlap_only
USGS_LPC_OR_WesternWildfires_A22_s05250w13680.laz,low_or_unknown_slido_overlap_only
USGS_LPC_OR_WesternWildfires_A22_s05250w13710.laz,low_or_unknown_slido_overlap_only
USGS_LPC_OR_WesternWildfires_A22_s05250w13950.laz,low_or_unknown_slido_overlap_only
USGS_LPC_OR_WesternWildfires_A22_s05250w14190.laz,low_or_unknown_slido_overlap_only
USGS_LPC_OR_WesternWildfires_A22_s05250w14220.laz,low_or_unknown_slido_overlap_only
USGS_LPC_OR_WesternWildfires_A22_s05250w14250.laz,low_or_unknown_slido_overlap_only
USGS_LPC_OR_WesternWildfires_A22_s05250w14430.laz,low_or_unknown_slido_overlap_only
USGS_LPC_OR_WesternWildfires_A22_s05250w14460.laz,low_or_unknown_slido_overlap_only
USGS_LPC_OR_WesternWildfires_A22_s05280w13260.laz,low_or_unknown_slido_overlap_only
USGS_LPC_OR_WesternWildfires_A22_s05280w13290.laz,low_or_unknown_slido_overlap_only
USGS_LPC_OR_WesternWildfires_A22_s05280w13320.laz,low_or_unknown_slido_overlap_only
USGS_LPC_OR_WesternWildfires_A22_s05280w13350.laz,low_or_unknown_slido_overlap_only
USGS_LPC_OR_WesternWildfires_A22_s05280w13410.laz,low_or_unknown_slido_overlap_only
USGS_LPC_OR_WesternWildfires_A22_s05280w13440.laz,low_or_unknown_slido_overlap_only
USGS_LPC_OR_WesternWildfires_A22_s05280w13500.laz,low_or_unknown_slido_overlap_only
USGS_LPC_OR_WesternWildfires_A22_s05280w13530.laz,low_or_unknown_slido_overlap_only
USGS_LPC_OR_WesternWildfires_A22_s05280w13560.laz,low_or_unknown_slido_overlap_only
USGS_LPC_OR_WesternWildfires_A22_s05280w13590.laz,low_or_unknown_slido_overlap_only
USGS_LPC_OR_WesternWildfires_A22_s05280w13620.laz,low_or_unknown_slido_overlap_only
USGS_LPC_OR_WesternWildfires_A22_s05280w13650.laz,low_or_unknown_slido_overlap_only
USGS_LPC_OR_WesternWildfires_A22_s05280w13680.laz,low_or_unknown_slido_overlap_only
USGS_LPC_OR_WesternWildfires_A22_s05280w13710.laz,low_or_unknown_slido_overlap_only
USGS_LPC_OR_WesternWildfires_A22_s05280w13920.laz,low_or_unknown_slido_overlap_only
USGS_LPC_OR_WesternWildfires_A22_s05280w13950.laz,low_or_unknown_slido_overlap_only
USGS_LPC_OR_WesternWildfires_A22_s05280w14280.laz,low_or_unknown_slido_overlap_only
USGS_LPC_OR_WesternWildfires_A22_s05280w14310.laz,low_or_unknown_slido_overlap_only
USGS_LPC_OR_WesternWildfires_A22_s05310w13830.laz,low_or_unknown_slido_overlap_only
USGS_LPC_OR_WesternWildfires_A22_s05310w13860.laz,low_or_unknown_slido_overlap_only
USGS_LPC_OR_WesternWildfires_A22_s05310w13890.laz,low_or_unknown_slido_overlap_only
USGS_LPC_OR_WesternWildfires_A22_s05310w13920.laz,low_or_unknown_slido_overlap_only
USGS_LPC_OR_WesternWildfires_A22_s05310w14280.laz,low_or_unknown_slido_overlap_only
USGS_LPC_OR_WesternWildfires_A22_s05310w14310.laz,low_or_unknown_slido_overlap_only
