selection_rank,tile_name,selection_category,already_downloaded,size_bytes,size_gb,download_url,new_positive_polygon_count,positive_polygon_count,positive_feature_count,high_confidence_polygon_count,moderate_confidence_polygon_count,positive_intersection_m2,new_positive_intersection_m2,min_distance_to_existing_train_km,probe_accepted_patches_2m,probe_positive_patches_2m,probe_negative_patches_2m,probe_retained_polygon_count_2m,static_score,selection_reason,bbox_west,bbox_south,bbox_east,bbox_north
1,USGS_LPC_OR_WesternWildfires_A22_s05220w14040.laz,positive_diversity,False,166036314,0.166036,https://rockyweb.usgs.gov/vdelivery/Datasets/Staged/Elevation/LPC/Projects/OR_WesternWildfires_A22/OR_WWildfires_2_A22/LAZ/USGS_LPC_OR_WesternWildfires_A22_s05220w14040.laz,14,14,14,4,10,262508.311,262508.311,1.827,,,,,221.1318,positive_diversity; additional_new_polygons=14; selected_spatial_novelty_km=999.00; downloaded=no,-123.5865650008,45.5608965171,-123.5744213125,45.5694263682
2,USGS_LPC_OR_WesternWildfires_A22_s05160w14040.laz,positive_diversity,False,195360572,0.195361,https://rockyweb.usgs.gov/vdelivery/Datasets/Staged/Elevation/LPC/Projects/OR_WesternWildfires_A22/OR_WWildfires_2_A22/LAZ/USGS_LPC_OR_WesternWildfires_A22_s05160w14040.laz,12,14,14,5,9,311169.316,232247.942,0.0,,,,,196.6874,positive_diversity; additional_new_polygons=12; selected_spatial_novelty_km=1.83; downloaded=no,-123.6099749788,45.560275839,-123.5978282098,45.5688079488
3,USGS_LPC_OR_WesternWildfires_A22_s04410w13980.laz,positive_diversity,False,137817005,0.137817,https://rockyweb.usgs.gov/vdelivery/Datasets/Staged/Elevation/LPC/Projects/OR_WesternWildfires_A22/OR_WWildfires_2_A22/LAZ/USGS_LPC_OR_WesternWildfires_A22_s04410w13980.laz,10,10,10,4,6,61406.255,61406.255,7.706,,,,,165.6716,positive_diversity; additional_new_polygons=10; selected_spatial_novelty_km=22.92; downloaded=no,-123.9015856432,45.5356817251,-123.8894041437,45.5442419954
4,USGS_LPC_OR_WesternWildfires_A22_s04860w13710.laz,positive_diversity,False,216487368,0.216487,https://rockyweb.usgs.gov/vdelivery/Datasets/Staged/Elevation/LPC/Projects/OR_WesternWildfires_A22/OR_WWildfires_2_A22/LAZ/USGS_LPC_OR_WesternWildfires_A22_s04860w13710.laz,10,10,10,4,6,147221.42,147221.42,5.271,,,,,164.0258,positive_diversity; additional_new_polygons=10; selected_spatial_novelty_km=13.59; downloaded=no,-123.7219625315,45.4666717049,-123.7098201195,45.475215047
5,USGS_LPC_OR_WesternWildfires_A22_s05190w14070.laz,positive_diversity,False,178739708,0.17874,https://rockyweb.usgs.gov/vdelivery/Datasets/Staged/Elevation/LPC/Projects/OR_WesternWildfires_A22/OR_WWildfires_2_A22/LAZ/USGS_LPC_OR_WesternWildfires_A22_s05190w14070.laz,11,11,11,6,5,156909.401,156909.401,0.879,,,,,177.6936,positive_diversity; additional_new_polygons=9; selected_spatial_novelty_km=1.29; downloaded=no,-123.5987120258,45.5688079516,-123.5865650048,45.577338934
6,USGS_LPC_OR_WesternWildfires_A22_s04800w13650.laz,positive_diversity,False,161166153,0.161166,https://rockyweb.usgs.gov/vdelivery/Datasets/Staged/Elevation/LPC/Projects/OR_WesternWildfires_A22/OR_WWildfires_2_A22/LAZ/USGS_LPC_OR_WesternWildfires_A22_s04800w13650.laz,10,10,10,1,9,121691.524,121691.524,5.295,,,,,159.3733,positive_diversity; additional_new_polygons=10; selected_spatial_novelty_km=2.59; downloaded=no,-123.7444088584,45.4495816561,-123.7322669693,45.4581272372
7,USGS_LPC_OR_WesternWildfires_A22_s05220w14070.laz,positive_diversity,False,124805762,0.124806,https://rockyweb.usgs.gov/vdelivery/Datasets/Staged/Elevation/LPC/Projects/OR_WesternWildfires_A22/OR_WWildfires_2_A22/LAZ/USGS_LPC_OR_WesternWildfires_A22_s05220w14070.laz,11,11,11,5,6,90835.951,90835.951,1.792,,,,,176.6031,positive_diversity; additional_new_polygons=8; selected_spatial_novelty_km=0.91; downloaded=no,-123.5870053072,45.5691177474,-123.5748598273,45.5776476002
8,USGS_LPC_OR_WesternWildfires_A22_s05160w14070.laz,positive_diversity,True,176515682,0.176516,https://rockyweb.usgs.gov/vdelivery/Datasets/Staged/Elevation/LPC/Projects/OR_WesternWildfires_A22/OR_WWildfires_2_A22/LAZ/USGS_LPC_OR_WesternWildfires_A22_s05160w14070.laz,10,12,12,5,7,431031.391,128827.964,0.0,100,76,21,9,185.1307,positive_diversity; additional_new_polygons=5; selected_spatial_novelty_km=0.91; downloaded=yes,-123.6104186184,45.5684969837,-123.5982700568,45.5770290956
9,USGS_LPC_OR_WesternWildfires_A22_s05280w14100.laz,positive_diversity,False,157271433,0.157271,https://rockyweb.usgs.gov/vdelivery/Datasets/Staged/Elevation/LPC/Projects/OR_WesternWildfires_A22/OR_WWildfires_2_A22/LAZ/USGS_LPC_OR_WesternWildfires_A22_s05280w14100.laz,9,9,9,2,7,113658.741,113658.741,3.587,,,,,144.1024,positive_diversity; additional_new_polygons=9; selected_spatial_novelty_km=2.04; downloaded=no,-123.5640285914,45.577955097,-123.5518844038,45.5864826913
10,USGS_LPC_OR_WesternWildfires_A22_s05190w14040.laz,positive_diversity,False,187142780,0.187143,https://rockyweb.usgs.gov/vdelivery/Datasets/Staged/Elevation/LPC/Projects/OR_WesternWildfires_A22/OR_WWildfires_2_A22/LAZ/USGS_LPC_OR_WesternWildfires_A22_s05190w14040.laz,12,12,12,2,10,93828.945,93828.945,0.913,,,,,186.2535,positive_diversity; additional_new_polygons=4; selected_spatial_novelty_km=0.91; downloaded=no,-123.5982700528,45.560586764,-123.5861248239,45.5691177446
11,USGS_LPC_OR_WesternWildfires_A22_s04470w14190.laz,positive_diversity,False,132418689,0.132419,https://rockyweb.usgs.gov/vdelivery/Datasets/Staged/Elevation/LPC/Projects/OR_WesternWildfires_A22/OR_WWildfires_2_A22/LAZ/USGS_LPC_OR_WesternWildfires_A22_s04470w14190.laz,8,8,8,3,5,57848.202,57848.202,5.761,,,,,132.1753,positive_diversity; additional_new_polygons=8; selected_spatial_novelty_km=6.65; downloaded=no,-123.8815635595,45.593901315,-123.8693724979,45.602459374
12,USGS_LPC_OR_WesternWildfires_A22_s04710w13410.laz,positive_diversity,False,141018934,0.141019,https://rockyweb.usgs.gov/vdelivery/Datasets/Staged/Elevation/LPC/Projects/OR_WesternWildfires_A22/OR_WWildfires_2_A22/LAZ/USGS_LPC_OR_WesternWildfires_A22_s04710w13410.laz,8,8,8,3,5,44583.873,44583.873,0.0,,,,,126.1972,positive_diversity; additional_new_polygons=8; selected_spatial_novelty_km=7.81; downloaded=no,-123.7757229451,45.3828320588,-123.7635907906,45.391380956
13,USGS_LPC_OR_WesternWildfires_A22_s05160w13830.laz,positive_diversity,False,179547370,0.179547,https://rockyweb.usgs.gov/vdelivery/Datasets/Staged/Elevation/LPC/Projects/OR_WesternWildfires_A22/OR_WWildfires_2_A22/LAZ/USGS_LPC_OR_WesternWildfires_A22_s05160w13830.laz,8,8,8,2,6,141679.328,141679.328,1.792,,,,,127.5112,positive_diversity; additional_new_polygons=8; selected_spatial_novelty_km=6.40; downloaded=no,-123.6068730403,45.5027266966,-123.5947388043,45.5112587876
14,USGS_LPC_OR_WesternWildfires_A22_s05250w14130.laz,positive_diversity,False,137443876,0.137444,https://rockyweb.usgs.gov/vdelivery/Datasets/Staged/Elevation/LPC/Projects/OR_WesternWildfires_A22/OR_WWildfires_2_A22/LAZ/USGS_LPC_OR_WesternWildfires_A22_s05250w14130.laz,8,8,8,2,6,206527.535,206527.535,2.826,,,,,128.9012,positive_diversity; additional_new_polygons=8; selected_spatial_novelty_km=1.29; downloaded=no,-123.5761761179,45.5858687941,-123.5640285954,45.5943975197
15,USGS_LPC_OR_WesternWildfires_A22_s05100w13860.laz,positive_diversity,False,195507242,0.195507,https://rockyweb.usgs.gov/vdelivery/Datasets/Staged/Elevation/LPC/Projects/OR_WesternWildfires_A22/OR_WWildfires_2_A22/LAZ/USGS_LPC_OR_WesternWildfires_A22_s05100w13860.laz,8,8,8,1,7,249279.473,249279.473,0.0,,,,,124.7553,positive_diversity; additional_new_polygons=8; selected_spatial_novelty_km=2.04; downloaded=no,-123.6307052902,45.5103232735,-123.6185661917,45.5188576238
16,USGS_LPC_OR_WesternWildfires_A22_s05250w14040.laz,positive_diversity,False,149915480,0.149915,https://rockyweb.usgs.gov/vdelivery/Datasets/Staged/Elevation/LPC/Projects/OR_WesternWildfires_A22/OR_WWildfires_2_A22/LAZ/USGS_LPC_OR_WesternWildfires_A22_s05250w14040.laz,8,8,8,6,2,178251.447,178251.447,2.74,,,,,134.6753,positive_diversity; additional_new_polygons=7; selected_spatial_novelty_km=0.91; downloaded=no,-123.5748598232,45.5612050983,-123.5627176761,45.5697338198
17,USGS_LPC_OR_WesternWildfires_A22_s04500w14220.laz,positive_diversity,False,168411016,0.168411,https://rockyweb.usgs.gov/vdelivery/Datasets/Staged/Elevation/LPC/Projects/OR_WesternWildfires_A22/OR_WWildfires_2_A22/LAZ/USGS_LPC_OR_WesternWildfires_A22_s04500w14220.laz,8,8,8,2,6,187296.085,187296.085,4.65,,,,,130.6318,positive_diversity; additional_new_polygons=7; selected_spatial_novelty_km=1.29; downloaded=no,-123.8703343058,45.6024593769,-123.8581429698,45.6110163146
18,USGS_LPC_OR_WesternWildfires_A22_s05280w14070.laz,positive_diversity,False,222394020,0.222394,https://rockyweb.usgs.gov/vdelivery/Datasets/Staged/Elevation/LPC/Projects/OR_WesternWildfires_A22/OR_WWildfires_2_A22/LAZ/USGS_LPC_OR_WesternWildfires_A22_s05280w14070.laz,8,8,8,1,7,55729.932,55729.932,3.619,,,,,127.0019,positive_diversity; additional_new_polygons=7; selected_spatial_novelty_km=0.91; downloaded=no,-123.5635914937,45.5697338226,-123.5514490975,45.5782614157
19,USGS_LPC_OR_WesternWildfires_A22_s04590w13860.laz,positive_diversity,False,118479661,0.11848,https://rockyweb.usgs.gov/vdelivery/Datasets/Staged/Elevation/LPC/Projects/OR_WesternWildfires_A22/OR_WWildfires_2_A22/LAZ/USGS_LPC_OR_WesternWildfires_A22_s04590w13860.laz,7,7,7,4,3,25675.181,25675.181,1.754,,,,,114.0263,positive_diversity; additional_new_polygons=7; selected_spatial_novelty_km=6.59; downloaded=no,-123.8294950868,45.5048229705,-123.8173299478,45.5133764685
20,USGS_LPC_OR_WesternWildfires_A22_s05310w14160.laz,positive_diversity,True,258883787,0.258884,https://rockyweb.usgs.gov/vdelivery/Datasets/Staged/Elevation/LPC/Projects/OR_WesternWildfires_A22/OR_WWildfires_2_A22/LAZ/USGS_LPC_OR_WesternWildfires_A22_s05310w14160.laz,6,6,6,5,1,378707.005,378707.005,4.86,100,81,12,6,125.0198,positive_diversity; additional_new_polygons=6; selected_spatial_novelty_km=2.04; downloaded=yes,-123.5531910639,45.5947039286,-123.5410448359,45.6032303943
21,USGS_LPC_OR_WesternWildfires_A22_s04500w14280.laz,positive_diversity,False,85365433,0.085365,https://rockyweb.usgs.gov/vdelivery/Datasets/Staged/Elevation/LPC/Projects/OR_WesternWildfires_A22/OR_WWildfires_2_A22/LAZ/USGS_LPC_OR_WesternWildfires_A22_s04500w14280.laz,7,7,7,3,4,62970.402,62970.402,3.025,,,,,114.5125,positive_diversity; additional_new_polygons=7; selected_spatial_novelty_km=1.75; downloaded=no,-123.8712126856,45.6188991608,-123.8591017205,45.6260219884
22,USGS_LPC_OR_WesternWildfires_A22_s04680w13770.laz,positive_diversity,False,156311731,0.156312,https://rockyweb.usgs.gov/vdelivery/Datasets/Staged/Elevation/LPC/Projects/OR_WesternWildfires_A22/OR_WWildfires_2_A22/LAZ/USGS_LPC_OR_WesternWildfires_A22_s04680w13770.laz,7,7,7,1,6,138681.745,138681.745,0.877,,,,,110.0758,positive_diversity; additional_new_polygons=7; selected_spatial_novelty_km=3.88; downloaded=no,-123.7930096284,45.4811559218,-123.7808544587,45.4897060271
23,USGS_LPC_OR_WesternWildfires_A22_s04590w13770.laz,positive_diversity,False,151108841,0.151109,https://rockyweb.usgs.gov/vdelivery/Datasets/Staged/Elevation/LPC/Projects/OR_WesternWildfires_A22/OR_WWildfires_2_A22/LAZ/USGS_LPC_OR_WesternWildfires_A22_s04590w13770.laz,7,7,7,3,4,30802.881,30802.881,0.0,,,,,110.9062,positive_diversity; additional_new_polygons=7; selected_spatial_novelty_km=2.74; downloaded=no,-123.8280724535,45.4801611064,-123.8159127032,45.4887145855
24,USGS_LPC_OR_WesternWildfires_A22_s04470w14250.laz,positive_diversity,False,15014612,0.015015,https://rockyweb.usgs.gov/vdelivery/Datasets/Staged/Elevation/LPC/Projects/OR_WesternWildfires_A22/OR_WWildfires_2_A22/LAZ/USGS_LPC_OR_WesternWildfires_A22_s04470w14250.laz,7,7,7,1,6,37290.437,37290.437,4.058,,,,,112.1113,positive_diversity; additional_new_polygons=7; selected_spatial_novelty_km=1.04; downloaded=no,-123.8748068339,45.6105641823,-123.8703343101,45.6188991577
25,USGS_LPC_OR_WesternWildfires_A22_s04410w14010.laz,positive_diversity,False,182199066,0.182199,https://rockyweb.usgs.gov/vdelivery/Datasets/Staged/Elevation/LPC/Projects/OR_WesternWildfires_A22/OR_WWildfires_2_A22/LAZ/USGS_LPC_OR_WesternWildfires_A22_s04410w14010.laz,7,7,7,2,5,164371.852,164371.852,8.373,,,,,118.8586,positive_diversity; additional_new_polygons=6; selected_spatial_novelty_km=0.91; downloaded=no,-123.9020706515,45.5439018278,-123.8898873501,45.5524621042
26,USGS_LPC_OR_WesternWildfires_A22_s04560w13800.laz,positive_diversity,False,164330943,0.164331,https://rockyweb.usgs.gov/vdelivery/Datasets/Staged/Elevation/LPC/Projects/OR_WesternWildfires_A22/OR_WWildfires_2_A22/LAZ/USGS_LPC_OR_WesternWildfires_A22_s04560w13800.laz,7,7,7,2,5,29986.164,29986.164,0.913,,,,,110.2993,positive_diversity; additional_new_polygons=6; selected_spatial_novelty_km=1.29; downloaded=no,-123.8402355299,45.4880477758,-123.8280724576,45.4966023858
27,USGS_LPC_OR_WesternWildfires_A22_s04590w13800.laz,positive_diversity,False,151555727,0.151556,https://rockyweb.usgs.gov/vdelivery/Datasets/Staged/Elevation/LPC/Projects/OR_WesternWildfires_A22/OR_WWildfires_2_A22/LAZ/USGS_LPC_OR_WesternWildfires_A22_s04590w13800.laz,7,7,7,1,6,39467.848,39467.848,0.0,,,,,108.0987,positive_diversity; additional_new_polygons=6; selected_spatial_novelty_km=0.91; downloaded=no,-123.8285465296,45.4883817672,-123.8163849836,45.4969352528
28,USGS_LPC_OR_WesternWildfires_A22_s04470w14100.laz,positive_diversity,False,123310355,0.12331,https://rockyweb.usgs.gov/vdelivery/Datasets/Staged/Elevation/LPC/Projects/OR_WesternWildfires_A22/OR_WWildfires_2_A22/LAZ/USGS_LPC_OR_WesternWildfires_A22_s04470w14100.laz,6,6,6,3,3,105992.886,105992.886,8.153,,,,,104.9509,positive_diversity; additional_new_polygons=6; selected_spatial_novelty_km=2.74; downloaded=no,-123.8801164585,45.5692413413,-123.8679308081,45.5777993851
29,USGS_LPC_OR_WesternWildfires_A22_s05250w14100.laz,positive_diversity,False,164063096,0.164063,https://rockyweb.usgs.gov/vdelivery/Datasets/Staged/Elevation/LPC/Projects/OR_WesternWildfires_A22/OR_WWildfires_2_A22/LAZ/USGS_LPC_OR_WesternWildfires_A22_s05250w14100.laz,8,8,8,1,7,57980.588,57980.588,2.673,,,,,126.0899,positive_diversity; additional_new_polygons=4; selected_spatial_novelty_km=0.91; downloaded=no,-123.5757372279,45.5776476031,-123.5635914977,45.5861763275
30,USGS_LPC_OR_WesternWildfires_A22_s04980w13770.laz,positive_diversity,False,138202051,0.138202,https://rockyweb.usgs.gov/vdelivery/Datasets/Staged/Elevation/LPC/Projects/OR_WesternWildfires_A22/OR_WWildfires_2_A22/LAZ/USGS_LPC_OR_WesternWildfires_A22_s04980w13770.laz,6,6,6,6,0,126488.965,126488.965,1.246,,,,,102.8596,positive_diversity; additional_new_polygons=6; selected_spatial_novelty_km=4.09; downloaded=no,-123.6761249365,45.4843959097,-123.6639850696,45.4929347572
31,USGS_LPC_OR_WesternWildfires_A22_s04500w13980.laz,positive_diversity,False,185085024,0.185085,https://rockyweb.usgs.gov/vdelivery/Datasets/Staged/Elevation/LPC/Projects/OR_WesternWildfires_A22/OR_WWildfires_2_A22/LAZ/USGS_LPC_OR_WesternWildfires_A22_s04500w13980.laz,6,6,6,3,3,82024.828,82024.828,6.067,,,,,102.7864,positive_diversity; additional_new_polygons=6; selected_spatial_novelty_km=2.74; downloaded=no,-123.8664903468,45.5366985823,-123.8543134309,45.5452554786
32,USGS_LPC_OR_WesternWildfires_A22_s05220w14010.laz,positive_diversity,False,163364399,0.163364,https://rockyweb.usgs.gov/vdelivery/Datasets/Staged/Elevation/LPC/Projects/OR_WesternWildfires_A22/OR_WWildfires_2_A22/LAZ/USGS_LPC_OR_WesternWildfires_A22_s05220w14010.laz,7,7,7,3,4,145633.174,145633.174,2.016,,,,,114.2612,positive_diversity; additional_new_polygons=5; selected_spatial_novelty_km=0.91; downloaded=no,-123.5861248199,45.5526752462,-123.5739829228,45.5612050954
33,USGS_LPC_OR_WesternWildfires_A22_s04830w13620.laz,positive_diversity,False,173438704,0.173439,https://rockyweb.usgs.gov/vdelivery/Datasets/Staged/Elevation/LPC/Projects/OR_WesternWildfires_A22/OR_WWildfires_2_A22/LAZ/USGS_LPC_OR_WesternWildfires_A22_s04830w13620.laz,6,6,6,3,3,101237.509,101237.509,6.554,,,,,103.463,positive_diversity; additional_new_polygons=6; selected_spatial_novelty_km=1.29; downloaded=no,-123.7322669653,45.4416848439,-123.7201283943,45.4502292939
34,USGS_LPC_OR_WesternWildfires_A22_s05160w13800.laz,positive_diversity,False,159906486,0.159906,https://rockyweb.usgs.gov/vdelivery/Datasets/Staged/Elevation/LPC/Projects/OR_WesternWildfires_A22/OR_WWildfires_2_A22/LAZ/USGS_LPC_OR_WesternWildfires_A22_s05160w13800.laz,7,7,7,2,5,209863.813,209863.813,1.827,,,,,112.9172,positive_diversity; additional_new_polygons=5; selected_spatial_novelty_km=0.91; downloaded=no,-123.606430411,45.4945052313,-123.5942979633,45.503037319
35,USGS_LPC_OR_WesternWildfires_A22_s04440w14040.laz,positive_diversity,False,175239106,0.175239,https://rockyweb.usgs.gov/vdelivery/Datasets/Staged/Elevation/LPC/Projects/OR_WesternWildfires_A22/OR_WWildfires_2_A22/LAZ/USGS_LPC_OR_WesternWildfires_A22_s04440w14040.laz,6,6,6,2,4,15954.137,15954.137,8.562,,,,,101.9537,positive_diversity; additional_new_polygons=6; selected_spatial_novelty_km=1.29; downloaded=no,-123.890854172,45.5524621071,-123.8786705989,45.5610212647
36,USGS_LPC_OR_WesternWildfires_A22_s05130w13980.laz,positive_diversity,False,155324392,0.155324,https://rockyweb.usgs.gov/vdelivery/Datasets/Staged/Elevation/LPC/Projects/OR_WesternWildfires_A22/OR_WWildfires_2_A22/LAZ/USGS_LPC_OR_WesternWildfires_A22_s05130w13980.laz,6,6,6,3,3,59011.578,59011.578,1.792,,,,,98.2238,positive_diversity; additional_new_polygons=6; selected_spatial_novelty_km=2.04; downloaded=no,-123.6207895471,45.5435214167,-123.6086448229,45.5520546507
37,USGS_LPC_OR_WesternWildfires_A22_s04710w13440.laz,positive_diversity,False,123672085,0.123672,https://rockyweb.usgs.gov/vdelivery/Datasets/Staged/Elevation/LPC/Projects/OR_WesternWildfires_A22/OR_WWildfires_2_A22/LAZ/USGS_LPC_OR_WesternWildfires_A22_s04710w13440.laz,7,7,7,1,6,55428.0,55428.0,0.913,,,,,109.2917,positive_diversity; additional_new_polygons=5; selected_spatial_novelty_km=0.74; downloaded=no,-123.7760102498,45.3910533611,-123.7640548407,45.3964517165
38,USGS_LPC_OR_WesternWildfires_A22_s05160w13950.laz,positive_diversity,False,177692525,0.177693,https://rockyweb.usgs.gov/vdelivery/Datasets/Staged/Elevation/LPC/Projects/OR_WesternWildfires_A22/OR_WWildfires_2_A22/LAZ/USGS_LPC_OR_WesternWildfires_A22_s05160w13950.laz,6,6,6,1,5,170345.526,170345.526,2.673,,,,,97.0652,positive_diversity; additional_new_polygons=6; selected_spatial_novelty_km=1.29; downloaded=no,-123.6086448188,45.5356121614,-123.5965034243,45.5441442641
39,USGS_LPC_OR_WesternWildfires_A22_s05160w14010.laz,positive_diversity,False,129710587,0.129711,https://rockyweb.usgs.gov/vdelivery/Datasets/Staged/Elevation/LPC/Projects/OR_WesternWildfires_A22/OR_WWildfires_2_A22/LAZ/USGS_LPC_OR_WesternWildfires_A22_s05160w14010.laz,6,6,6,2,4,170297.031,170297.031,0.845,,,,,96.7369,positive_diversity; additional_new_polygons=6; selected_spatial_novelty_km=0.91; downloaded=no,-123.6095314657,45.5520546536,-123.5973864888,45.5605867612
40,USGS_LPC_OR_WesternWildfires_A22_s04890w13680.laz,positive_diversity,False,197435896,0.197436,https://rockyweb.usgs.gov/vdelivery/Datasets/Staged/Elevation/LPC/Projects/OR_WesternWildfires_A22/OR_WWildfires_2_A22/LAZ/USGS_LPC_OR_WesternWildfires_A22_s04890w13680.laz,6,6,6,5,1,210268.821,210268.821,5.123,,,,,105.7153,positive_diversity; additional_new_polygons=5; selected_spatial_novelty_km=1.29; downloaded=no,-123.7098201155,45.4587726304,-123.6976810237,45.4673148414
41,USGS_LPC_OR_WesternWildfires_A22_s05040w13770.laz,positive_diversity,False,211630036,0.21163,https://rockyweb.usgs.gov/vdelivery/Datasets/Staged/Elevation/LPC/Projects/OR_WesternWildfires_A22/OR_WWildfires_2_A22/LAZ/USGS_LPC_OR_WesternWildfires_A22_s05040w13770.laz,6,6,6,0,6,78699.994,78699.994,0.878,,,,,93.061,positive_diversity; additional_new_polygons=6; selected_spatial_novelty_km=1.83; downloaded=no,-123.6527464372,45.4850298637,-123.6406096372,45.4935664574
42,USGS_LPC_OR_WesternWildfires_A22_s04800w13620.laz,positive_diversity,False,188244194,0.188244,https://rockyweb.usgs.gov/vdelivery/Datasets/Staged/Elevation/LPC/Projects/OR_WesternWildfires_A22/OR_WWildfires_2_A22/LAZ/USGS_LPC_OR_WesternWildfires_A22_s04800w13620.laz,7,7,7,1,6,33361.84,33361.84,5.81,,,,,113.7771,positive_diversity; additional_new_polygons=4; selected_spatial_novelty_km=0.91; downloaded=no,-123.7439470697,45.4413604835,-123.7318069708,45.4499060584
43,USGS_LPC_OR_WesternWildfires_A22_s04620w13830.laz,positive_diversity,False,185307146,0.185307,https://rockyweb.usgs.gov/vdelivery/Datasets/Staged/Elevation/LPC/Projects/OR_WesternWildfires_A22/OR_WWildfires_2_A22/LAZ/USGS_LPC_OR_WesternWildfires_A22_s04620w13830.laz,6,6,6,2,4,50493.785,50493.785,0.876,,,,,95.6764,positive_diversity; additional_new_polygons=5; selected_spatial_novelty_km=1.29; downloaded=no,-123.8173299437,45.4969352556,-123.8051681286,45.5054876228
44,USGS_LPC_OR_WesternWildfires_A22_s04500w14100.laz,positive_diversity,False,183928244,0.183928,https://rockyweb.usgs.gov/vdelivery/Datasets/Staged/Elevation/LPC/Projects/OR_WesternWildfires_A22/OR_WWildfires_2_A22/LAZ/USGS_LPC_OR_WesternWildfires_A22_s04500w14100.laz,6,6,6,3,3,119902.731,119902.731,7.239,,,,,104.303,positive_diversity; additional_new_polygons=4; selected_spatial_novelty_km=0.91; downloaded=no,-123.8684112302,45.5695793088,-123.8562271086,45.5781362271
45,USGS_LPC_OR_WesternWildfires_A22_s04920w13590.laz,positive_diversity,False,62771035,0.062771,https://rockyweb.usgs.gov/vdelivery/Datasets/Staged/Elevation/LPC/Projects/OR_WesternWildfires_A22/OR_WWildfires_2_A22/LAZ/USGS_LPC_OR_WesternWildfires_A22_s04920w13590.laz,5,5,5,4,1,125324.253,125324.253,4.877,,,,,88.4822,positive_diversity; additional_new_polygons=5; selected_spatial_novelty_km=2.64; downloaded=no,-123.6967708466,45.4392018212,-123.6849017251,45.4429705881
46,USGS_LPC_OR_WesternWildfires_A22_s04530w13950.laz,positive_diversity,False,186359196,0.186359,https://rockyweb.usgs.gov/vdelivery/Datasets/Staged/Elevation/LPC/Projects/OR_WesternWildfires_A22/OR_WWildfires_2_A22/LAZ/USGS_LPC_OR_WesternWildfires_A22_s04530w13950.laz,5,5,5,3,2,130672.483,130672.483,4.855,,,,,86.9988,positive_diversity; additional_new_polygons=5; selected_spatial_novelty_km=1.29; downloaded=no,-123.8543134268,45.5288148627,-123.8421398383,45.5373706283
47,USGS_LPC_OR_WesternWildfires_A22_s04560w13920.laz,positive_diversity,False,131162455,0.131162,https://rockyweb.usgs.gov/vdelivery/Datasets/Staged/Elevation/LPC/Projects/OR_WesternWildfires_A22/OR_WWildfires_2_A22/LAZ/USGS_LPC_OR_WesternWildfires_A22_s04560w13920.laz,5,5,5,3,2,114614.656,114614.656,3.698,,,,,85.7206,positive_diversity; additional_new_polygons=5; selected_spatial_novelty_km=1.29; downloaded=no,-123.8421398342,45.5209298393,-123.8299695722,45.5294844741
48,USGS_LPC_OR_WesternWildfires_A22_s04710w13770.laz,positive_diversity,False,156609687,0.15661,https://rockyweb.usgs.gov/vdelivery/Datasets/Staged/Elevation/LPC/Projects/OR_WesternWildfires_A22/OR_WWildfires_2_A22/LAZ/USGS_LPC_OR_WesternWildfires_A22_s04710w13770.laz,6,6,6,1,5,61618.406,61618.406,1.79,,,,,95.2587,positive_diversity; additional_new_polygons=4; selected_spatial_novelty_km=0.91; downloaded=no,-123.7813217524,45.4814851866,-123.7691681105,45.4900341669
49,USGS_LPC_OR_WesternWildfires_A22_s04860w13740.laz,positive_diversity,False,163423242,0.163423,https://rockyweb.usgs.gov/vdelivery/Datasets/Staged/Elevation/LPC/Projects/OR_WesternWildfires_A22/OR_WWildfires_2_A22/LAZ/USGS_LPC_OR_WesternWildfires_A22_s04860w13740.laz,5,5,5,2,3,27333.517,27333.517,4.858,,,,,84.1751,positive_diversity; additional_new_polygons=5; selected_spatial_novelty_km=0.91; downloaded=no,-123.7224213932,45.4748928508,-123.7102771903,45.4834361983
50,USGS_LPC_OR_WesternWildfires_A22_s04470w13920.laz,positive_diversity,False,106613644,0.106614,https://rockyweb.usgs.gov/vdelivery/Datasets/Staged/Elevation/LPC/Projects/OR_WesternWildfires_A22/OR_WWildfires_2_A22/LAZ/USGS_LPC_OR_WesternWildfires_A22_s04470w13920.laz,5,5,5,1,4,10462.836,10462.836,5.215,,,,,82.4313,positive_diversity; additional_new_polygons=5; selected_spatial_novelty_km=1.98; downloaded=no,-123.877225967,45.5211241934,-123.8651213567,45.5284782962
51,USGS_LPC_OR_WesternWildfires_A22_s04830w13710.laz,positive_diversity,False,164184221,0.164184,https://rockyweb.usgs.gov/vdelivery/Datasets/Staged/Elevation/LPC/Projects/OR_WesternWildfires_A22/OR_WWildfires_2_A22/LAZ/USGS_LPC_OR_WesternWildfires_A22_s04830w13710.laz,6,6,6,1,5,86978.616,86978.616,5.552,,,,,99.3234,positive_diversity; additional_new_polygons=3; selected_spatial_novelty_km=0.91; downloaded=no,-123.7336477463,45.4663483803,-123.7215038045,45.474892848
52,USGS_LPC_OR_WesternWildfires_A22_s05280w14190.laz,positive_diversity,True,213071990,0.213072,https://rockyweb.usgs.gov/vdelivery/Datasets/Staged/Elevation/LPC/Projects/OR_WesternWildfires_A22/OR_WWildfires_2_A22/LAZ/USGS_LPC_OR_WesternWildfires_A22_s05280w14190.laz,4,4,4,0,4,422595.427,422595.427,4.517,100,70,26,4,86.2842,positive_diversity; additional_new_polygons=4; selected_spatial_novelty_km=1.29; downloaded=yes,-123.5653406329,45.6026186734,-123.5531910679,45.6111462704
53,USGS_LPC_OR_WesternWildfires_A22_s04620w13860.laz,positive_diversity,False,197234036,0.197234,https://rockyweb.usgs.gov/vdelivery/Datasets/Staged/Elevation/LPC/Projects/OR_WesternWildfires_A22/OR_WWildfires_2_A22/LAZ/USGS_LPC_OR_WesternWildfires_A22_s04620w13860.laz,6,6,6,2,4,25464.828,25464.828,1.79,,,,,96.0558,positive_diversity; additional_new_polygons=3; selected_spatial_novelty_km=0.91; downloaded=no,-123.8178026277,45.5051558834,-123.8056390162,45.5137082565
54,USGS_LPC_OR_WesternWildfires_A22_s05310w14100.laz,positive_diversity,True,134672603,0.134673,https://rockyweb.usgs.gov/vdelivery/Datasets/Staged/Elevation/LPC/Projects/OR_WesternWildfires_A22/OR_WWildfires_2_A22/LAZ/USGS_LPC_OR_WesternWildfires_A22_s05310w14100.laz,5,5,5,2,3,312876.581,312876.581,4.502,100,66,34,3,102.9763,positive_diversity; additional_new_polygons=2; selected_spatial_novelty_km=0.91; downloaded=yes,-123.5523198302,45.5782614186,-123.5401771857,45.5867878827
55,USGS_LPC_OR_WesternWildfires_A22_s04530w14280.laz,positive_diversity,False,159799868,0.1598,https://rockyweb.usgs.gov/vdelivery/Datasets/Staged/Elevation/LPC/Projects/OR_WesternWildfires_A22/OR_WWildfires_2_A22/LAZ/USGS_LPC_OR_WesternWildfires_A22_s04530w14280.laz,5,5,5,1,4,49418.653,49418.653,2.74,,,,,81.0218,positive_diversity; additional_new_polygons=4; selected_spatial_novelty_km=0.92; downloaded=no,-123.859581297,45.6192362347,-123.8473878824,45.6277920546
56,USGS_LPC_OR_WesternWildfires_A22_s05130w13560.laz,positive_diversity,False,132014949,0.132015,https://rockyweb.usgs.gov/vdelivery/Datasets/Staged/Elevation/LPC/Projects/OR_WesternWildfires_A22/OR_WWildfires_2_A22/LAZ/USGS_LPC_OR_WesternWildfires_A22_s05130w13560.laz,4,6,6,4,2,363065.719,287419.199,0.0,,,,,75.3926,positive_diversity; additional_new_polygons=4; selected_spatial_novelty_km=6.51; downloaded=no,-123.6145721101,45.4284206996,-123.6024524171,45.4369538811
57,USGS_LPC_OR_WesternWildfires_A22_s04980w13800.laz,positive_diversity,False,146971187,0.146971,https://rockyweb.usgs.gov/vdelivery/Datasets/Staged/Elevation/LPC/Projects/OR_WesternWildfires_A22/OR_WWildfires_2_A22/LAZ/USGS_LPC_OR_WesternWildfires_A22_s04980w13800.laz,6,6,6,4,2,135477.144,135477.144,0.844,,,,,99.5212,positive_diversity; additional_new_polygons=2; selected_spatial_novelty_km=0.91; downloaded=no,-123.6765774122,45.4926171541,-123.664435755,45.501156006
58,USGS_LPC_OR_WesternWildfires_A22_s04830w13590.laz,positive_diversity,False,135428208,0.135428,https://rockyweb.usgs.gov/vdelivery/Datasets/Staged/Elevation/LPC/Projects/OR_WesternWildfires_A22/OR_WWildfires_2_A22/LAZ/USGS_LPC_OR_WesternWildfires_A22_s04830w13590.laz,5,5,5,1,4,127573.955,127573.955,6.554,,,,,85.6758,positive_diversity; additional_new_polygons=3; selected_spatial_novelty_km=0.91; downloaded=no,-123.7318069668,45.4334635882,-123.7196701851,45.442008032
59,USGS_LPC_OR_WesternWildfires_A22_s05190w14010.laz,positive_diversity,False,142833696,0.142834,https://rockyweb.usgs.gov/vdelivery/Datasets/Staged/Elevation/LPC/Projects/OR_WesternWildfires_A22/OR_WWildfires_2_A22/LAZ/USGS_LPC_OR_WesternWildfires_A22_s05190w14010.laz,6,6,6,1,5,164766.36,164766.36,1.247,,,,,95.6076,positive_diversity; additional_new_polygons=2; selected_spatial_novelty_km=0.91; downloaded=no,-123.5978282058,45.5523655357,-123.5856847685,45.5608965143
60,USGS_LPC_OR_WesternWildfires_A22_s04470w14160.laz,positive_diversity,False,132001372,0.132001,https://rockyweb.usgs.gov/vdelivery/Datasets/Staged/Elevation/LPC/Projects/OR_WesternWildfires_A22/OR_WWildfires_2_A22/LAZ/USGS_LPC_OR_WesternWildfires_A22_s04470w14160.laz,5,5,5,1,4,17812.195,17812.195,6.637,,,,,84.16,positive_diversity; additional_new_polygons=3; selected_spatial_novelty_km=0.91; downloaded=no,-123.8810810549,45.5856813653,-123.8688917975,45.5942394193
61,USGS_LPC_OR_WesternWildfires_A22_s05310w14520.laz,hard_negative,True,217778127,0.217778,https://rockyweb.usgs.gov/vdelivery/Datasets/Staged/Elevation/LPC/Projects/OR_WesternWildfires_A22/OR_WWildfires_2_A22/LAZ/USGS_LPC_OR_WesternWildfires_A22_s05310w14520.laz,0,0,0,0,0,0.0,0.0,6.393,100,0,100,0,29.3932,hard_negative; additional_new_polygons=0; selected_spatial_novelty_km=10.10; downloaded=yes,-123.5584289235,45.6933554681,-123.54626115,45.7018819295
62,USGS_LPC_OR_WesternWildfires_A22_s05310w13800.laz,hard_negative,True,203939964,0.20394,https://rockyweb.usgs.gov/vdelivery/Datasets/Staged/Elevation/LPC/Projects/OR_WesternWildfires_A22/OR_WWildfires_2_A22/LAZ/USGS_LPC_OR_WesternWildfires_A22_s05310w13800.laz,0,0,0,0,0,0.0,0.0,5.801,100,0,100,0,28.8012,hard_negative; additional_new_polygons=0; selected_spatial_novelty_km=4.57; downloaded=yes,-123.5479711061,45.4960464369,-123.5358463475,45.5045728828
63,USGS_LPC_OR_WesternWildfires_A22_s04800w14550.laz,hard_negative,False,150410510,0.150411,https://rockyweb.usgs.gov/vdelivery/Datasets/Staged/Elevation/LPC/Projects/OR_WesternWildfires_A22/OR_WWildfires_2_A22/LAZ/USGS_LPC_OR_WesternWildfires_A22_s04800w14550.laz,0,0,0,0,0,0.0,0.0,7.27,,,,,11.2704,hard_negative; additional_new_polygons=0; selected_spatial_novelty_km=11.63; downloaded=no,-123.758323883,45.6961981587,-123.7461280432,45.7047438486
64,USGS_LPC_OR_WesternWildfires_A22_s04410w13920.laz,hard_negative,True,5849429,0.005849,https://rockyweb.usgs.gov/vdelivery/Datasets/Staged/Elevation/LPC/Projects/OR_WesternWildfires_A22/OR_WWildfires_2_A22/LAZ/USGS_LPC_OR_WesternWildfires_A22_s04410w13920.laz,0,0,0,0,0,0.0,0.0,7.038,,,,,17.0378,hard_negative; additional_new_polygons=0; selected_spatial_novelty_km=1.42; downloaded=yes,-123.8990917076,45.5266615109,-123.8888714568,45.5278016559
65,USGS_LPC_OR_WesternWildfires_A22_s05250w13320.laz,hard_negative,False,141753650,0.141754,https://rockyweb.usgs.gov/vdelivery/Datasets/Staged/Elevation/LPC/Projects/OR_WesternWildfires_A22/OR_WWildfires_2_A22/LAZ/USGS_LPC_OR_WesternWildfires_A22_s05250w13320.laz,0,0,0,0,0,0.0,0.0,5.717,,,,,9.7171,hard_negative; additional_new_polygons=0; selected_spatial_novelty_km=8.18; downloaded=no,-123.5643698619,45.363882752,-123.5522705479,45.3724113863
66,USGS_LPC_OR_WesternWildfires_A22_s05310w14340.laz,hard_negative,False,172872849,0.172873,https://rockyweb.usgs.gov/vdelivery/Datasets/Staged/Elevation/LPC/Projects/OR_WesternWildfires_A22/OR_WWildfires_2_A22/LAZ/USGS_LPC_OR_WesternWildfires_A22_s05310w14340.laz,0,0,0,0,0,0.0,0.0,8.384,,,,,12.0,hard_negative; additional_new_polygons=0; selected_spatial_novelty_km=4.66; downloaded=no,-123.5558077502,45.6440304611,-123.543650759,45.6525569276
67,USGS_LPC_OR_WesternWildfires_A22_s04860w14220.laz,hard_negative,False,214910213,0.21491,https://rockyweb.usgs.gov/vdelivery/Datasets/Staged/Elevation/LPC/Projects/OR_WesternWildfires_A22/OR_WWildfires_2_A22/LAZ/USGS_LPC_OR_WesternWildfires_A22_s04860w14220.laz,0,0,0,0,0,0.0,0.0,2.537,,,,,6.5369,hard_negative; additional_new_polygons=0; selected_spatial_novelty_km=10.22; downloaded=no,-123.7297809863,45.6064257639,-123.7176080569,45.6149691751
68,USGS_LPC_OR_WesternWildfires_A22_s04830w13950.laz,hard_negative,False,218214580,0.218215,https://rockyweb.usgs.gov/vdelivery/Datasets/Staged/Elevation/LPC/Projects/OR_WesternWildfires_A22/OR_WWildfires_2_A22/LAZ/USGS_LPC_OR_WesternWildfires_A22_s04830w13950.laz,0,0,0,0,0,0.0,0.0,4.591,,,,,8.5906,hard_negative; additional_new_polygons=0; selected_spatial_novelty_km=6.46; downloaded=no,-123.7373356,45.5321160893,-123.7251773128,45.5406605968
69,USGS_LPC_OR_WesternWildfires_A22_s04770w14370.laz,hard_negative,False,211853777,0.211854,https://rockyweb.usgs.gov/vdelivery/Datasets/Staged/Elevation/LPC/Projects/OR_WesternWildfires_A22/OR_WWildfires_2_A22/LAZ/USGS_LPC_OR_WesternWildfires_A22_s04770w14370.laz,0,0,0,0,0,0.0,0.0,5.48,,,,,9.4796,hard_negative; additional_new_polygons=0; selected_spatial_novelty_km=5.33; downloaded=no,-123.7672529374,45.6465512006,-123.7550663881,45.6550980094
70,USGS_LPC_OR_WesternWildfires_A22_s05070w14400.laz,hard_negative,False,193248775,0.193249,https://rockyweb.usgs.gov/vdelivery/Datasets/Staged/Elevation/LPC/Projects/OR_WesternWildfires_A22/OR_WWildfires_2_A22/LAZ/USGS_LPC_OR_WesternWildfires_A22_s05070w14400.laz,0,0,0,0,0,0.0,0.0,3.259,,,,,7.2593,hard_negative; additional_new_polygons=0; selected_spatial_novelty_km=7.54; downloaded=no,-123.6504811227,45.6579854805,-123.6383081722,45.6665209957
71,USGS_LPC_OR_WesternWildfires_A22_s04560w14520.laz,hard_negative,False,42130654,0.042131,https://rockyweb.usgs.gov/vdelivery/Datasets/Staged/Elevation/LPC/Projects/OR_WesternWildfires_A22/OR_WWildfires_2_A22/LAZ/USGS_LPC_OR_WesternWildfires_A22_s04560w14520.laz,0,0,0,0,0,0.0,0.0,2.719,,,,,6.719,hard_negative; additional_new_polygons=0; selected_spatial_novelty_km=7.17; downloaded=no,-123.8464980738,45.6854781196,-123.8394876624,45.6934129321
72,USGS_LPC_OR_WesternWildfires_A22_s04980w13440.laz,hard_negative,False,188224554,0.188225,https://rockyweb.usgs.gov/vdelivery/Datasets/Staged/Elevation/LPC/Projects/OR_WesternWildfires_A22/OR_WWildfires_2_A22/LAZ/USGS_LPC_OR_WesternWildfires_A22_s04980w13440.laz,0,0,0,0,0,0.0,0.0,4.567,,,,,8.5671,hard_negative; additional_new_polygons=0; selected_spatial_novelty_km=5.17; downloaded=no,-123.6711561932,45.3939596754,-123.6590359849,45.4024984629
73,USGS_LPC_OR_WesternWildfires_A22_s04950w14070.laz,hard_negative,False,207780916,0.207781,https://rockyweb.usgs.gov/vdelivery/Datasets/Staged/Elevation/LPC/Projects/OR_WesternWildfires_A22/OR_WWildfires_2_A22/LAZ/USGS_LPC_OR_WesternWildfires_A22_s04950w14070.laz,0,0,0,0,0,0.0,0.0,4.531,,,,,8.5315,hard_negative; additional_new_polygons=0; selected_spatial_novelty_km=5.17; downloaded=no,-123.692361197,45.5662873915,-123.6802018665,45.5748274041
74,USGS_LPC_OR_WesternWildfires_A22_s05310w14430.laz,hard_negative,False,168407909,0.168408,https://rockyweb.usgs.gov/vdelivery/Datasets/Staged/Elevation/LPC/Projects/OR_WesternWildfires_A22/OR_WWildfires_2_A22/LAZ/USGS_LPC_OR_WesternWildfires_A22_s05310w14430.laz,0,0,0,0,0,0.0,0.0,6.936,,,,,10.9363,hard_negative; additional_new_polygons=0; selected_spatial_novelty_km=2.74; downloaded=no,-123.5571177752,45.6686931576,-123.5449553953,45.6772196223
75,USGS_LPC_OR_WesternWildfires_A22_s05190w14280.laz,hard_negative,False,188865111,0.188865,https://rockyweb.usgs.gov/vdelivery/Datasets/Staged/Elevation/LPC/Projects/OR_WesternWildfires_A22/OR_WWildfires_2_A22/LAZ/USGS_LPC_OR_WesternWildfires_A22_s05190w14280.laz,0,0,0,0,0,0.0,0.0,5.445,,,,,9.4449,hard_negative; additional_new_polygons=0; selected_spatial_novelty_km=3.88; downloaded=no,-123.6018093694,45.6263551117,-123.5896497888,45.6348861024
76,USGS_LPC_OR_WesternWildfires_A22_s04800w14460.laz,hard_negative,False,172965048,0.172965,https://rockyweb.usgs.gov/vdelivery/Datasets/Staged/Elevation/LPC/Projects/OR_WesternWildfires_A22/OR_WWildfires_2_A22/LAZ/USGS_LPC_OR_WesternWildfires_A22_s04800w14460.laz,0,0,0,0,0,0.0,0.0,6.391,,,,,10.3909,hard_negative; additional_new_polygons=0; selected_spatial_novelty_km=2.74; downloaded=no,-123.7569270144,45.6715382005,-123.7447365912,45.6800838863
77,USGS_LPC_OR_WesternWildfires_A22_s05250w14310.laz,hard_negative,False,167988833,0.167989,https://rockyweb.usgs.gov/vdelivery/Datasets/Staged/Elevation/LPC/Projects/OR_WesternWildfires_A22/OR_WWildfires_2_A22/LAZ/USGS_LPC_OR_WesternWildfires_A22_s05250w14310.laz,0,0,0,0,0,0.0,0.0,6.937,,,,,10.9365,hard_negative; additional_new_polygons=0; selected_spatial_novelty_km=2.04; downloaded=no,-123.5788120895,45.6351950694,-123.566653802,45.6437237987
78,USGS_LPC_OR_WesternWildfires_A22_s05310w14370.laz,hard_negative,False,213809788,0.21381,https://rockyweb.usgs.gov/vdelivery/Datasets/Staged/Elevation/LPC/Projects/OR_WesternWildfires_A22/OR_WWildfires_2_A22/LAZ/USGS_LPC_OR_WesternWildfires_A22_s05310w14370.laz,0,0,0,0,0,0.0,0.0,7.825,,,,,11.8247,hard_negative; additional_new_polygons=0; selected_spatial_novelty_km=0.91; downloaded=no,-123.5562443005,45.6522514025,-123.5440855136,45.6607778686
79,USGS_LPC_OR_WesternWildfires_A22_s04860w13440.laz,hard_negative,False,1078266,0.001078,https://rockyweb.usgs.gov/vdelivery/Datasets/Staged/Elevation/LPC/Projects/OR_WesternWildfires_A22/OR_WWildfires_2_A22/LAZ/USGS_LPC_OR_WesternWildfires_A22_s04860w13440.laz,0,0,0,0,0,0.0,0.0,4.62,,,,,8.6195,hard_negative; additional_new_polygons=0; selected_spatial_novelty_km=4.05; downloaded=no,-123.7174614246,45.3926796679,-123.7152797175,45.3941813598
80,USGS_LPC_OR_WesternWildfires_A22_s04530w14040.laz,hard_negative,False,211089790,0.21109,https://rockyweb.usgs.gov/vdelivery/Datasets/Staged/Elevation/LPC/Projects/OR_WesternWildfires_A22/OR_WWildfires_2_A22/LAZ/USGS_LPC_OR_WesternWildfires_A22_s04530w14040.laz,0,0,0,0,0,0.0,0.0,6.585,,,,,10.5846,hard_negative; additional_new_polygons=0; selected_spatial_novelty_km=2.04; downloaded=no,-123.8557484805,45.5534757299,-123.8435694912,45.5620315123
81,USGS_LPC_OR_WesternWildfires_A22_s05280w14340.laz,hard_negative,False,178940854,0.178941,https://rockyweb.usgs.gov/vdelivery/Datasets/Staged/Elevation/LPC/Projects/OR_WesternWildfires_A22/OR_WWildfires_2_A22/LAZ/USGS_LPC_OR_WesternWildfires_A22_s05280w14340.laz,0,0,0,0,0,0.0,0.0,7.709,,,,,11.7087,hard_negative; additional_new_polygons=0; selected_spatial_novelty_km=0.91; downloaded=no,-123.5675298663,45.6437238016,-123.5553713286,45.6522513997
82,USGS_LPC_OR_WesternWildfires_A22_s04470w14010.laz,hard_negative,False,187215933,0.187216,https://rockyweb.usgs.gov/vdelivery/Datasets/Staged/Elevation/LPC/Projects/OR_WesternWildfires_A22/OR_WWildfires_2_A22/LAZ/USGS_LPC_OR_WesternWildfires_A22_s04470w14010.laz,0,0,0,0,0,0.0,0.0,7.307,,,,,11.3066,hard_negative; additional_new_polygons=0; selected_spatial_novelty_km=1.29; downloaded=no,-123.8786705949,45.5445809973,-123.8664903508,45.5531390243
83,USGS_LPC_OR_WesternWildfires_A22_s05310w13950.laz,hard_negative,False,212083396,0.212083,https://rockyweb.usgs.gov/vdelivery/Datasets/Staged/Elevation/LPC/Projects/OR_WesternWildfires_A22/OR_WWildfires_2_A22/LAZ/USGS_LPC_OR_WesternWildfires_A22_s05310w13950.laz,0,0,0,0,0,0.0,0.0,5.297,,,,,9.297,hard_negative; additional_new_polygons=0; selected_spatial_novelty_km=3.30; downloaded=no,-123.5501439188,45.5371544293,-123.5380102239,45.5456808864
84,USGS_LPC_OR_WesternWildfires_A22_s05310w14250.laz,hard_negative,False,144110699,0.144111,https://rockyweb.usgs.gov/vdelivery/Datasets/Staged/Elevation/LPC/Projects/OR_WesternWildfires_A22/OR_WWildfires_2_A22/LAZ/USGS_LPC_OR_WesternWildfires_A22_s05310w14250.laz,0,0,0,0,0,0.0,0.0,6.417,,,,,10.4166,hard_negative; additional_new_polygons=0; selected_spatial_novelty_km=2.04; downloaded=no,-123.5544988469,45.6193673832,-123.5423472397,45.6278938501
85,USGS_LPC_OR_WesternWildfires_A22_s04830w13830.laz,hard_negative,False,176956288,0.176956,https://rockyweb.usgs.gov/vdelivery/Datasets/Staged/Elevation/LPC/Projects/OR_WesternWildfires_A22/OR_WWildfires_2_A22/LAZ/USGS_LPC_OR_WesternWildfires_A22_s04830w13830.laz,0,0,0,0,0,0.0,0.0,5.444,,,,,9.4445,hard_negative; additional_new_polygons=0; selected_spatial_novelty_km=2.89; downloaded=no,-123.7354906228,45.499232551,-123.7233395126,45.5077770399
86,USGS_LPC_OR_WesternWildfires_A22_s04710w13950.laz,hard_negative,False,185420274,0.18542,https://rockyweb.usgs.gov/vdelivery/Datasets/Staged/Elevation/LPC/Projects/OR_WesternWildfires_A22/OR_WWildfires_2_A22/LAZ/USGS_LPC_OR_WesternWildfires_A22_s04710w13950.laz,0,0,0,0,0,0.0,0.0,4.65,,,,,8.6499,hard_negative; additional_new_polygons=0; selected_spatial_novelty_km=3.66; downloaded=no,-123.7841283354,45.5308096523,-123.7719639213,45.5393586651
87,USGS_LPC_OR_WesternWildfires_A22_s05310w14400.laz,hard_negative,False,184839969,0.18484,https://rockyweb.usgs.gov/vdelivery/Datasets/Staged/Elevation/LPC/Projects/OR_WesternWildfires_A22/OR_WWildfires_2_A22/LAZ/USGS_LPC_OR_WesternWildfires_A22_s05310w14400.laz,0,0,0,0,0,0.0,0.0,7.337,,,,,11.3371,hard_negative; additional_new_polygons=0; selected_spatial_novelty_km=0.91; downloaded=no,-123.5566809755,45.6604723014,-123.5445203923,45.6689987669
88,USGS_LPC_OR_WesternWildfires_A22_s05130w13320.laz,hard_negative,False,123673056,0.123673,https://rockyweb.usgs.gov/vdelivery/Datasets/Staged/Elevation/LPC/Projects/OR_WesternWildfires_A22/OR_WWildfires_2_A22/LAZ/USGS_LPC_OR_WesternWildfires_A22_s05130w13320.laz,0,0,0,0,0,0.0,0.0,4.593,,,,,8.5931,hard_negative; additional_new_polygons=0; selected_spatial_novelty_km=3.66; downloaded=no,-123.6110303937,45.3626454947,-123.5989249583,45.3711786314
89,USGS_LPC_OR_WesternWildfires_A22_s04530w14160.laz,hard_negative,False,185887026,0.185887,https://rockyweb.usgs.gov/vdelivery/Datasets/Staged/Elevation/LPC/Projects/OR_WesternWildfires_A22/OR_WWildfires_2_A22/LAZ/USGS_LPC_OR_WesternWildfires_A22_s04530w14160.laz,0,0,0,0,0,0.0,0.0,6.393,,,,,10.3929,hard_negative; additional_new_polygons=0; selected_spatial_novelty_km=1.83; downloaded=no,-123.8576637955,45.5863563142,-123.8454775979,45.5949121167
90,USGS_LPC_OR_WesternWildfires_A22_s05280w14370.laz,hard_negative,False,109613788,0.109614,https://rockyweb.usgs.gov/vdelivery/Datasets/Staged/Elevation/LPC/Projects/OR_WesternWildfires_A22/OR_WWildfires_2_A22/LAZ/USGS_LPC_OR_WesternWildfires_A22_s05280w14370.laz,0,0,0,0,0,0.0,0.0,7.097,,,,,11.0965,hard_negative; additional_new_polygons=0; selected_spatial_novelty_km=0.91; downloaded=no,-123.5679680881,45.6519447008,-123.5558077543,45.6604722986
91,USGS_LPC_OR_WesternWildfires_A22_s05250w14340.laz,hard_negative,False,191355092,0.191355,https://rockyweb.usgs.gov/vdelivery/Datasets/Staged/Elevation/LPC/Projects/OR_WesternWildfires_A22/OR_WWildfires_2_A22/LAZ/USGS_LPC_OR_WesternWildfires_A22_s05250w14340.laz,0,0,0,0,0,0.0,0.0,7.087,,,,,11.0872,hard_negative; additional_new_polygons=0; selected_spatial_novelty_km=0.91; downloaded=no,-123.5792518572,45.6434159685,-123.5670917736,45.6519446979
92,USGS_LPC_OR_WesternWildfires_A22_s04800w14520.laz,hard_negative,False,161415555,0.161416,https://rockyweb.usgs.gov/vdelivery/Datasets/Staged/Elevation/LPC/Projects/OR_WesternWildfires_A22/OR_WWildfires_2_A22/LAZ/USGS_LPC_OR_WesternWildfires_A22_s04800w14520.laz,0,0,0,0,0,0.0,0.0,6.895,,,,,10.8947,hard_negative; additional_new_polygons=0; selected_spatial_novelty_km=0.91; downloaded=no,-123.7578581271,45.6879782161,-123.7456640933,45.6965239048
93,USGS_LPC_OR_WesternWildfires_A22_s04500w14010.laz,hard_negative,False,186213976,0.186214,https://rockyweb.usgs.gov/vdelivery/Datasets/Staged/Elevation/LPC/Projects/OR_WesternWildfires_A22/OR_WWildfires_2_A22/LAZ/USGS_LPC_OR_WesternWildfires_A22_s04500w14010.laz,0,0,0,0,0,0.0,0.0,6.894,,,,,10.8945,hard_negative; additional_new_polygons=0; selected_spatial_novelty_km=0.91; downloaded=no,-123.8669703623,45.544918825,-123.8547916458,45.5534757271
94,USGS_LPC_OR_WesternWildfires_A22_s05160w14370.laz,hard_negative,False,185830850,0.185831,https://rockyweb.usgs.gov/vdelivery/Datasets/Staged/Elevation/LPC/Projects/OR_WesternWildfires_A22/OR_WWildfires_2_A22/LAZ/USGS_LPC_OR_WesternWildfires_A22_s05160w14370.laz,0,0,0,0,0,0.0,0.0,4.858,,,,,8.8583,hard_negative; additional_new_polygons=0; selected_spatial_novelty_km=2.89; downloaded=no,-123.6148619818,45.6507061564,-123.6026954658,45.6592382791
95,USGS_LPC_OR_WesternWildfires_A22_s04620w13980.laz,hard_negative,False,232301458,0.232301,https://rockyweb.usgs.gov/vdelivery/Datasets/Staged/Elevation/LPC/Projects/OR_WesternWildfires_A22/OR_WWildfires_2_A22/LAZ/USGS_LPC_OR_WesternWildfires_A22_s04620w13980.laz,0,0,0,0,0,0.0,0.0,5.121,,,,,9.1213,hard_negative; additional_new_polygons=0; selected_spatial_novelty_km=2.59; downloaded=no,-123.8196947107,45.5380379951,-123.8075239086,45.5465903905
96,USGS_LPC_OR_WesternWildfires_A22_s04830w14490.laz,hard_negative,False,139646135,0.139646,https://rockyweb.usgs.gov/vdelivery/Datasets/Staged/Elevation/LPC/Projects/OR_WesternWildfires_A22/OR_WWildfires_2_A22/LAZ/USGS_LPC_OR_WesternWildfires_A22_s04830w14490.laz,0,0,0,0,0,0.0,0.0,6.393,,,,,10.393,hard_negative; additional_new_polygons=0; selected_spatial_novelty_km=1.29; downloaded=no,-123.7456640893,45.6800838891,-123.7334734011,45.688628447
97,USGS_LPC_OR_WesternWildfires_A22_s04410w13950.laz,hard_negative,False,95947838,0.095948,https://rockyweb.usgs.gov/vdelivery/Datasets/Staged/Elevation/LPC/Projects/OR_WesternWildfires_A22/OR_WWildfires_2_A22/LAZ/USGS_LPC_OR_WesternWildfires_A22_s04410w13950.laz,0,0,0,0,0,0.0,0.0,7.094,,,,,11.0941,hard_negative; additional_new_polygons=0; selected_spatial_novelty_km=0.51; downloaded=no,-123.9011007692,45.5274615822,-123.888921075,45.5360218459
98,USGS_LPC_OR_WesternWildfires_A22_s05310w14460.laz,hard_negative,False,186597083,0.186597,https://rockyweb.usgs.gov/vdelivery/Datasets/Staged/Elevation/LPC/Projects/OR_WesternWildfires_A22/OR_WWildfires_2_A22/LAZ/USGS_LPC_OR_WesternWildfires_A22_s05310w14460.laz,0,0,0,0,0,0.0,0.0,6.638,,,,,10.6378,hard_negative; additional_new_polygons=0; selected_spatial_novelty_km=0.91; downloaded=no,-123.5575546998,45.6769139709,-123.5453905225,45.6854404347
99,USGS_LPC_OR_WesternWildfires_A22_s05280w13890.laz,hard_negative,False,211528807,0.211529,https://rockyweb.usgs.gov/vdelivery/Datasets/Staged/Elevation/LPC/Projects/OR_WesternWildfires_A22/OR_WWildfires_2_A22/LAZ/USGS_LPC_OR_WesternWildfires_A22_s05280w13890.laz,0,0,0,0,0,0.0,0.0,5.492,,,,,9.4925,hard_negative; additional_new_polygons=0; selected_spatial_novelty_km=2.04; downloaded=no,-123.5609715228,45.5204053253,-123.5488398638,45.5289329075
100,USGS_LPC_OR_WesternWildfires_A22_s05280w13470.laz,hard_negative,False,162461227,0.162461,https://rockyweb.usgs.gov/vdelivery/Datasets/Staged/Elevation/LPC/Projects/OR_WesternWildfires_A22/OR_WWildfires_2_A22/LAZ/USGS_LPC_OR_WesternWildfires_A22_s05280w13470.laz,0,0,0,0,0,0.0,0.0,2.872,,,,,6.8722,hard_negative; additional_new_polygons=0; selected_spatial_novelty_km=4.66; downloaded=no,-123.5548756416,45.4052999929,-123.5427689626,45.4138275265
