left_id,right_id,left_project,right_project,iou,smaller_overlap,left_overlap,right_overlap,intersection_area,left_area,right_area,area_ratio_small_to_large
USGS Lidar Point Cloud OR_WesternWildfires_A22 s04980w14430,USGS Lidar Point Cloud OR_NORTHCOAST_2008_2009 OR_NorthCoast_2008-2009_002476,USGS_LPC_OR_WesternWildfires_A22,USGS_LPC_legacy,0.6809052259138204,0.9261145277514745,0.9261145277514745,0.7200185483692949,9.631457012864662e-05,0.00010399855227677943,0.00013376679024003035,0.7774616710931394
USGS Lidar Point Cloud OR_WesternWildfires_A22 s04620w14250,USGS Lidar Point Cloud OR_TILLAMOOK_ODF_2007 000638,USGS_LPC_OR_WesternWildfires_A22,USGS_LPC_legacy,0.6597588982386811,1.0,0.6597588982386811,1.0,6.87657707100316e-05,0.00010422863699695672,6.87657707100316e-05,0.6597588982386811
USGS Lidar Point Cloud OR_WesternWildfires_A22 s04710w14310,USGS Lidar Point Cloud OR_NORTHCOAST_2008_2009 OR_NorthCoast_2008-2009_002374,USGS_LPC_OR_WesternWildfires_A22,USGS_LPC_legacy,0.6579318960076146,0.8148195028099654,0.8148195028099654,0.7736055167292286,8.488706418192798e-05,0.00010417897938032736,0.00010972913500000219,0.9494194899132785
USGS Lidar Point Cloud OR_WesternWildfires_A22 s05010w14430,USGS Lidar Point Cloud OR_NORTHCOAST_2008_2009 OR_NorthCoast_2008-2009_002475,USGS_LPC_OR_WesternWildfires_A22,USGS_LPC_legacy,0.6555028191116151,0.8132843157314191,0.8132843157314191,0.7716262821825913,8.455848659089078e-05,0.00010397161847987189,0.00010958476731988965,0.9487780192694814
USGS Lidar Point Cloud OR_WesternWildfires_A22 s05130w13470,USGS Lidar Point Cloud OR_OLC_TILLAMOOKYAMHILL_2012 000607,USGS_LPC_OR_WesternWildfires_A22,USGS_LPC_legacy,0.6399134958163948,0.9701475830834644,0.9701475830834644,0.65276698821166,0.00010028773887292268,0.00010337369346854793,0.00015363482021000168,0.6728532849991141
USGS Lidar Point Cloud OR_WesternWildfires_A22 s05130w13410,USGS Lidar Point Cloud OR_OLC_TILLAMOOKYAMHILL_2012 000610,USGS_LPC_OR_WesternWildfires_A22,USGS_LPC_legacy,0.6036198882106986,1.0,1.0,0.6036198882106986,0.00010334314306458915,0.00010334314306458915,0.00017120566284011562,0.6036198882106986
USGS Lidar Point Cloud OR_WesternWildfires_A22 s05040w13650,USGS Lidar Point Cloud OR_OLC_TILLAMOOKYAMHILL_2012 000645,USGS_LPC_OR_WesternWildfires_A22,USGS_LPC_legacy,0.5979047613941024,0.8830978240341142,0.8830978240341142,0.6492959273583097,9.144093999722289e-05,0.00010354565203151323,0.00014083091568008836,0.735248020872971
USGS Lidar Point Cloud OR_WesternWildfires_A22 s05160w13320,USGS Lidar Point Cloud OR_COAST_CENTRAL_OLC_2011_2012 OR_Coast_Central_OLC_2011-2012_000731,USGS_LPC_OR_WesternWildfires_A22,USGS_LPC_legacy,0.5951989255978528,0.9174772087416792,0.9174772087416792,0.6288654675592003,9.474847974733301e-05,0.00010327066312337136,0.0001506657379599454,0.6854289802159662
USGS Lidar Point Cloud OR_WesternWildfires_A22 s05010w13650,USGS Lidar Point Cloud OR_OLC_TILLAMOOKYAMHILL_2012 000644,USGS_LPC_OR_WesternWildfires_A22,USGS_LPC_legacy,0.5790001223657222,1.0,1.0,0.5790001223657222,0.00010357239341266932,0.00010357239341266932,0.00017888147067998098,0.5790001223657222
USGS Lidar Point Cloud OR_WesternWildfires_A22 s04650w14250,USGS Lidar Point Cloud OR_TILLAMOOK_ODF_2007 000649,USGS_LPC_OR_WesternWildfires_A22,USGS_LPC_legacy,0.5767394830628293,1.0,1.0,0.5767394830628293,0.00010420178758386949,0.00010420178758386949,0.00018067392755997228,0.5767394830628293
USGS Lidar Point Cloud OR_WesternWildfires_A22 s05160w13380,USGS Lidar Point Cloud OR_COAST_CENTRAL_OLC_2011_2012 OR_Coast_Central_OLC_2011-2012_000866,USGS_LPC_OR_WesternWildfires_A22,USGS_LPC_legacy,0.5707321516969442,0.9909524391477821,0.9909524391477821,0.5737217466560268,0.00010236656082195286,0.00010330118457550594,0.00017842545000011376,0.5789599217793205
USGS Lidar Point Cloud OR_WesternWildfires_A22 s05130w13380,USGS Lidar Point Cloud OR_OLC_TILLAMOOKYAMHILL_2012 000612,USGS_LPC_OR_WesternWildfires_A22,USGS_LPC_legacy,0.5668464672740009,1.0,1.0,0.5668464672740009,0.00010332787187064814,0.00010332787187064814,0.0001822854649999993,0.5668464672740009
USGS Lidar Point Cloud OR_WesternWildfires_A22 s05310w13920,USGS Lidar Point Cloud OR_TILLAMOOK_ODF_2007 000271,USGS_LPC_OR_WesternWildfires_A22,USGS_LPC_legacy,0.566217270082119,1.0,1.0,0.566217270082119,0.00010344215811549956,0.00010344215811549956,0.00018268986762006971,0.566217270082119
USGS Lidar Point Cloud OR_WesternWildfires_A22 s05250w14010,USGS Lidar Point Cloud OR_TILLAMOOK_ODF_2007 000239,USGS_LPC_OR_WesternWildfires_A22,USGS_LPC_legacy,0.5640571245673318,1.0,1.0,0.5640571245673318,0.00010354169715499411,0.00010354169715499411,0.00018356597699996656,0.5640571245673318
USGS Lidar Point Cloud OR_WesternWildfires_A22 s05190w14190,USGS Lidar Point Cloud OR_TILLAMOOK_ODF_2007 000192,USGS_LPC_OR_WesternWildfires_A22,USGS_LPC_legacy,0.5640525060053972,1.0,1.0,0.5640525060053972,0.00010368729156622953,0.00010368729156622953,0.00018382560215987655,0.5640525060053972
USGS Lidar Point Cloud OR_WesternWildfires_A22 s05190w14100,USGS Lidar Point Cloud OR_TILLAMOOK_ODF_2007 000202,USGS_LPC_OR_WesternWildfires_A22,USGS_LPC_legacy,0.5640254367876241,1.0,1.0,0.5640254367876241,0.00010364133650857947,0.00010364133650857947,0.00018375294756006576,0.5640254367876241
USGS Lidar Point Cloud OR_WesternWildfires_A22 s05130w14280,USGS Lidar Point Cloud OR_TILLAMOOK_ODF_2007 000418,USGS_LPC_OR_WesternWildfires_A22,USGS_LPC_legacy,0.5640253726855794,1.0,1.0,0.5640253726855794,0.00010378709642170745,0.00010378709642170745,0.00018401139638014906,0.5640253726855794
USGS Lidar Point Cloud OR_WesternWildfires_A22 s05220w14100,USGS Lidar Point Cloud OR_TILLAMOOK_ODF_2007 000203,USGS_LPC_OR_WesternWildfires_A22,USGS_LPC_legacy,0.5639930226657075,1.0,1.0,0.5639930226657075,0.0001036144620085405,0.0001036144620085405,0.00018371585789981544,0.5639930226657075
USGS Lidar Point Cloud OR_WesternWildfires_A22 s05160w14190,USGS Lidar Point Cloud OR_TILLAMOOK_ODF_2007 000191,USGS_LPC_OR_WesternWildfires_A22,USGS_LPC_legacy,0.563965770013807,1.0,1.0,0.563965770013807,0.00010371418489213648,0.00010371418489213648,0.00018390155999999317,0.563965770013807
USGS Lidar Point Cloud OR_WesternWildfires_A22 s05100w14280,USGS Lidar Point Cloud OR_TILLAMOOK_ODF_2007 000763,USGS_LPC_OR_WesternWildfires_A22,USGS_LPC_legacy,0.5639346508065274,1.0,1.0,0.5639346508065274,0.0001038140057353504,0.0001038140057353504,0.0001840887159299004,0.5639346508065274
USGS Lidar Point Cloud OR_WesternWildfires_A22 s05280w14010,USGS Lidar Point Cloud OR_TILLAMOOK_ODF_2007 000260,USGS_LPC_OR_WesternWildfires_A22,USGS_LPC_legacy,0.5638969835188504,1.0,1.0,0.5638969835188504,0.00010351483983365649,0.00010351483983365649,0.00018357047982008954,0.5638969835188504
USGS Lidar Point Cloud OR_WesternWildfires_A22 s04950w14520,USGS Lidar Point Cloud OR_NORTHCOAST_2008_2009 OR_NorthCoast_2008-2009_002522,USGS_LPC_OR_WesternWildfires_A22,USGS_LPC_legacy,0.5638597144174967,1.0,1.0,0.5638597144174967,0.00010407170016061109,0.00010407170016061109,0.00018457019982022274,0.5638597144174967
USGS Lidar Point Cloud OR_WesternWildfires_A22 s04980w14520,USGS Lidar Point Cloud OR_NORTHCOAST_2008_2009 OR_NorthCoast_2008-2009_002501,USGS_LPC_OR_WesternWildfires_A22,USGS_LPC_legacy,0.5638309179435886,1.0,1.0,0.5638309179435886,0.00010404474712931647,0.00010404474712931647,0.00018453182295995725,0.5638309179435886
USGS Lidar Point Cloud OR_WesternWildfires_A22 s05070w14340,USGS Lidar Point Cloud OR_TILLAMOOK_ODF_2007 000757,USGS_LPC_OR_WesternWildfires_A22,USGS_LPC_legacy,0.5637964948620071,1.0,1.0,0.5637964948620071,0.00010387167022603161,0.00010387167022603161,0.00018423610500000517,0.5637964948620071
USGS Lidar Point Cloud OR_WesternWildfires_A22 s05070w14370,USGS Lidar Point Cloud OR_TILLAMOOK_ODF_2007 000752,USGS_LPC_OR_WesternWildfires_A22,USGS_LPC_legacy,0.5637665380027186,1.0,1.0,0.5637665380027186,0.00010388703620575187,0.00010388703620575187,0.00018427315068006203,0.5637665380027186
USGS Lidar Point Cloud OR_WesternWildfires_A22 s05310w13950,USGS Lidar Point Cloud OR_TILLAMOOK_ODF_2007 000266,USGS_LPC_OR_WesternWildfires_A22,USGS_LPC_legacy,0.5634796884079845,0.9969423759845947,0.9969423759845947,0.5644551760006076,0.00010314109510973649,0.00010345742902930859,0.00018272681250003361,0.5661863610152427
USGS Lidar Point Cloud OR_WesternWildfires_A22 s05010w14520,USGS Lidar Point Cloud OR_NORTHCOAST_2008_2009 OR_NorthCoast_2008-2009_002500,USGS_LPC_OR_WesternWildfires_A22,USGS_LPC_legacy,0.562279959110422,0.9981414220433947,0.9981414220433947,0.5628692759500803,0.00010382446485600251,0.00010401779002764269,0.0001844557329599395,0.563917360325328
USGS Lidar Point Cloud OR_WesternWildfires_A22 s05250w14100,USGS Lidar Point Cloud OR_TILLAMOOK_ODF_2007 000204,USGS_LPC_OR_WesternWildfires_A22,USGS_LPC_legacy,0.5613728183553599,0.9969266648123815,0.9969266648123815,0.5623460175038376,0.00010326922614105065,0.00010358758551260698,0.0001836400062001789,0.5640796232586168
USGS Lidar Point Cloud OR_WesternWildfires_A22 s04890w13800,USGS Lidar Point Cloud OR_TILLAMOOK_ODF_2007 000451,USGS_LPC_OR_WesternWildfires_A22,USGS_LPC_legacy,0.5611420737511503,1.0,1.0,0.5611420737511503,0.00010375612278882369,0.00010375612278882369,0.00018490169894983926,0.5611420737511503
USGS Lidar Point Cloud OR_WesternWildfires_A22 s04830w13980,USGS Lidar Point Cloud OR_TILLAMOOK_ODF_2007 000594,USGS_LPC_OR_WesternWildfires_A22,USGS_LPC_legacy,0.5611411737658859,1.0,1.0,0.5611411737658859,0.00010390196768716847,0.00010390196768716847,0.00018516190318003197,0.5611411737658859
USGS Lidar Point Cloud OR_WesternWildfires_A22 s04950w13740,USGS Lidar Point Cloud OR_TILLAMOOK_ODF_2007 000475,USGS_LPC_OR_WesternWildfires_A22,USGS_LPC_legacy,0.5611343231632595,1.0,1.0,0.5611343231632595,0.00010367189158989461,0.00010367189158989461,0.00018475414407992244,0.5611343231632595
USGS Lidar Point Cloud OR_WesternWildfires_A22 s04830w13890,USGS Lidar Point Cloud OR_TILLAMOOK_ODF_2007 000604,USGS_LPC_OR_WesternWildfires_A22,USGS_LPC_legacy,0.5611204937407073,1.0,1.0,0.5611204937407073,0.00010385579541113267,0.00010385579541113267,0.00018508644144999673,0.5611204937407073
USGS Lidar Point Cloud OR_WesternWildfires_A22 s04860w13890,USGS Lidar Point Cloud OR_TILLAMOOK_ODF_2007 000605,USGS_LPC_OR_WesternWildfires_A22,USGS_LPC_legacy,0.5610881722292503,1.0,1.0,0.5610881722292503,0.00010382901420499358,0.00010382901420499358,0.00018504937252993982,0.5610881722292503
USGS Lidar Point Cloud OR_WesternWildfires_A22 s04980w13650,USGS Lidar Point Cloud OR_OLC_TILLAMOOKYAMHILL_2012 000643,USGS_LPC_OR_WesternWildfires_A22,USGS_LPC_legacy,0.5610821106229833,1.0,1.0,0.5610821106229833,0.00010359913240263087,0.00010359913240263087,0.00018464166017983035,0.5610821106229833
USGS Lidar Point Cloud OR_WesternWildfires_A22 s04920w13830,USGS Lidar Point Cloud OR_TILLAMOOK_ODF_2007 000612,USGS_LPC_OR_WesternWildfires_A22,USGS_LPC_legacy,0.5610803673887483,1.0,1.0,0.5610803673887483,0.0001037447131776851,0.0001037447131776851,0.00018490169895002737,0.5610803673887483
USGS Lidar Point Cloud OR_WesternWildfires_A22 s05190w13320,USGS Lidar Point Cloud OR_COAST_CENTRAL_OLC_2011_2012 OR_Coast_Central_OLC_2011-2012_000732,USGS_LPC_OR_WesternWildfires_A22,USGS_LPC_legacy,0.561074084249963,1.0,1.0,0.561074084249963,0.000103243987068713,0.000103243987068713,0.0001840113275000543,0.561074084249963
USGS Lidar Point Cloud OR_WesternWildfires_A22 s05070w13560,USGS Lidar Point Cloud OR_OLC_TILLAMOOKYAMHILL_2012 000666,USGS_LPC_OR_WesternWildfires_A22,USGS_LPC_legacy,0.561072676696287,1.0,1.0,0.561072676696287,0.00010347302883781628,0.00010347302883781628,0.00018442001033999207,0.561072676696287
USGS Lidar Point Cloud OR_WesternWildfires_A22 s04890w13890,USGS Lidar Point Cloud OR_TILLAMOOK_ODF_2007 000606,USGS_LPC_OR_WesternWildfires_A22,USGS_LPC_legacy,0.5610520221740403,1.0,1.0,0.5610520221740403,0.00010380222853408351,0.00010380222853408351,0.00018501355388018495,0.5610520221740403
USGS Lidar Point Cloud OR_WesternWildfires_A22 s04740w13350,USGS Lidar Point Cloud OR_COAST_CENTRAL_OLC_2011_2012 OR_Coast_Central_OLC_2011-2012_000798,USGS_LPC_OR_WesternWildfires_A22,USGS_LPC_legacy,0.561045656566165,1.0,1.0,0.561045656566165,0.00010365919073016782,0.00010365919073016782,0.00018476070444000154,0.561045656566165
USGS Lidar Point Cloud OR_WesternWildfires_A22 s04560w14400,USGS Lidar Point Cloud OR_NORTHCOAST_2008_2009 OR_NorthCoast_2008-2009_002409,USGS_LPC_OR_WesternWildfires_A22,USGS_LPC_legacy,0.5610275595790399,1.0,1.0,0.5610275595790399,0.00010435977993171731,0.00010435977993171731,0.00018601542499983845,0.5610275595790399
USGS Lidar Point Cloud OR_WesternWildfires_A22 s05100w13470,USGS Lidar Point Cloud OR_OLC_TILLAMOOKYAMHILL_2012 000606,USGS_LPC_OR_WesternWildfires_A22,USGS_LPC_legacy,0.5610169452025145,1.0,1.0,0.5610169452025145,0.00010340040107248861,0.00010340040107248861,0.00018430887330000945,0.5610169452025145
USGS Lidar Point Cloud OR_WesternWildfires_A22 s05160w13410,USGS Lidar Point Cloud OR_COAST_CENTRAL_OLC_2011_2012 OR_Coast_Central_OLC_2011-2012_000862,USGS_LPC_OR_WesternWildfires_A22,USGS_LPC_legacy,0.5610143624608571,1.0,1.0,0.5610143624608571,0.00010331644827859706,0.00010331644827859706,0.00018416007715988842,0.5610143624608571
USGS Lidar Point Cloud OR_WesternWildfires_A22 s04980w13740,USGS Lidar Point Cloud OR_TILLAMOOK_ODF_2007 000476,USGS_LPC_OR_WesternWildfires_A22,USGS_LPC_legacy,0.5609956047206802,1.0,1.0,0.5609956047206802,0.00010364513346493099,0.00010364513346493099,0.00018475213101987832,0.5609956047206802
USGS Lidar Point Cloud OR_WesternWildfires_A22 s04890w13830,USGS Lidar Point Cloud OR_TILLAMOOK_ODF_2007 000611,USGS_LPC_OR_WesternWildfires_A22,USGS_LPC_legacy,0.5609940336240653,1.0,1.0,0.5609940336240653,0.00010377148841800333,0.00010377148841800333,0.00018497788246985694,0.5609940336240653
USGS Lidar Point Cloud OR_WesternWildfires_A22 s05040w13560,USGS Lidar Point Cloud OR_OLC_TILLAMOOKYAMHILL_2012 000665,USGS_LPC_OR_WesternWildfires_A22,USGS_LPC_legacy,0.5609920127334442,1.0,1.0,0.5609920127334442,0.00010349971745008566,0.00010349971745008566,0.00018449410169991783,0.5609920127334442
USGS Lidar Point Cloud OR_WesternWildfires_A22 s04650w14220,USGS Lidar Point Cloud OR_TILLAMOOK_ODF_2007 000654,USGS_LPC_OR_WesternWildfires_A22,USGS_LPC_legacy,0.5609884575224434,1.0,1.0,0.5609884575224434,0.00010418632620524495,0.00010418632620524495,0.0001857191976201699,0.5609884575224434
USGS Lidar Point Cloud OR_WesternWildfires_A22 s04710w14160,USGS Lidar Point Cloud OR_TILLAMOOK_ODF_2007 000661,USGS_LPC_OR_WesternWildfires_A22,USGS_LPC_legacy,0.5609796678375928,1.0,1.0,0.5609796678375928,0.00010410174777589814,0.00010410174777589814,0.00018557133840015795,0.5609796678375928
USGS Lidar Point Cloud OR_WesternWildfires_A22 s04710w13350,USGS Lidar Point Cloud OR_COAST_CENTRAL_OLC_2011_2012 OR_Coast_Central_OLC_2011-2012_000797,USGS_LPC_OR_WesternWildfires_A22,USGS_LPC_legacy,0.5609724857065295,1.0,1.0,0.5609724857065295,0.00010368579224818792,0.00010368579224818792,0.00018483222420008445,0.5609724857065295
USGS Lidar Point Cloud OR_WesternWildfires_A22 s04740w14160,USGS Lidar Point Cloud OR_TILLAMOOK_ODF_2007 000662,USGS_LPC_OR_WesternWildfires_A22,USGS_LPC_legacy,0.5609513480880335,1.0,1.0,0.5609513480880335,0.00010407494683359958,0.00010407494683359958,0.00018553292934999144,0.5609513480880335
USGS Lidar Point Cloud OR_WesternWildfires_A22 s04800w13980,USGS Lidar Point Cloud OR_TILLAMOOK_ODF_2007 000593,USGS_LPC_OR_WesternWildfires_A22,USGS_LPC_legacy,0.5609466566835827,1.0,1.0,0.5609466566835827,0.00010392877134823713,0.00010392877134823713,0.00018527389388980884,0.5609466566835827
USGS Lidar Point Cloud OR_WesternWildfires_A22 s04620w14310,USGS Lidar Point Cloud OR_NORTHCOAST_2008_2009 OR_NorthCoast_2008-2009_002397,USGS_LPC_OR_WesternWildfires_A22,USGS_LPC_legacy,0.560936404604305,1.0,1.0,0.560936404604305,0.0001042595807379913,0.0001042595807379913,0.00018586702499998718,0.560936404604305
USGS Lidar Point Cloud OR_WesternWildfires_A22 s04680w14250,USGS Lidar Point Cloud OR_TILLAMOOK_ODF_2007 000650,USGS_LPC_OR_WesternWildfires_A22,USGS_LPC_legacy,0.5609315890006771,1.0,1.0,0.5609315890006771,0.00010417493491577168,0.00010417493491577168,0.0001857177184500585,0.5609315890006771
USGS Lidar Point Cloud OR_WesternWildfires_A22 s05070w13470,USGS Lidar Point Cloud OR_OLC_TILLAMOOKYAMHILL_2012 000676,USGS_LPC_OR_WesternWildfires_A22,USGS_LPC_legacy,0.5609265140760626,1.0,1.0,0.5609265140760626,0.00010342713957478005,0.00010342713957478005,0.0001843862555599487,0.5609265140760626
USGS Lidar Point Cloud OR_WesternWildfires_A22 s04740w14070,USGS Lidar Point Cloud OR_TILLAMOOK_ODF_2007 000672,USGS_LPC_OR_WesternWildfires_A22,USGS_LPC_legacy,0.5609263442596045,1.0,1.0,0.5609263442596045,0.00010402866180685304,0.00010402866180685304,0.00018545868432007025,0.5609263442596045
USGS Lidar Point Cloud OR_WesternWildfires_A22 s04770w14070,USGS Lidar Point Cloud OR_TILLAMOOK_ODF_2007 000673,USGS_LPC_OR_WesternWildfires_A22,USGS_LPC_legacy,0.5608937066418287,1.0,1.0,0.5608937066418287,0.00010400180851546596,0.00010400180851546596,0.0001854216000000133,0.5608937066418287
USGS Lidar Point Cloud OR_WesternWildfires_A22 s04680w14160,USGS Lidar Point Cloud OR_TILLAMOOK_ODF_2007 000660,USGS_LPC_OR_WesternWildfires_A22,USGS_LPC_legacy,0.5608935765931958,1.0,1.0,0.5608935765931958,0.00010412858123741077,0.00010412858123741077,0.0001856476621997991,0.5608935765931958
USGS Lidar Point Cloud OR_WesternWildfires_A22 s04590w14400,USGS Lidar Point Cloud OR_NORTHCOAST_2008_2009 OR_NorthCoast_2008-2009_002408,USGS_LPC_OR_WesternWildfires_A22,USGS_LPC_legacy,0.5608830622052973,1.0,1.0,0.5608830622052973,0.00010433290119143482,0.00010433290119143482,0.00018601542500002675,0.5608830622052973
USGS Lidar Point Cloud OR_WesternWildfires_A22 s04590w14310,USGS Lidar Point Cloud OR_NORTHCOAST_2008_2009 OR_NorthCoast_2008-2009_002398,USGS_LPC_OR_WesternWildfires_A22,USGS_LPC_legacy,0.560846436144634,1.0,1.0,0.560846436144634,0.00010428644232599844,0.00010428644232599844,0.0001859447356800258,0.560846436144634
USGS Lidar Point Cloud OR_WesternWildfires_A22 s04920w13740,USGS Lidar Point Cloud OR_TILLAMOOK_ODF_2007 000457,USGS_LPC_OR_WesternWildfires_A22,USGS_LPC_legacy,0.5608250163978071,1.0,1.0,0.5608250163978071,0.00010369864561409713,0.00010369864561409713,0.00018490374462993124,0.5608250163978071
USGS Lidar Point Cloud OR_WesternWildfires_A22 s04650w14310,USGS Lidar Point Cloud OR_NORTHCOAST_2008_2009 OR_NorthCoast_2008-2009_002376,USGS_LPC_OR_WesternWildfires_A22,USGS_LPC_legacy,0.5607878781125158,1.0,1.0,0.5607878781125158,0.00010423271760482872,0.00010423271760482872,0.0001858683500000968,0.5607878781125158
USGS Lidar Point Cloud OR_WesternWildfires_A22 s05130w14190,USGS Lidar Point Cloud OR_TILLAMOOK_ODF_2007 000190,USGS_LPC_OR_WesternWildfires_A22,USGS_LPC_legacy,0.5606907859506874,0.9963725763735666,0.9963725763735666,0.5618376469055524,0.00010336476132881192,0.00010374107415222327,0.00018397621074008952,0.5638830897478501
USGS Lidar Point Cloud OR_WesternWildfires_A22 s05280w13920,USGS Lidar Point Cloud OR_TILLAMOOK_ODF_2007 000270,USGS_LPC_OR_WesternWildfires_A22,USGS_LPC_legacy,0.5606171643936296,0.9962934111585641,0.9962934111585641,0.561788892086094,0.0001030854792472793,0.00010346899627430422,0.00018349504715995966,0.5638789595454657
USGS Lidar Point Cloud OR_WesternWildfires_A22 s05100w14340,USGS Lidar Point Cloud OR_TILLAMOOK_ODF_2007 000758,USGS_LPC_OR_WesternWildfires_A22,USGS_LPC_legacy,0.5600660128376652,0.9955376741105607,0.9955376741105607,0.5614755406354534,0.0001033813257542779,0.00010384471471322415,0.00018412436210003992,0.563992257889276
USGS Lidar Point Cloud OR_WesternWildfires_A22 s04710w13380,USGS Lidar Point Cloud OR_COAST_CENTRAL_OLC_2011_2012 OR_Coast_Central_OLC_2011-2012_000923,USGS_LPC_OR_WesternWildfires_A22,USGS_LPC_legacy,0.5596558965532614,0.9986687627050668,0.9986687627050668,0.5600737272033579,0.00010356311393187348,0.00010370116478996991,0.0001849097875899303,0.5608203121186063
USGS Lidar Point Cloud OR_WesternWildfires_A22 s04950w13680,USGS Lidar Point Cloud OR_OLC_TILLAMOOKYAMHILL_2012 000640,USGS_LPC_OR_WesternWildfires_A22,USGS_LPC_legacy,0.558523062213738,0.8982679884555095,0.596237914257254,0.8982679884555095,6.179481732384333e-05,0.0001036412073875282,6.879329789998853e-05,0.6637639567702186
USGS Lidar Point Cloud OR_WesternWildfires_A22 s05100w14370,USGS Lidar Point Cloud OR_TILLAMOOK_ODF_2007 000753,USGS_LPC_OR_WesternWildfires_A22,USGS_LPC_legacy,0.5569553324591029,0.9920155083439742,0.9920155083439742,0.5594632934303297,0.00010303080328631017,0.0001038600731739619,0.00018416007715998736,0.5639662774670453
USGS Lidar Point Cloud OR_WesternWildfires_A22 s05040w14430,USGS Lidar Point Cloud OR_NORTHCOAST_2008_2009 OR_NorthCoast_2008-2009_002474,USGS_LPC_OR_WesternWildfires_A22,USGS_LPC_legacy,0.5569091000508077,0.7896693971700296,0.6539057223666892,0.7896693971700296,6.797002202016553e-05,0.00010394468146594707,8.607402320990591e-05,0.828075299245631
USGS Lidar Point Cloud OR_WesternWildfires_A22 s05310w13860,USGS Lidar Point Cloud OR_TILLAMOOK_ODF_2007 000276,USGS_LPC_OR_WesternWildfires_A22,USGS_LPC_legacy,0.5559101205540377,0.9908831813278057,0.9908831813278057,0.5587680863995621,0.00010246883766091666,0.00010341162267342767,0.00018338348262009289,0.5639091438112819
USGS Lidar Point Cloud OR_WesternWildfires_A22 s04950w14430,USGS Lidar Point Cloud OR_NORTHCOAST_2008_2009 OR_NorthCoast_2008-2009_002487,USGS_LPC_OR_WesternWildfires_A22,USGS_LPC_legacy,0.554120944394636,0.8997750859057106,0.8997750859057106,0.5905728084291101,9.359953777113528e-05,0.0001040254828537715,0.00015848941304985695,0.6563560357249073
USGS Lidar Point Cloud OR_WesternWildfires_A22 s05010w13560,USGS Lidar Point Cloud OR_OLC_TILLAMOOKYAMHILL_2012 000664,USGS_LPC_OR_WesternWildfires_A22,USGS_LPC_legacy,0.5530094056709798,0.9907986257958443,0.9907986257958443,0.555864158338386,0.00010257385133705868,0.0001035264368222834,0.00018453042851994096,0.5610263719248665
USGS Lidar Point Cloud OR_WesternWildfires_A22 s05040w14340,USGS Lidar Point Cloud OR_TILLAMOOK_ODF_2007 000756,USGS_LPC_OR_WesternWildfires_A22,USGS_LPC_legacy,0.5522162007539324,0.9866041350585508,0.9866041350585508,0.5563879160500359,0.00010250674252212847,0.00010389855351259512,0.00018423610500000517,0.563942412441862
USGS Lidar Point Cloud OR_WesternWildfires_A22 s04800w14070,USGS Lidar Point Cloud OR_TILLAMOOK_ODF_2007 000558,USGS_LPC_OR_WesternWildfires_A22,USGS_LPC_legacy,0.5503346108344266,0.9877599805394723,0.9877599805394723,0.5541134306595231,0.00010270233307230888,0.00010397498896059471,0.00018534532351989618,0.5609798347538741
USGS Lidar Point Cloud OR_WesternWildfires_A22 s05100w13410,USGS Lidar Point Cloud OR_OLC_TILLAMOOKYAMHILL_2012 000609,USGS_LPC_OR_WesternWildfires_A22,USGS_LPC_legacy,0.5478808693606912,0.9849327308251022,0.9849327308251022,0.5525116644529743,0.00010181233419009155,0.0001033698353234752,0.00018427182761995256,0.5609638578973021
USGS Lidar Point Cloud OR_WesternWildfires_A22 s05160w13290,USGS Lidar Point Cloud OR_COAST_CENTRAL_OLC_2011_2012 OR_Coast_Central_OLC_2011-2012_000734,USGS_LPC_OR_WesternWildfires_A22,USGS_LPC_legacy,0.547245240088402,0.9293651751478459,0.9293651751478459,0.5709942897572057,9.596197981978626e-05,0.00010325540743929895,0.00016806118999997455,0.6143917429081311
USGS Lidar Point Cloud OR_WesternWildfires_A22 s04680w14220,USGS Lidar Point Cloud OR_TILLAMOOK_ODF_2007 000655,USGS_LPC_OR_WesternWildfires_A22,USGS_LPC_legacy,0.5471359823683273,0.9840758280382728,0.9840758280382728,0.5520234182570913,0.00010250082793790949,0.00010415948143167177,0.00018568202823991833,0.5609561809454607
USGS Lidar Point Cloud OR_WesternWildfires_A22 s04860w13830,USGS Lidar Point Cloud OR_TILLAMOOK_ODF_2007 000610,USGS_LPC_OR_WesternWildfires_A22,USGS_LPC_legacy,0.5465992376149348,0.9834900561716776,0.9834900561716776,0.5516611784751313,0.0001020845549259502,0.00010379825834063172,0.00018504937252993982,0.5609219686699441
USGS Lidar Point Cloud OR_WesternWildfires_A22 s04770w13980,USGS Lidar Point Cloud OR_TILLAMOOK_ODF_2007 000704,USGS_LPC_OR_WesternWildfires_A22,USGS_LPC_legacy,0.5459799239491524,0.9827007203843089,0.9827007203843089,0.5512784421109422,0.00010215721321959318,0.00010395556968722088,0.00018530964647994435,0.5609830446601805
USGS Lidar Point Cloud OR_WesternWildfires_A22 s05040w14370,USGS Lidar Point Cloud OR_TILLAMOOK_ODF_2007 000751,USGS_LPC_OR_WesternWildfires_A22,USGS_LPC_legacy,0.5453729641692546,0.978719156485494,0.978719156485494,0.5519177999648677,0.00010170255015709941,0.00010391392615865978,0.00018427119068015798,0.5639184604772246
USGS Lidar Point Cloud OR_WesternWildfires_A22 s04920w13800,USGS Lidar Point Cloud OR_TILLAMOOK_ODF_2007 000452,USGS_LPC_OR_WesternWildfires_A22,USGS_LPC_legacy,0.5451914570319679,0.9817662943464169,0.9817662943464169,0.5507682530904319,0.00010183798572415952,0.00010372935627409705,0.00018490169895002737,0.5609973129675329
USGS Lidar Point Cloud OR_WesternWildfires_A22 s05070w14280,USGS Lidar Point Cloud OR_TILLAMOOK_ODF_2007 000762,USGS_LPC_OR_WesternWildfires_A22,USGS_LPC_legacy,0.543735989265317,0.976889317977181,0.976889317977181,0.5508214207357283,0.00010144111076852676,0.00010384094584899157,0.00018416333670000085,0.5638524350704333
USGS Lidar Point Cloud OR_WesternWildfires_A22 s05310w14010,USGS Lidar Point Cloud OR_TILLAMOOK_ODF_2007 000261,USGS_LPC_OR_WesternWildfires_A22,USGS_LPC_legacy,0.5432356105930704,0.9736752073765328,0.9736752073765328,0.5513331521614847,0.00010076367970954804,0.00010348797930374069,0.00018276368710009024,0.5662392838850184
USGS Lidar Point Cloud OR_WesternWildfires_A22 s05160w14280,USGS Lidar Point Cloud OR_TILLAMOOK_ODF_2007 000419,USGS_LPC_OR_WesternWildfires_A22,USGS_LPC_legacy,0.5412732165558155,0.9737408320660206,0.9737408320660206,0.5492910426759123,0.00010103552863334051,0.0001037601847495394,0.00018393805975997423,0.5641039428432532
USGS Lidar Point Cloud OR_WesternWildfires_A22 s05220w14010,USGS Lidar Point Cloud OR_TILLAMOOK_ODF_2007 000238,USGS_LPC_OR_WesternWildfires_A22,USGS_LPC_legacy,0.5405799841489128,0.9732103478289679,0.9732103478289679,0.5487456462694635,0.00010079398580056379,0.00010356855126480564,0.00018368070249994938,0.5638510189432347
USGS Lidar Point Cloud OR_WesternWildfires_A22 s05100w13380,USGS Lidar Point Cloud OR_OLC_TILLAMOOKYAMHILL_2012 000611,USGS_LPC_OR_WesternWildfires_A22,USGS_LPC_legacy,0.5392407533856369,0.9748129860415427,0.9748129860415427,0.5468600393377567,0.0001007513636277379,0.00010335455627941777,0.00018423610500000517,0.5609896946063578
USGS Lidar Point Cloud OR_WesternWildfires_A22 s04620w14250,USGS Lidar Point Cloud OR_NORTHCOAST_2008_2009 OR_NorthCoast_2008-2009_001962,USGS_LPC_OR_WesternWildfires_A22,USGS_LPC_legacy,0.5385793131309559,0.9643802754856097,0.9643802754856097,0.5495105149434969,0.00010051604166061473,0.00010422863699695672,0.00018291923252997303,0.569806878999877
USGS Lidar Point Cloud OR_WesternWildfires_A22 s04410w13950,USGS Lidar Point Cloud OR_NORTHCOAST_2008_2009 OR_NorthCoast_2008-2009_001869,USGS_LPC_OR_WesternWildfires_A22,USGS_LPC_legacy,0.5373542237063659,0.9727933070768101,0.9727933070768101,0.5455530720538918,0.00010142478640338433,0.00010426139413742492,0.00018591186009005777,0.5608108814947016
USGS Lidar Point Cloud OR_WesternWildfires_A22 s05220w13320,USGS Lidar Point Cloud OR_COAST_CENTRAL_OLC_2011_2012 OR_Coast_Central_OLC_2011-2012_000733,USGS_LPC_OR_WesternWildfires_A22,USGS_LPC_legacy,0.5366711907235402,0.9716068014824237,0.9716068014824237,0.545221964130998,0.00010028663826320639,0.0001032173077732624,0.00018393726749994059,0.561154947967767
USGS Lidar Point Cloud OR_WesternWildfires_A22 s04740w13380,USGS Lidar Point Cloud OR_COAST_CENTRAL_OLC_2011_2012 OR_Coast_Central_OLC_2011-2012_000924,USGS_LPC_OR_WesternWildfires_A22,USGS_LPC_legacy,0.5359098779403136,0.9709790660163834,0.9709790660163834,0.5446335161167196,0.00010066582415771733,0.00010367455662120195,0.0001848322241999954,0.560911697459325
USGS Lidar Point Cloud OR_WesternWildfires_A22 s05280w13950,USGS Lidar Point Cloud OR_TILLAMOOK_ODF_2007 000265,USGS_LPC_OR_WesternWildfires_A22,USGS_LPC_legacy,0.5353119627533064,0.9669095943275138,0.9669095943275138,0.5453018395775676,0.00010005993840658373,0.00010348427504866727,0.00018349459170007165,0.5639636247035332
USGS Lidar Point Cloud OR_WesternWildfires_A22 s05130w13320,USGS Lidar Point Cloud OR_OLC_TILLAMOOKYAMHILL_2012 000392,USGS_LPC_OR_WesternWildfires_A22,USGS_LPC_legacy,0.5352263571664194,0.9701752404541174,0.9701752404541174,0.5441801481210317,0.00010021651690073782,0.00010329733508126708,0.00018416055279996832,0.5609091279904371
USGS Lidar Point Cloud OR_WesternWildfires_A22 s04860w13980,USGS Lidar Point Cloud OR_TILLAMOOK_ODF_2007 000595,USGS_LPC_OR_WesternWildfires_A22,USGS_LPC_legacy,0.5348416161572401,0.9696267544810416,0.9696267544810416,0.5439548957135463,0.00010072013737392548,0.00010387516320940666,0.00018516266360982624,0.56099410747456
USGS Lidar Point Cloud OR_WesternWildfires_A22 s04620w14220,USGS Lidar Point Cloud OR_TILLAMOOK_ODF_2007 000640,USGS_LPC_OR_WesternWildfires_A22,USGS_LPC_legacy,0.5347510619947653,0.964682238934623,0.964682238934623,0.5454292850733635,0.00010053259314065045,0.00010421316894118084,0.00018431829000001022,0.5653978720243936
USGS Lidar Point Cloud OR_WesternWildfires_A22 s04890w13920,USGS Lidar Point Cloud OR_TILLAMOOK_ODF_2007 000601,USGS_LPC_OR_WesternWildfires_A22,USGS_LPC_legacy,0.5341599440749083,0.9687875539230436,0.9687875539230436,0.5435135911768275,0.00010057719967831847,0.00010381760094980318,0.0001850500177199737,0.5610245393594331
USGS Lidar Point Cloud OR_WesternWildfires_A22 s05160w13320,USGS Lidar Point Cloud OR_OLC_TILLAMOOKYAMHILL_2012 000393,USGS_LPC_OR_WesternWildfires_A22,USGS_LPC_legacy,0.5340984332692628,0.877034916472798,0.877034916472798,0.5773310093125489,9.057197740649646e-05,0.00010327066312337136,0.0001568805000000678,0.6582759687999894
USGS Lidar Point Cloud OR_WesternWildfires_A22 s04950w13650,USGS Lidar Point Cloud OR_OLC_TILLAMOOKYAMHILL_2012 000642,USGS_LPC_OR_WesternWildfires_A22,USGS_LPC_legacy,0.5325096758213471,0.9668617866694071,0.9668617866694071,0.5424093143125024,0.00010019189236779838,0.00010362586850488109,0.000184716393550119,0.5609998469181045
USGS Lidar Point Cloud OR_WesternWildfires_A22 s04710w14070,USGS Lidar Point Cloud OR_TILLAMOOK_ODF_2007 000671,USGS_LPC_OR_WesternWildfires_A22,USGS_LPC_legacy,0.5318276843476618,0.9662207192196574,0.9662207192196574,0.541903186448826,0.00010054052236832542,0.00010405544030304413,0.0001855322590501502,0.5608482365048845
USGS Lidar Point Cloud OR_WesternWildfires_A22 s05160w13290,USGS Lidar Point Cloud OR_OLC_TILLAMOOKYAMHILL_2012 000396,USGS_LPC_OR_WesternWildfires_A22,USGS_LPC_legacy,0.5274762622367576,0.9481706072185528,0.9481706072185528,0.5431366184591876,9.790374237031916e-05,0.00010325540743929895,0.00018025619898002853,0.5728258335833384
USGS Lidar Point Cloud OR_WesternWildfires_A22 s04920w14520,USGS Lidar Point Cloud OR_NORTHCOAST_2008_2009 OR_NorthCoast_2008-2009_002523,USGS_LPC_OR_WesternWildfires_A22,USGS_LPC_legacy,0.5262610046013014,0.9564003179654413,0.9564003179654413,0.5391967685328214,9.955998193374434e-05,0.00010409864997278457,0.00018464498999994292,0.5637772786189149
USGS Lidar Point Cloud OR_WesternWildfires_A22 s05100w14250,USGS Lidar Point Cloud OR_TILLAMOOK_ODF_2007 000567,USGS_LPC_OR_WesternWildfires_A22,USGS_LPC_legacy,0.5260553534092235,0.9559429416107622,0.9559429416107622,0.539126252151127,9.92255909899782e-05,0.00010379865436611023,0.00018404889502981103,0.5639732547663359
USGS Lidar Point Cloud OR_WesternWildfires_A22 s04950w13830,USGS Lidar Point Cloud OR_TILLAMOOK_ODF_2007 000633,USGS_LPC_OR_WesternWildfires_A22,USGS_LPC_legacy,0.5258744105372215,0.959036759338658,0.959036759338658,0.5379578149923635,9.946931395543132e-05,0.00010371793675982175,0.00018490169894983926,0.5609355530473449
