"Name","FullName","Length","LastWriteTime","Status"
"USGS_LPC_OR_WesternWildfires_A22_s04350w14040.laz","F:\LIDAR\oregon\probe_lidar\tillamook_probe\USGS_LPC_OR_WesternWildfires_A22\USGS_LPC_OR_WesternWildfires_A22_s04350w14040.laz","1697146","7/30/2026 10:56:56 AM","DOWNLOADED"
"USGS_LPC_OR_WesternWildfires_A22_s04350w14100.laz","F:\LIDAR\oregon\probe_lidar\tillamook_probe\USGS_LPC_OR_WesternWildfires_A22\USGS_LPC_OR_WesternWildfires_A22_s04350w14100.laz","2453548","7/30/2026 10:57:18 AM","DOWNLOADED"
"USGS_LPC_OR_WesternWildfires_A22_s04380w13950.laz","F:\LIDAR\oregon\probe_lidar\tillamook_probe\USGS_LPC_OR_WesternWildfires_A22\USGS_LPC_OR_WesternWildfires_A22_s04380w13950.laz","4895425","7/30/2026 10:58:04 AM","DOWNLOADED"
"USGS_LPC_OR_WesternWildfires_A22_s04380w14040.laz","F:\LIDAR\oregon\probe_lidar\tillamook_probe\USGS_LPC_OR_WesternWildfires_A22\USGS_LPC_OR_WesternWildfires_A22_s04380w14040.laz","34638095","7/30/2026 11:04:10 AM","DOWNLOADED"
"USGS_LPC_OR_WesternWildfires_A22_s04380w14100.laz","F:\LIDAR\oregon\probe_lidar\tillamook_probe\USGS_LPC_OR_WesternWildfires_A22\USGS_LPC_OR_WesternWildfires_A22_s04380w14100.laz","53791519","7/30/2026 11:14:12 AM","DOWNLOADED"
"USGS_LPC_OR_WesternWildfires_A22_s04410w13920.laz","F:\LIDAR\oregon\probe_lidar\tillamook_probe\USGS_LPC_OR_WesternWildfires_A22\USGS_LPC_OR_WesternWildfires_A22_s04410w13920.laz","5849429","7/30/2026 11:15:06 AM","DOWNLOADED"
"USGS_LPC_OR_WesternWildfires_A22_s04410w14040.laz","F:\LIDAR\oregon\probe_lidar\tillamook_probe\USGS_LPC_OR_WesternWildfires_A22\USGS_LPC_OR_WesternWildfires_A22_s04410w14040.laz","105337712","7/30/2026 11:30:45 AM","DOWNLOADED"
"USGS_LPC_OR_WesternWildfires_A22_s04410w14130.laz","F:\LIDAR\oregon\probe_lidar\tillamook_probe\USGS_LPC_OR_WesternWildfires_A22\USGS_LPC_OR_WesternWildfires_A22_s04410w14130.laz","102073494","7/30/2026 11:45:29 AM","DOWNLOADED"
"USGS_LPC_OR_WesternWildfires_A22_s04440w14190.laz","F:\LIDAR\oregon\probe_lidar\tillamook_probe\USGS_LPC_OR_WesternWildfires_A22\USGS_LPC_OR_WesternWildfires_A22_s04440w14190.laz","98310328","7/30/2026 3:58:00 PM","DOWNLOADED"
"USGS_LPC_OR_WesternWildfires_A22_s04560w14400.laz","F:\LIDAR\oregon\probe_lidar\tillamook_probe\USGS_LPC_OR_WesternWildfires_A22\USGS_LPC_OR_WesternWildfires_A22_s04560w14400.laz","159142280","7/30/2026 4:35:30 PM","DOWNLOADED"
"USGS_LPC_OR_WesternWildfires_A22_s04620w13770.laz","F:\LIDAR\oregon\probe_lidar\tillamook_probe\USGS_LPC_OR_WesternWildfires_A22\USGS_LPC_OR_WesternWildfires_A22_s04620w13770.laz","160873917","7/30/2026 4:35:44 PM","DOWNLOADED"
"USGS_LPC_OR_WesternWildfires_A22_s04680w13380.laz","F:\LIDAR\oregon\probe_lidar\tillamook_probe\USGS_LPC_OR_WesternWildfires_A22\USGS_LPC_OR_WesternWildfires_A22_s04680w13380.laz","79498347","7/30/2026 4:32:13 PM","DOWNLOADED"
"USGS_LPC_OR_WesternWildfires_A22_s04710w14520.laz","F:\LIDAR\oregon\probe_lidar\tillamook_probe\USGS_LPC_OR_WesternWildfires_A22\USGS_LPC_OR_WesternWildfires_A22_s04710w14520.laz","157412884","7/30/2026 4:29:09 PM","DOWNLOADED"
"USGS_LPC_OR_WesternWildfires_A22_s04770w14130.laz","F:\LIDAR\oregon\probe_lidar\tillamook_probe\USGS_LPC_OR_WesternWildfires_A22\USGS_LPC_OR_WesternWildfires_A22_s04770w14130.laz","179299825","7/30/2026 4:56:40 PM","DOWNLOADED"
"USGS_LPC_OR_WesternWildfires_A22_s04890w13770.laz","F:\LIDAR\oregon\probe_lidar\tillamook_probe\USGS_LPC_OR_WesternWildfires_A22\USGS_LPC_OR_WesternWildfires_A22_s04890w13770.laz","161372991","7/30/2026 4:20:18 PM","DOWNLOADED"
"USGS_LPC_OR_WesternWildfires_A22_s04950w13260.laz","F:\LIDAR\oregon\probe_lidar\tillamook_probe\USGS_LPC_OR_WesternWildfires_A22\USGS_LPC_OR_WesternWildfires_A22_s04950w13260.laz","247310997","7/30/2026 4:59:30 PM","DOWNLOADED"
"USGS_LPC_OR_WesternWildfires_A22_s04980w14280.laz","F:\LIDAR\oregon\probe_lidar\tillamook_probe\USGS_LPC_OR_WesternWildfires_A22\USGS_LPC_OR_WesternWildfires_A22_s04980w14280.laz","205976968","7/30/2026 4:59:08 PM","DOWNLOADED"
"USGS_LPC_OR_WesternWildfires_A22_s05040w13830.laz","F:\LIDAR\oregon\probe_lidar\tillamook_probe\USGS_LPC_OR_WesternWildfires_A22\USGS_LPC_OR_WesternWildfires_A22_s05040w13830.laz","188642094","7/30/2026 4:50:52 PM","DOWNLOADED"
"USGS_LPC_OR_WesternWildfires_A22_s05070w13830.laz","F:\LIDAR\oregon\probe_lidar\tillamook_probe\USGS_LPC_OR_WesternWildfires_A22\USGS_LPC_OR_WesternWildfires_A22_s05070w13830.laz","205239848","7/30/2026 4:30:49 PM","DOWNLOADED"
"USGS_LPC_OR_WesternWildfires_A22_s05070w14550.laz","F:\LIDAR\oregon\probe_lidar\tillamook_probe\USGS_LPC_OR_WesternWildfires_A22\USGS_LPC_OR_WesternWildfires_A22_s05070w14550.laz","176181542","7/30/2026 4:49:42 PM","DOWNLOADED"
"USGS_LPC_OR_WesternWildfires_A22_s05100w13680.laz","F:\LIDAR\oregon\probe_lidar\tillamook_probe\USGS_LPC_OR_WesternWildfires_A22\USGS_LPC_OR_WesternWildfires_A22_s05100w13680.laz","192717774","7/30/2026 4:38:02 PM","DOWNLOADED"
"USGS_LPC_OR_WesternWildfires_A22_s05130w13650.laz","F:\LIDAR\oregon\probe_lidar\tillamook_probe\USGS_LPC_OR_WesternWildfires_A22\USGS_LPC_OR_WesternWildfires_A22_s05130w13650.laz","196754266","7/30/2026 4:43:21 PM","DOWNLOADED"
"USGS_LPC_OR_WesternWildfires_A22_s05130w14070.laz","F:\LIDAR\oregon\probe_lidar\tillamook_probe\USGS_LPC_OR_WesternWildfires_A22\USGS_LPC_OR_WesternWildfires_A22_s05130w14070.laz","166783486","7/30/2026 4:29:30 PM","DOWNLOADED"
"USGS_LPC_OR_WesternWildfires_A22_s05160w13530.laz","F:\LIDAR\oregon\probe_lidar\tillamook_probe\USGS_LPC_OR_WesternWildfires_A22\USGS_LPC_OR_WesternWildfires_A22_s05160w13530.laz","169695818","7/30/2026 4:29:33 PM","DOWNLOADED"
"USGS_LPC_OR_WesternWildfires_A22_s05160w13590.laz","F:\LIDAR\oregon\probe_lidar\tillamook_probe\USGS_LPC_OR_WesternWildfires_A22\USGS_LPC_OR_WesternWildfires_A22_s05160w13590.laz","174189063","7/30/2026 4:49:31 PM","DOWNLOADED"
"USGS_LPC_OR_WesternWildfires_A22_s05160w14070.laz","F:\LIDAR\oregon\probe_lidar\tillamook_probe\USGS_LPC_OR_WesternWildfires_A22\USGS_LPC_OR_WesternWildfires_A22_s05160w14070.laz","176515682","7/30/2026 4:42:52 PM","DOWNLOADED"
"USGS_LPC_OR_WesternWildfires_A22_s05280w14190.laz","F:\LIDAR\oregon\probe_lidar\tillamook_probe\USGS_LPC_OR_WesternWildfires_A22\USGS_LPC_OR_WesternWildfires_A22_s05280w14190.laz","213071990","7/30/2026 4:40:40 PM","DOWNLOADED"
"USGS_LPC_OR_WesternWildfires_A22_s05310w13800.laz","F:\LIDAR\oregon\probe_lidar\tillamook_probe\USGS_LPC_OR_WesternWildfires_A22\USGS_LPC_OR_WesternWildfires_A22_s05310w13800.laz","203939964","7/30/2026 5:04:59 PM","DOWNLOADED"
"USGS_LPC_OR_WesternWildfires_A22_s05310w14100.laz","F:\LIDAR\oregon\probe_lidar\tillamook_probe\USGS_LPC_OR_WesternWildfires_A22\USGS_LPC_OR_WesternWildfires_A22_s05310w14100.laz","134672603","7/30/2026 4:43:16 PM","DOWNLOADED"
"USGS_LPC_OR_WesternWildfires_A22_s05310w14160.laz","F:\LIDAR\oregon\probe_lidar\tillamook_probe\USGS_LPC_OR_WesternWildfires_A22\USGS_LPC_OR_WesternWildfires_A22_s05310w14160.laz","258883787","7/30/2026 4:49:56 PM","DOWNLOADED"
"USGS_LPC_OR_WesternWildfires_A22_s05310w14190.laz","F:\LIDAR\oregon\probe_lidar\tillamook_probe\USGS_LPC_OR_WesternWildfires_A22\USGS_LPC_OR_WesternWildfires_A22_s05310w14190.laz","256960804","7/30/2026 3:44:50 PM","DOWNLOADED"
"USGS_LPC_OR_WesternWildfires_A22_s05310w14520.laz","F:\LIDAR\oregon\probe_lidar\tillamook_probe\USGS_LPC_OR_WesternWildfires_A22\USGS_LPC_OR_WesternWildfires_A22_s05310w14520.laz","217778127","7/30/2026 4:57:55 PM","DOWNLOADED"
"USGS_LPC_OR_WesternWildfires_A22_s04350w14040.laz","F:\LIDAR\oregon\speed_test\USGS_LPC_OR_WesternWildfires_A22_s04350w14040.laz","1697146","7/30/2026 11:27:29 AM","DOWNLOADED"
