tile_name,expected_bytes,actual_bytes,path,status,download_url
USGS_LPC_OR_WesternWildfires_A22_s05220w14040.laz,166036314,166036314,F:\LIDAR\oregon\lidar_tiles\tillamook_expansion_100\USGS_LPC_OR_WesternWildfires_A22_s05220w14040.laz,OK,https://rockyweb.usgs.gov/vdelivery/Datasets/Staged/Elevation/LPC/Projects/OR_WesternWildfires_A22/OR_WWildfires_2_A22/LAZ/USGS_LPC_OR_WesternWildfires_A22_s05220w14040.laz
USGS_LPC_OR_WesternWildfires_A22_s05160w14040.laz,195360572,195360572,F:\LIDAR\oregon\lidar_tiles\tillamook_expansion_100\USGS_LPC_OR_WesternWildfires_A22_s05160w14040.laz,OK,https://rockyweb.usgs.gov/vdelivery/Datasets/Staged/Elevation/LPC/Projects/OR_WesternWildfires_A22/OR_WWildfires_2_A22/LAZ/USGS_LPC_OR_WesternWildfires_A22_s05160w14040.laz
USGS_LPC_OR_WesternWildfires_A22_s04410w13980.laz,137817005,137817005,F:\LIDAR\oregon\lidar_tiles\tillamook_expansion_100\USGS_LPC_OR_WesternWildfires_A22_s04410w13980.laz,OK,https://rockyweb.usgs.gov/vdelivery/Datasets/Staged/Elevation/LPC/Projects/OR_WesternWildfires_A22/OR_WWildfires_2_A22/LAZ/USGS_LPC_OR_WesternWildfires_A22_s04410w13980.laz
USGS_LPC_OR_WesternWildfires_A22_s04860w13710.laz,216487368,216487368,F:\LIDAR\oregon\lidar_tiles\tillamook_expansion_100\USGS_LPC_OR_WesternWildfires_A22_s04860w13710.laz,OK,https://rockyweb.usgs.gov/vdelivery/Datasets/Staged/Elevation/LPC/Projects/OR_WesternWildfires_A22/OR_WWildfires_2_A22/LAZ/USGS_LPC_OR_WesternWildfires_A22_s04860w13710.laz
USGS_LPC_OR_WesternWildfires_A22_s05190w14070.laz,178739708,178739708,F:\LIDAR\oregon\lidar_tiles\tillamook_expansion_100\USGS_LPC_OR_WesternWildfires_A22_s05190w14070.laz,OK,https://rockyweb.usgs.gov/vdelivery/Datasets/Staged/Elevation/LPC/Projects/OR_WesternWildfires_A22/OR_WWildfires_2_A22/LAZ/USGS_LPC_OR_WesternWildfires_A22_s05190w14070.laz
USGS_LPC_OR_WesternWildfires_A22_s04800w13650.laz,161166153,161166153,F:\LIDAR\oregon\lidar_tiles\tillamook_expansion_100\USGS_LPC_OR_WesternWildfires_A22_s04800w13650.laz,OK,https://rockyweb.usgs.gov/vdelivery/Datasets/Staged/Elevation/LPC/Projects/OR_WesternWildfires_A22/OR_WWildfires_2_A22/LAZ/USGS_LPC_OR_WesternWildfires_A22_s04800w13650.laz
USGS_LPC_OR_WesternWildfires_A22_s05220w14070.laz,124805762,124805762,F:\LIDAR\oregon\lidar_tiles\tillamook_expansion_100\USGS_LPC_OR_WesternWildfires_A22_s05220w14070.laz,OK,https://rockyweb.usgs.gov/vdelivery/Datasets/Staged/Elevation/LPC/Projects/OR_WesternWildfires_A22/OR_WWildfires_2_A22/LAZ/USGS_LPC_OR_WesternWildfires_A22_s05220w14070.laz
USGS_LPC_OR_WesternWildfires_A22_s05160w14070.laz,176515682,176515682,F:\LIDAR\oregon\probe_lidar\tillamook_probe\USGS_LPC_OR_WesternWildfires_A22\USGS_LPC_OR_WesternWildfires_A22_s05160w14070.laz,OK,https://rockyweb.usgs.gov/vdelivery/Datasets/Staged/Elevation/LPC/Projects/OR_WesternWildfires_A22/OR_WWildfires_2_A22/LAZ/USGS_LPC_OR_WesternWildfires_A22_s05160w14070.laz
USGS_LPC_OR_WesternWildfires_A22_s05280w14100.laz,157271433,157271433,F:\LIDAR\oregon\lidar_tiles\tillamook_expansion_100\USGS_LPC_OR_WesternWildfires_A22_s05280w14100.laz,OK,https://rockyweb.usgs.gov/vdelivery/Datasets/Staged/Elevation/LPC/Projects/OR_WesternWildfires_A22/OR_WWildfires_2_A22/LAZ/USGS_LPC_OR_WesternWildfires_A22_s05280w14100.laz
USGS_LPC_OR_WesternWildfires_A22_s05190w14040.laz,187142780,187142780,F:\LIDAR\oregon\lidar_tiles\tillamook_expansion_100\USGS_LPC_OR_WesternWildfires_A22_s05190w14040.laz,OK,https://rockyweb.usgs.gov/vdelivery/Datasets/Staged/Elevation/LPC/Projects/OR_WesternWildfires_A22/OR_WWildfires_2_A22/LAZ/USGS_LPC_OR_WesternWildfires_A22_s05190w14040.laz
USGS_LPC_OR_WesternWildfires_A22_s04470w14190.laz,132418689,132418689,F:\LIDAR\oregon\lidar_tiles\tillamook_expansion_100\USGS_LPC_OR_WesternWildfires_A22_s04470w14190.laz,OK,https://rockyweb.usgs.gov/vdelivery/Datasets/Staged/Elevation/LPC/Projects/OR_WesternWildfires_A22/OR_WWildfires_2_A22/LAZ/USGS_LPC_OR_WesternWildfires_A22_s04470w14190.laz
USGS_LPC_OR_WesternWildfires_A22_s04710w13410.laz,141018934,141018934,F:\LIDAR\oregon\lidar_tiles\tillamook_expansion_100\USGS_LPC_OR_WesternWildfires_A22_s04710w13410.laz,OK,https://rockyweb.usgs.gov/vdelivery/Datasets/Staged/Elevation/LPC/Projects/OR_WesternWildfires_A22/OR_WWildfires_2_A22/LAZ/USGS_LPC_OR_WesternWildfires_A22_s04710w13410.laz
USGS_LPC_OR_WesternWildfires_A22_s05160w13830.laz,179547370,179547370,F:\LIDAR\oregon\lidar_tiles\tillamook_expansion_100\USGS_LPC_OR_WesternWildfires_A22_s05160w13830.laz,OK,https://rockyweb.usgs.gov/vdelivery/Datasets/Staged/Elevation/LPC/Projects/OR_WesternWildfires_A22/OR_WWildfires_2_A22/LAZ/USGS_LPC_OR_WesternWildfires_A22_s05160w13830.laz
USGS_LPC_OR_WesternWildfires_A22_s05250w14130.laz,137443876,137443876,F:\LIDAR\oregon\lidar_tiles\tillamook_expansion_100\USGS_LPC_OR_WesternWildfires_A22_s05250w14130.laz,OK,https://rockyweb.usgs.gov/vdelivery/Datasets/Staged/Elevation/LPC/Projects/OR_WesternWildfires_A22/OR_WWildfires_2_A22/LAZ/USGS_LPC_OR_WesternWildfires_A22_s05250w14130.laz
USGS_LPC_OR_WesternWildfires_A22_s05100w13860.laz,195507242,195507242,F:\LIDAR\oregon\lidar_tiles\tillamook_expansion_100\USGS_LPC_OR_WesternWildfires_A22_s05100w13860.laz,OK,https://rockyweb.usgs.gov/vdelivery/Datasets/Staged/Elevation/LPC/Projects/OR_WesternWildfires_A22/OR_WWildfires_2_A22/LAZ/USGS_LPC_OR_WesternWildfires_A22_s05100w13860.laz
USGS_LPC_OR_WesternWildfires_A22_s05250w14040.laz,149915480,149915480,F:\LIDAR\oregon\lidar_tiles\tillamook_expansion_100\USGS_LPC_OR_WesternWildfires_A22_s05250w14040.laz,OK,https://rockyweb.usgs.gov/vdelivery/Datasets/Staged/Elevation/LPC/Projects/OR_WesternWildfires_A22/OR_WWildfires_2_A22/LAZ/USGS_LPC_OR_WesternWildfires_A22_s05250w14040.laz
USGS_LPC_OR_WesternWildfires_A22_s04500w14220.laz,168411016,168411016,F:\LIDAR\oregon\lidar_tiles\tillamook_expansion_100\USGS_LPC_OR_WesternWildfires_A22_s04500w14220.laz,OK,https://rockyweb.usgs.gov/vdelivery/Datasets/Staged/Elevation/LPC/Projects/OR_WesternWildfires_A22/OR_WWildfires_2_A22/LAZ/USGS_LPC_OR_WesternWildfires_A22_s04500w14220.laz
USGS_LPC_OR_WesternWildfires_A22_s05280w14070.laz,222394020,222394020,F:\LIDAR\oregon\lidar_tiles\tillamook_expansion_100\USGS_LPC_OR_WesternWildfires_A22_s05280w14070.laz,OK,https://rockyweb.usgs.gov/vdelivery/Datasets/Staged/Elevation/LPC/Projects/OR_WesternWildfires_A22/OR_WWildfires_2_A22/LAZ/USGS_LPC_OR_WesternWildfires_A22_s05280w14070.laz
USGS_LPC_OR_WesternWildfires_A22_s04590w13860.laz,118479661,118479661,F:\LIDAR\oregon\lidar_tiles\tillamook_expansion_100\USGS_LPC_OR_WesternWildfires_A22_s04590w13860.laz,OK,https://rockyweb.usgs.gov/vdelivery/Datasets/Staged/Elevation/LPC/Projects/OR_WesternWildfires_A22/OR_WWildfires_2_A22/LAZ/USGS_LPC_OR_WesternWildfires_A22_s04590w13860.laz
USGS_LPC_OR_WesternWildfires_A22_s05310w14160.laz,258883787,258883787,F:\LIDAR\oregon\probe_lidar\tillamook_probe\USGS_LPC_OR_WesternWildfires_A22\USGS_LPC_OR_WesternWildfires_A22_s05310w14160.laz,OK,https://rockyweb.usgs.gov/vdelivery/Datasets/Staged/Elevation/LPC/Projects/OR_WesternWildfires_A22/OR_WWildfires_2_A22/LAZ/USGS_LPC_OR_WesternWildfires_A22_s05310w14160.laz
USGS_LPC_OR_WesternWildfires_A22_s04500w14280.laz,85365433,85365433,F:\LIDAR\oregon\lidar_tiles\tillamook_expansion_100\USGS_LPC_OR_WesternWildfires_A22_s04500w14280.laz,OK,https://rockyweb.usgs.gov/vdelivery/Datasets/Staged/Elevation/LPC/Projects/OR_WesternWildfires_A22/OR_WWildfires_2_A22/LAZ/USGS_LPC_OR_WesternWildfires_A22_s04500w14280.laz
USGS_LPC_OR_WesternWildfires_A22_s04680w13770.laz,156311731,156311731,F:\LIDAR\oregon\lidar_tiles\tillamook_expansion_100\USGS_LPC_OR_WesternWildfires_A22_s04680w13770.laz,OK,https://rockyweb.usgs.gov/vdelivery/Datasets/Staged/Elevation/LPC/Projects/OR_WesternWildfires_A22/OR_WWildfires_2_A22/LAZ/USGS_LPC_OR_WesternWildfires_A22_s04680w13770.laz
USGS_LPC_OR_WesternWildfires_A22_s04590w13770.laz,151108841,151108841,F:\LIDAR\oregon\lidar_tiles\tillamook_expansion_100\USGS_LPC_OR_WesternWildfires_A22_s04590w13770.laz,OK,https://rockyweb.usgs.gov/vdelivery/Datasets/Staged/Elevation/LPC/Projects/OR_WesternWildfires_A22/OR_WWildfires_2_A22/LAZ/USGS_LPC_OR_WesternWildfires_A22_s04590w13770.laz
USGS_LPC_OR_WesternWildfires_A22_s04470w14250.laz,15014612,15014612,F:\LIDAR\oregon\lidar_tiles\tillamook_expansion_100\USGS_LPC_OR_WesternWildfires_A22_s04470w14250.laz,OK,https://rockyweb.usgs.gov/vdelivery/Datasets/Staged/Elevation/LPC/Projects/OR_WesternWildfires_A22/OR_WWildfires_2_A22/LAZ/USGS_LPC_OR_WesternWildfires_A22_s04470w14250.laz
USGS_LPC_OR_WesternWildfires_A22_s04410w14010.laz,182199066,182199066,F:\LIDAR\oregon\lidar_tiles\tillamook_expansion_100\USGS_LPC_OR_WesternWildfires_A22_s04410w14010.laz,OK,https://rockyweb.usgs.gov/vdelivery/Datasets/Staged/Elevation/LPC/Projects/OR_WesternWildfires_A22/OR_WWildfires_2_A22/LAZ/USGS_LPC_OR_WesternWildfires_A22_s04410w14010.laz
USGS_LPC_OR_WesternWildfires_A22_s04560w13800.laz,164330943,164330943,F:\LIDAR\oregon\lidar_tiles\tillamook_expansion_100\USGS_LPC_OR_WesternWildfires_A22_s04560w13800.laz,OK,https://rockyweb.usgs.gov/vdelivery/Datasets/Staged/Elevation/LPC/Projects/OR_WesternWildfires_A22/OR_WWildfires_2_A22/LAZ/USGS_LPC_OR_WesternWildfires_A22_s04560w13800.laz
USGS_LPC_OR_WesternWildfires_A22_s04590w13800.laz,151555727,151555727,F:\LIDAR\oregon\lidar_tiles\tillamook_expansion_100\USGS_LPC_OR_WesternWildfires_A22_s04590w13800.laz,OK,https://rockyweb.usgs.gov/vdelivery/Datasets/Staged/Elevation/LPC/Projects/OR_WesternWildfires_A22/OR_WWildfires_2_A22/LAZ/USGS_LPC_OR_WesternWildfires_A22_s04590w13800.laz
USGS_LPC_OR_WesternWildfires_A22_s04470w14100.laz,123310355,123310355,F:\LIDAR\oregon\lidar_tiles\tillamook_expansion_100\USGS_LPC_OR_WesternWildfires_A22_s04470w14100.laz,OK,https://rockyweb.usgs.gov/vdelivery/Datasets/Staged/Elevation/LPC/Projects/OR_WesternWildfires_A22/OR_WWildfires_2_A22/LAZ/USGS_LPC_OR_WesternWildfires_A22_s04470w14100.laz
USGS_LPC_OR_WesternWildfires_A22_s05250w14100.laz,164063096,164063096,F:\LIDAR\oregon\lidar_tiles\tillamook_expansion_100\USGS_LPC_OR_WesternWildfires_A22_s05250w14100.laz,OK,https://rockyweb.usgs.gov/vdelivery/Datasets/Staged/Elevation/LPC/Projects/OR_WesternWildfires_A22/OR_WWildfires_2_A22/LAZ/USGS_LPC_OR_WesternWildfires_A22_s05250w14100.laz
USGS_LPC_OR_WesternWildfires_A22_s04980w13770.laz,138202051,138202051,F:\LIDAR\oregon\lidar_tiles\tillamook_expansion_100\USGS_LPC_OR_WesternWildfires_A22_s04980w13770.laz,OK,https://rockyweb.usgs.gov/vdelivery/Datasets/Staged/Elevation/LPC/Projects/OR_WesternWildfires_A22/OR_WWildfires_2_A22/LAZ/USGS_LPC_OR_WesternWildfires_A22_s04980w13770.laz
USGS_LPC_OR_WesternWildfires_A22_s04500w13980.laz,185085024,185085024,F:\LIDAR\oregon\lidar_tiles\tillamook_expansion_100\USGS_LPC_OR_WesternWildfires_A22_s04500w13980.laz,OK,https://rockyweb.usgs.gov/vdelivery/Datasets/Staged/Elevation/LPC/Projects/OR_WesternWildfires_A22/OR_WWildfires_2_A22/LAZ/USGS_LPC_OR_WesternWildfires_A22_s04500w13980.laz
USGS_LPC_OR_WesternWildfires_A22_s05220w14010.laz,163364399,163364399,F:\LIDAR\oregon\lidar_tiles\tillamook_expansion_100\USGS_LPC_OR_WesternWildfires_A22_s05220w14010.laz,OK,https://rockyweb.usgs.gov/vdelivery/Datasets/Staged/Elevation/LPC/Projects/OR_WesternWildfires_A22/OR_WWildfires_2_A22/LAZ/USGS_LPC_OR_WesternWildfires_A22_s05220w14010.laz
USGS_LPC_OR_WesternWildfires_A22_s04830w13620.laz,173438704,173438704,F:\LIDAR\oregon\lidar_tiles\tillamook_expansion_100\USGS_LPC_OR_WesternWildfires_A22_s04830w13620.laz,OK,https://rockyweb.usgs.gov/vdelivery/Datasets/Staged/Elevation/LPC/Projects/OR_WesternWildfires_A22/OR_WWildfires_2_A22/LAZ/USGS_LPC_OR_WesternWildfires_A22_s04830w13620.laz
USGS_LPC_OR_WesternWildfires_A22_s05160w13800.laz,159906486,159906486,F:\LIDAR\oregon\lidar_tiles\tillamook_expansion_100\USGS_LPC_OR_WesternWildfires_A22_s05160w13800.laz,OK,https://rockyweb.usgs.gov/vdelivery/Datasets/Staged/Elevation/LPC/Projects/OR_WesternWildfires_A22/OR_WWildfires_2_A22/LAZ/USGS_LPC_OR_WesternWildfires_A22_s05160w13800.laz
USGS_LPC_OR_WesternWildfires_A22_s04440w14040.laz,175239106,175239106,F:\LIDAR\oregon\lidar_tiles\tillamook_expansion_100\USGS_LPC_OR_WesternWildfires_A22_s04440w14040.laz,OK,https://rockyweb.usgs.gov/vdelivery/Datasets/Staged/Elevation/LPC/Projects/OR_WesternWildfires_A22/OR_WWildfires_2_A22/LAZ/USGS_LPC_OR_WesternWildfires_A22_s04440w14040.laz
USGS_LPC_OR_WesternWildfires_A22_s05130w13980.laz,155324392,155324392,F:\LIDAR\oregon\lidar_tiles\tillamook_expansion_100\USGS_LPC_OR_WesternWildfires_A22_s05130w13980.laz,OK,https://rockyweb.usgs.gov/vdelivery/Datasets/Staged/Elevation/LPC/Projects/OR_WesternWildfires_A22/OR_WWildfires_2_A22/LAZ/USGS_LPC_OR_WesternWildfires_A22_s05130w13980.laz
USGS_LPC_OR_WesternWildfires_A22_s04710w13440.laz,123672085,123672085,F:\LIDAR\oregon\lidar_tiles\tillamook_expansion_100\USGS_LPC_OR_WesternWildfires_A22_s04710w13440.laz,OK,https://rockyweb.usgs.gov/vdelivery/Datasets/Staged/Elevation/LPC/Projects/OR_WesternWildfires_A22/OR_WWildfires_2_A22/LAZ/USGS_LPC_OR_WesternWildfires_A22_s04710w13440.laz
USGS_LPC_OR_WesternWildfires_A22_s05160w13950.laz,177692525,177692525,F:\LIDAR\oregon\lidar_tiles\tillamook_expansion_100\USGS_LPC_OR_WesternWildfires_A22_s05160w13950.laz,OK,https://rockyweb.usgs.gov/vdelivery/Datasets/Staged/Elevation/LPC/Projects/OR_WesternWildfires_A22/OR_WWildfires_2_A22/LAZ/USGS_LPC_OR_WesternWildfires_A22_s05160w13950.laz
USGS_LPC_OR_WesternWildfires_A22_s05160w14010.laz,129710587,129710587,F:\LIDAR\oregon\lidar_tiles\tillamook_expansion_100\USGS_LPC_OR_WesternWildfires_A22_s05160w14010.laz,OK,https://rockyweb.usgs.gov/vdelivery/Datasets/Staged/Elevation/LPC/Projects/OR_WesternWildfires_A22/OR_WWildfires_2_A22/LAZ/USGS_LPC_OR_WesternWildfires_A22_s05160w14010.laz
USGS_LPC_OR_WesternWildfires_A22_s04890w13680.laz,197435896,197435896,F:\LIDAR\oregon\lidar_tiles\tillamook_expansion_100\USGS_LPC_OR_WesternWildfires_A22_s04890w13680.laz,OK,https://rockyweb.usgs.gov/vdelivery/Datasets/Staged/Elevation/LPC/Projects/OR_WesternWildfires_A22/OR_WWildfires_2_A22/LAZ/USGS_LPC_OR_WesternWildfires_A22_s04890w13680.laz
USGS_LPC_OR_WesternWildfires_A22_s05040w13770.laz,211630036,211630036,F:\LIDAR\oregon\lidar_tiles\tillamook_expansion_100\USGS_LPC_OR_WesternWildfires_A22_s05040w13770.laz,OK,https://rockyweb.usgs.gov/vdelivery/Datasets/Staged/Elevation/LPC/Projects/OR_WesternWildfires_A22/OR_WWildfires_2_A22/LAZ/USGS_LPC_OR_WesternWildfires_A22_s05040w13770.laz
USGS_LPC_OR_WesternWildfires_A22_s04800w13620.laz,188244194,188244194,F:\LIDAR\oregon\lidar_tiles\tillamook_expansion_100\USGS_LPC_OR_WesternWildfires_A22_s04800w13620.laz,OK,https://rockyweb.usgs.gov/vdelivery/Datasets/Staged/Elevation/LPC/Projects/OR_WesternWildfires_A22/OR_WWildfires_2_A22/LAZ/USGS_LPC_OR_WesternWildfires_A22_s04800w13620.laz
USGS_LPC_OR_WesternWildfires_A22_s04620w13830.laz,185307146,185307146,F:\LIDAR\oregon\lidar_tiles\tillamook_expansion_100\USGS_LPC_OR_WesternWildfires_A22_s04620w13830.laz,OK,https://rockyweb.usgs.gov/vdelivery/Datasets/Staged/Elevation/LPC/Projects/OR_WesternWildfires_A22/OR_WWildfires_2_A22/LAZ/USGS_LPC_OR_WesternWildfires_A22_s04620w13830.laz
USGS_LPC_OR_WesternWildfires_A22_s04500w14100.laz,183928244,183928244,F:\LIDAR\oregon\lidar_tiles\tillamook_expansion_100\USGS_LPC_OR_WesternWildfires_A22_s04500w14100.laz,OK,https://rockyweb.usgs.gov/vdelivery/Datasets/Staged/Elevation/LPC/Projects/OR_WesternWildfires_A22/OR_WWildfires_2_A22/LAZ/USGS_LPC_OR_WesternWildfires_A22_s04500w14100.laz
USGS_LPC_OR_WesternWildfires_A22_s04920w13590.laz,62771035,62771035,F:\LIDAR\oregon\lidar_tiles\tillamook_expansion_100\USGS_LPC_OR_WesternWildfires_A22_s04920w13590.laz,OK,https://rockyweb.usgs.gov/vdelivery/Datasets/Staged/Elevation/LPC/Projects/OR_WesternWildfires_A22/OR_WWildfires_2_A22/LAZ/USGS_LPC_OR_WesternWildfires_A22_s04920w13590.laz
USGS_LPC_OR_WesternWildfires_A22_s04530w13950.laz,186359196,186359196,F:\LIDAR\oregon\lidar_tiles\tillamook_expansion_100\USGS_LPC_OR_WesternWildfires_A22_s04530w13950.laz,OK,https://rockyweb.usgs.gov/vdelivery/Datasets/Staged/Elevation/LPC/Projects/OR_WesternWildfires_A22/OR_WWildfires_2_A22/LAZ/USGS_LPC_OR_WesternWildfires_A22_s04530w13950.laz
USGS_LPC_OR_WesternWildfires_A22_s04560w13920.laz,131162455,131162455,F:\LIDAR\oregon\lidar_tiles\tillamook_expansion_100\USGS_LPC_OR_WesternWildfires_A22_s04560w13920.laz,OK,https://rockyweb.usgs.gov/vdelivery/Datasets/Staged/Elevation/LPC/Projects/OR_WesternWildfires_A22/OR_WWildfires_2_A22/LAZ/USGS_LPC_OR_WesternWildfires_A22_s04560w13920.laz
USGS_LPC_OR_WesternWildfires_A22_s04710w13770.laz,156609687,156609687,F:\LIDAR\oregon\lidar_tiles\tillamook_expansion_100\USGS_LPC_OR_WesternWildfires_A22_s04710w13770.laz,OK,https://rockyweb.usgs.gov/vdelivery/Datasets/Staged/Elevation/LPC/Projects/OR_WesternWildfires_A22/OR_WWildfires_2_A22/LAZ/USGS_LPC_OR_WesternWildfires_A22_s04710w13770.laz
USGS_LPC_OR_WesternWildfires_A22_s04860w13740.laz,163423242,163423242,F:\LIDAR\oregon\lidar_tiles\tillamook_expansion_100\USGS_LPC_OR_WesternWildfires_A22_s04860w13740.laz,OK,https://rockyweb.usgs.gov/vdelivery/Datasets/Staged/Elevation/LPC/Projects/OR_WesternWildfires_A22/OR_WWildfires_2_A22/LAZ/USGS_LPC_OR_WesternWildfires_A22_s04860w13740.laz
USGS_LPC_OR_WesternWildfires_A22_s04470w13920.laz,106613644,106613644,F:\LIDAR\oregon\lidar_tiles\tillamook_expansion_100\USGS_LPC_OR_WesternWildfires_A22_s04470w13920.laz,OK,https://rockyweb.usgs.gov/vdelivery/Datasets/Staged/Elevation/LPC/Projects/OR_WesternWildfires_A22/OR_WWildfires_2_A22/LAZ/USGS_LPC_OR_WesternWildfires_A22_s04470w13920.laz
USGS_LPC_OR_WesternWildfires_A22_s04830w13710.laz,164184221,164184221,F:\LIDAR\oregon\lidar_tiles\tillamook_expansion_100\USGS_LPC_OR_WesternWildfires_A22_s04830w13710.laz,OK,https://rockyweb.usgs.gov/vdelivery/Datasets/Staged/Elevation/LPC/Projects/OR_WesternWildfires_A22/OR_WWildfires_2_A22/LAZ/USGS_LPC_OR_WesternWildfires_A22_s04830w13710.laz
USGS_LPC_OR_WesternWildfires_A22_s05280w14190.laz,213071990,213071990,F:\LIDAR\oregon\probe_lidar\tillamook_probe\USGS_LPC_OR_WesternWildfires_A22\USGS_LPC_OR_WesternWildfires_A22_s05280w14190.laz,OK,https://rockyweb.usgs.gov/vdelivery/Datasets/Staged/Elevation/LPC/Projects/OR_WesternWildfires_A22/OR_WWildfires_2_A22/LAZ/USGS_LPC_OR_WesternWildfires_A22_s05280w14190.laz
USGS_LPC_OR_WesternWildfires_A22_s04620w13860.laz,197234036,197234036,F:\LIDAR\oregon\lidar_tiles\tillamook_expansion_100\USGS_LPC_OR_WesternWildfires_A22_s04620w13860.laz,OK,https://rockyweb.usgs.gov/vdelivery/Datasets/Staged/Elevation/LPC/Projects/OR_WesternWildfires_A22/OR_WWildfires_2_A22/LAZ/USGS_LPC_OR_WesternWildfires_A22_s04620w13860.laz
USGS_LPC_OR_WesternWildfires_A22_s05310w14100.laz,134672603,134672603,F:\LIDAR\oregon\probe_lidar\tillamook_probe\USGS_LPC_OR_WesternWildfires_A22\USGS_LPC_OR_WesternWildfires_A22_s05310w14100.laz,OK,https://rockyweb.usgs.gov/vdelivery/Datasets/Staged/Elevation/LPC/Projects/OR_WesternWildfires_A22/OR_WWildfires_2_A22/LAZ/USGS_LPC_OR_WesternWildfires_A22_s05310w14100.laz
USGS_LPC_OR_WesternWildfires_A22_s04530w14280.laz,159799868,159799868,F:\LIDAR\oregon\lidar_tiles\tillamook_expansion_100\USGS_LPC_OR_WesternWildfires_A22_s04530w14280.laz,OK,https://rockyweb.usgs.gov/vdelivery/Datasets/Staged/Elevation/LPC/Projects/OR_WesternWildfires_A22/OR_WWildfires_2_A22/LAZ/USGS_LPC_OR_WesternWildfires_A22_s04530w14280.laz
USGS_LPC_OR_WesternWildfires_A22_s05130w13560.laz,132014949,132014949,F:\LIDAR\oregon\lidar_tiles\tillamook_expansion_100\USGS_LPC_OR_WesternWildfires_A22_s05130w13560.laz,OK,https://rockyweb.usgs.gov/vdelivery/Datasets/Staged/Elevation/LPC/Projects/OR_WesternWildfires_A22/OR_WWildfires_2_A22/LAZ/USGS_LPC_OR_WesternWildfires_A22_s05130w13560.laz
USGS_LPC_OR_WesternWildfires_A22_s04980w13800.laz,146971187,146971187,F:\LIDAR\oregon\lidar_tiles\tillamook_expansion_100\USGS_LPC_OR_WesternWildfires_A22_s04980w13800.laz,OK,https://rockyweb.usgs.gov/vdelivery/Datasets/Staged/Elevation/LPC/Projects/OR_WesternWildfires_A22/OR_WWildfires_2_A22/LAZ/USGS_LPC_OR_WesternWildfires_A22_s04980w13800.laz
USGS_LPC_OR_WesternWildfires_A22_s04830w13590.laz,135428208,135428208,F:\LIDAR\oregon\lidar_tiles\tillamook_expansion_100\USGS_LPC_OR_WesternWildfires_A22_s04830w13590.laz,OK,https://rockyweb.usgs.gov/vdelivery/Datasets/Staged/Elevation/LPC/Projects/OR_WesternWildfires_A22/OR_WWildfires_2_A22/LAZ/USGS_LPC_OR_WesternWildfires_A22_s04830w13590.laz
USGS_LPC_OR_WesternWildfires_A22_s05190w14010.laz,142833696,142833696,F:\LIDAR\oregon\lidar_tiles\tillamook_expansion_100\USGS_LPC_OR_WesternWildfires_A22_s05190w14010.laz,OK,https://rockyweb.usgs.gov/vdelivery/Datasets/Staged/Elevation/LPC/Projects/OR_WesternWildfires_A22/OR_WWildfires_2_A22/LAZ/USGS_LPC_OR_WesternWildfires_A22_s05190w14010.laz
USGS_LPC_OR_WesternWildfires_A22_s04470w14160.laz,132001372,132001372,F:\LIDAR\oregon\lidar_tiles\tillamook_expansion_100\USGS_LPC_OR_WesternWildfires_A22_s04470w14160.laz,OK,https://rockyweb.usgs.gov/vdelivery/Datasets/Staged/Elevation/LPC/Projects/OR_WesternWildfires_A22/OR_WWildfires_2_A22/LAZ/USGS_LPC_OR_WesternWildfires_A22_s04470w14160.laz
USGS_LPC_OR_WesternWildfires_A22_s05310w14520.laz,217778127,217778127,F:\LIDAR\oregon\probe_lidar\tillamook_probe\USGS_LPC_OR_WesternWildfires_A22\USGS_LPC_OR_WesternWildfires_A22_s05310w14520.laz,OK,https://rockyweb.usgs.gov/vdelivery/Datasets/Staged/Elevation/LPC/Projects/OR_WesternWildfires_A22/OR_WWildfires_2_A22/LAZ/USGS_LPC_OR_WesternWildfires_A22_s05310w14520.laz
USGS_LPC_OR_WesternWildfires_A22_s05310w13800.laz,203939964,203939964,F:\LIDAR\oregon\probe_lidar\tillamook_probe\USGS_LPC_OR_WesternWildfires_A22\USGS_LPC_OR_WesternWildfires_A22_s05310w13800.laz,OK,https://rockyweb.usgs.gov/vdelivery/Datasets/Staged/Elevation/LPC/Projects/OR_WesternWildfires_A22/OR_WWildfires_2_A22/LAZ/USGS_LPC_OR_WesternWildfires_A22_s05310w13800.laz
USGS_LPC_OR_WesternWildfires_A22_s04800w14550.laz,150410510,150410510,F:\LIDAR\oregon\lidar_tiles\tillamook_expansion_100\USGS_LPC_OR_WesternWildfires_A22_s04800w14550.laz,OK,https://rockyweb.usgs.gov/vdelivery/Datasets/Staged/Elevation/LPC/Projects/OR_WesternWildfires_A22/OR_WWildfires_2_A22/LAZ/USGS_LPC_OR_WesternWildfires_A22_s04800w14550.laz
USGS_LPC_OR_WesternWildfires_A22_s04410w13920.laz,5849429,5849429,F:\LIDAR\oregon\probe_lidar\tillamook_probe\USGS_LPC_OR_WesternWildfires_A22\USGS_LPC_OR_WesternWildfires_A22_s04410w13920.laz,OK,https://rockyweb.usgs.gov/vdelivery/Datasets/Staged/Elevation/LPC/Projects/OR_WesternWildfires_A22/OR_WWildfires_2_A22/LAZ/USGS_LPC_OR_WesternWildfires_A22_s04410w13920.laz
USGS_LPC_OR_WesternWildfires_A22_s05250w13320.laz,141753650,141753650,F:\LIDAR\oregon\lidar_tiles\tillamook_expansion_100\USGS_LPC_OR_WesternWildfires_A22_s05250w13320.laz,OK,https://rockyweb.usgs.gov/vdelivery/Datasets/Staged/Elevation/LPC/Projects/OR_WesternWildfires_A22/OR_WWildfires_2_A22/LAZ/USGS_LPC_OR_WesternWildfires_A22_s05250w13320.laz
USGS_LPC_OR_WesternWildfires_A22_s05310w14340.laz,172872849,172872849,F:\LIDAR\oregon\lidar_tiles\tillamook_expansion_100\USGS_LPC_OR_WesternWildfires_A22_s05310w14340.laz,OK,https://rockyweb.usgs.gov/vdelivery/Datasets/Staged/Elevation/LPC/Projects/OR_WesternWildfires_A22/OR_WWildfires_2_A22/LAZ/USGS_LPC_OR_WesternWildfires_A22_s05310w14340.laz
USGS_LPC_OR_WesternWildfires_A22_s04860w14220.laz,214910213,214910213,F:\LIDAR\oregon\lidar_tiles\tillamook_expansion_100\USGS_LPC_OR_WesternWildfires_A22_s04860w14220.laz,OK,https://rockyweb.usgs.gov/vdelivery/Datasets/Staged/Elevation/LPC/Projects/OR_WesternWildfires_A22/OR_WWildfires_2_A22/LAZ/USGS_LPC_OR_WesternWildfires_A22_s04860w14220.laz
USGS_LPC_OR_WesternWildfires_A22_s04830w13950.laz,218214580,218214580,F:\LIDAR\oregon\lidar_tiles\tillamook_expansion_100\USGS_LPC_OR_WesternWildfires_A22_s04830w13950.laz,OK,https://rockyweb.usgs.gov/vdelivery/Datasets/Staged/Elevation/LPC/Projects/OR_WesternWildfires_A22/OR_WWildfires_2_A22/LAZ/USGS_LPC_OR_WesternWildfires_A22_s04830w13950.laz
USGS_LPC_OR_WesternWildfires_A22_s04770w14370.laz,211853777,211853777,F:\LIDAR\oregon\lidar_tiles\tillamook_expansion_100\USGS_LPC_OR_WesternWildfires_A22_s04770w14370.laz,OK,https://rockyweb.usgs.gov/vdelivery/Datasets/Staged/Elevation/LPC/Projects/OR_WesternWildfires_A22/OR_WWildfires_2_A22/LAZ/USGS_LPC_OR_WesternWildfires_A22_s04770w14370.laz
USGS_LPC_OR_WesternWildfires_A22_s05070w14400.laz,193248775,193248775,F:\LIDAR\oregon\lidar_tiles\tillamook_expansion_100\USGS_LPC_OR_WesternWildfires_A22_s05070w14400.laz,OK,https://rockyweb.usgs.gov/vdelivery/Datasets/Staged/Elevation/LPC/Projects/OR_WesternWildfires_A22/OR_WWildfires_2_A22/LAZ/USGS_LPC_OR_WesternWildfires_A22_s05070w14400.laz
USGS_LPC_OR_WesternWildfires_A22_s04560w14520.laz,42130654,42130654,F:\LIDAR\oregon\lidar_tiles\tillamook_expansion_100\USGS_LPC_OR_WesternWildfires_A22_s04560w14520.laz,OK,https://rockyweb.usgs.gov/vdelivery/Datasets/Staged/Elevation/LPC/Projects/OR_WesternWildfires_A22/OR_WWildfires_2_A22/LAZ/USGS_LPC_OR_WesternWildfires_A22_s04560w14520.laz
USGS_LPC_OR_WesternWildfires_A22_s04980w13440.laz,188224554,188224554,F:\LIDAR\oregon\lidar_tiles\tillamook_expansion_100\USGS_LPC_OR_WesternWildfires_A22_s04980w13440.laz,OK,https://rockyweb.usgs.gov/vdelivery/Datasets/Staged/Elevation/LPC/Projects/OR_WesternWildfires_A22/OR_WWildfires_2_A22/LAZ/USGS_LPC_OR_WesternWildfires_A22_s04980w13440.laz
USGS_LPC_OR_WesternWildfires_A22_s04950w14070.laz,207780916,207780916,F:\LIDAR\oregon\lidar_tiles\tillamook_expansion_100\USGS_LPC_OR_WesternWildfires_A22_s04950w14070.laz,OK,https://rockyweb.usgs.gov/vdelivery/Datasets/Staged/Elevation/LPC/Projects/OR_WesternWildfires_A22/OR_WWildfires_2_A22/LAZ/USGS_LPC_OR_WesternWildfires_A22_s04950w14070.laz
USGS_LPC_OR_WesternWildfires_A22_s05310w14430.laz,168407909,168407909,F:\LIDAR\oregon\lidar_tiles\tillamook_expansion_100\USGS_LPC_OR_WesternWildfires_A22_s05310w14430.laz,OK,https://rockyweb.usgs.gov/vdelivery/Datasets/Staged/Elevation/LPC/Projects/OR_WesternWildfires_A22/OR_WWildfires_2_A22/LAZ/USGS_LPC_OR_WesternWildfires_A22_s05310w14430.laz
USGS_LPC_OR_WesternWildfires_A22_s05190w14280.laz,188865111,188865111,F:\LIDAR\oregon\lidar_tiles\tillamook_expansion_100\USGS_LPC_OR_WesternWildfires_A22_s05190w14280.laz,OK,https://rockyweb.usgs.gov/vdelivery/Datasets/Staged/Elevation/LPC/Projects/OR_WesternWildfires_A22/OR_WWildfires_2_A22/LAZ/USGS_LPC_OR_WesternWildfires_A22_s05190w14280.laz
USGS_LPC_OR_WesternWildfires_A22_s04800w14460.laz,172965048,172965048,F:\LIDAR\oregon\lidar_tiles\tillamook_expansion_100\USGS_LPC_OR_WesternWildfires_A22_s04800w14460.laz,OK,https://rockyweb.usgs.gov/vdelivery/Datasets/Staged/Elevation/LPC/Projects/OR_WesternWildfires_A22/OR_WWildfires_2_A22/LAZ/USGS_LPC_OR_WesternWildfires_A22_s04800w14460.laz
USGS_LPC_OR_WesternWildfires_A22_s05250w14310.laz,167988833,167988833,F:\LIDAR\oregon\lidar_tiles\tillamook_expansion_100\USGS_LPC_OR_WesternWildfires_A22_s05250w14310.laz,OK,https://rockyweb.usgs.gov/vdelivery/Datasets/Staged/Elevation/LPC/Projects/OR_WesternWildfires_A22/OR_WWildfires_2_A22/LAZ/USGS_LPC_OR_WesternWildfires_A22_s05250w14310.laz
USGS_LPC_OR_WesternWildfires_A22_s05310w14370.laz,213809788,213809788,F:\LIDAR\oregon\lidar_tiles\tillamook_expansion_100\USGS_LPC_OR_WesternWildfires_A22_s05310w14370.laz,OK,https://rockyweb.usgs.gov/vdelivery/Datasets/Staged/Elevation/LPC/Projects/OR_WesternWildfires_A22/OR_WWildfires_2_A22/LAZ/USGS_LPC_OR_WesternWildfires_A22_s05310w14370.laz
USGS_LPC_OR_WesternWildfires_A22_s04860w13440.laz,1078266,1078266,F:\LIDAR\oregon\lidar_tiles\tillamook_expansion_100\USGS_LPC_OR_WesternWildfires_A22_s04860w13440.laz,OK,https://rockyweb.usgs.gov/vdelivery/Datasets/Staged/Elevation/LPC/Projects/OR_WesternWildfires_A22/OR_WWildfires_2_A22/LAZ/USGS_LPC_OR_WesternWildfires_A22_s04860w13440.laz
USGS_LPC_OR_WesternWildfires_A22_s04530w14040.laz,211089790,211089790,F:\LIDAR\oregon\lidar_tiles\tillamook_expansion_100\USGS_LPC_OR_WesternWildfires_A22_s04530w14040.laz,OK,https://rockyweb.usgs.gov/vdelivery/Datasets/Staged/Elevation/LPC/Projects/OR_WesternWildfires_A22/OR_WWildfires_2_A22/LAZ/USGS_LPC_OR_WesternWildfires_A22_s04530w14040.laz
USGS_LPC_OR_WesternWildfires_A22_s05280w14340.laz,178940854,178940854,F:\LIDAR\oregon\lidar_tiles\tillamook_expansion_100\USGS_LPC_OR_WesternWildfires_A22_s05280w14340.laz,OK,https://rockyweb.usgs.gov/vdelivery/Datasets/Staged/Elevation/LPC/Projects/OR_WesternWildfires_A22/OR_WWildfires_2_A22/LAZ/USGS_LPC_OR_WesternWildfires_A22_s05280w14340.laz
USGS_LPC_OR_WesternWildfires_A22_s04470w14010.laz,187215933,187215933,F:\LIDAR\oregon\lidar_tiles\tillamook_expansion_100\USGS_LPC_OR_WesternWildfires_A22_s04470w14010.laz,OK,https://rockyweb.usgs.gov/vdelivery/Datasets/Staged/Elevation/LPC/Projects/OR_WesternWildfires_A22/OR_WWildfires_2_A22/LAZ/USGS_LPC_OR_WesternWildfires_A22_s04470w14010.laz
USGS_LPC_OR_WesternWildfires_A22_s05310w13950.laz,212083396,212083396,F:\LIDAR\oregon\lidar_tiles\tillamook_expansion_100\USGS_LPC_OR_WesternWildfires_A22_s05310w13950.laz,OK,https://rockyweb.usgs.gov/vdelivery/Datasets/Staged/Elevation/LPC/Projects/OR_WesternWildfires_A22/OR_WWildfires_2_A22/LAZ/USGS_LPC_OR_WesternWildfires_A22_s05310w13950.laz
USGS_LPC_OR_WesternWildfires_A22_s05310w14250.laz,144110699,144110699,F:\LIDAR\oregon\lidar_tiles\tillamook_expansion_100\USGS_LPC_OR_WesternWildfires_A22_s05310w14250.laz,OK,https://rockyweb.usgs.gov/vdelivery/Datasets/Staged/Elevation/LPC/Projects/OR_WesternWildfires_A22/OR_WWildfires_2_A22/LAZ/USGS_LPC_OR_WesternWildfires_A22_s05310w14250.laz
USGS_LPC_OR_WesternWildfires_A22_s04830w13830.laz,176956288,176956288,F:\LIDAR\oregon\lidar_tiles\tillamook_expansion_100\USGS_LPC_OR_WesternWildfires_A22_s04830w13830.laz,OK,https://rockyweb.usgs.gov/vdelivery/Datasets/Staged/Elevation/LPC/Projects/OR_WesternWildfires_A22/OR_WWildfires_2_A22/LAZ/USGS_LPC_OR_WesternWildfires_A22_s04830w13830.laz
USGS_LPC_OR_WesternWildfires_A22_s04710w13950.laz,185420274,185420274,F:\LIDAR\oregon\lidar_tiles\tillamook_expansion_100\USGS_LPC_OR_WesternWildfires_A22_s04710w13950.laz,OK,https://rockyweb.usgs.gov/vdelivery/Datasets/Staged/Elevation/LPC/Projects/OR_WesternWildfires_A22/OR_WWildfires_2_A22/LAZ/USGS_LPC_OR_WesternWildfires_A22_s04710w13950.laz
USGS_LPC_OR_WesternWildfires_A22_s05310w14400.laz,184839969,184839969,F:\LIDAR\oregon\lidar_tiles\tillamook_expansion_100\USGS_LPC_OR_WesternWildfires_A22_s05310w14400.laz,OK,https://rockyweb.usgs.gov/vdelivery/Datasets/Staged/Elevation/LPC/Projects/OR_WesternWildfires_A22/OR_WWildfires_2_A22/LAZ/USGS_LPC_OR_WesternWildfires_A22_s05310w14400.laz
USGS_LPC_OR_WesternWildfires_A22_s05130w13320.laz,123673056,123673056,F:\LIDAR\oregon\lidar_tiles\tillamook_expansion_100\USGS_LPC_OR_WesternWildfires_A22_s05130w13320.laz,OK,https://rockyweb.usgs.gov/vdelivery/Datasets/Staged/Elevation/LPC/Projects/OR_WesternWildfires_A22/OR_WWildfires_2_A22/LAZ/USGS_LPC_OR_WesternWildfires_A22_s05130w13320.laz
USGS_LPC_OR_WesternWildfires_A22_s04530w14160.laz,185887026,185887026,F:\LIDAR\oregon\lidar_tiles\tillamook_expansion_100\USGS_LPC_OR_WesternWildfires_A22_s04530w14160.laz,OK,https://rockyweb.usgs.gov/vdelivery/Datasets/Staged/Elevation/LPC/Projects/OR_WesternWildfires_A22/OR_WWildfires_2_A22/LAZ/USGS_LPC_OR_WesternWildfires_A22_s04530w14160.laz
USGS_LPC_OR_WesternWildfires_A22_s05280w14370.laz,109613788,109613788,F:\LIDAR\oregon\lidar_tiles\tillamook_expansion_100\USGS_LPC_OR_WesternWildfires_A22_s05280w14370.laz,OK,https://rockyweb.usgs.gov/vdelivery/Datasets/Staged/Elevation/LPC/Projects/OR_WesternWildfires_A22/OR_WWildfires_2_A22/LAZ/USGS_LPC_OR_WesternWildfires_A22_s05280w14370.laz
USGS_LPC_OR_WesternWildfires_A22_s05250w14340.laz,191355092,191355092,F:\LIDAR\oregon\lidar_tiles\tillamook_expansion_100\USGS_LPC_OR_WesternWildfires_A22_s05250w14340.laz,OK,https://rockyweb.usgs.gov/vdelivery/Datasets/Staged/Elevation/LPC/Projects/OR_WesternWildfires_A22/OR_WWildfires_2_A22/LAZ/USGS_LPC_OR_WesternWildfires_A22_s05250w14340.laz
USGS_LPC_OR_WesternWildfires_A22_s04800w14520.laz,161415555,161415555,F:\LIDAR\oregon\lidar_tiles\tillamook_expansion_100\USGS_LPC_OR_WesternWildfires_A22_s04800w14520.laz,OK,https://rockyweb.usgs.gov/vdelivery/Datasets/Staged/Elevation/LPC/Projects/OR_WesternWildfires_A22/OR_WWildfires_2_A22/LAZ/USGS_LPC_OR_WesternWildfires_A22_s04800w14520.laz
USGS_LPC_OR_WesternWildfires_A22_s04500w14010.laz,186213976,186213976,F:\LIDAR\oregon\lidar_tiles\tillamook_expansion_100\USGS_LPC_OR_WesternWildfires_A22_s04500w14010.laz,OK,https://rockyweb.usgs.gov/vdelivery/Datasets/Staged/Elevation/LPC/Projects/OR_WesternWildfires_A22/OR_WWildfires_2_A22/LAZ/USGS_LPC_OR_WesternWildfires_A22_s04500w14010.laz
USGS_LPC_OR_WesternWildfires_A22_s05160w14370.laz,185830850,185830850,F:\LIDAR\oregon\lidar_tiles\tillamook_expansion_100\USGS_LPC_OR_WesternWildfires_A22_s05160w14370.laz,OK,https://rockyweb.usgs.gov/vdelivery/Datasets/Staged/Elevation/LPC/Projects/OR_WesternWildfires_A22/OR_WWildfires_2_A22/LAZ/USGS_LPC_OR_WesternWildfires_A22_s05160w14370.laz
USGS_LPC_OR_WesternWildfires_A22_s04620w13980.laz,232301458,232301458,F:\LIDAR\oregon\lidar_tiles\tillamook_expansion_100\USGS_LPC_OR_WesternWildfires_A22_s04620w13980.laz,OK,https://rockyweb.usgs.gov/vdelivery/Datasets/Staged/Elevation/LPC/Projects/OR_WesternWildfires_A22/OR_WWildfires_2_A22/LAZ/USGS_LPC_OR_WesternWildfires_A22_s04620w13980.laz
USGS_LPC_OR_WesternWildfires_A22_s04830w14490.laz,139646135,139646135,F:\LIDAR\oregon\lidar_tiles\tillamook_expansion_100\USGS_LPC_OR_WesternWildfires_A22_s04830w14490.laz,OK,https://rockyweb.usgs.gov/vdelivery/Datasets/Staged/Elevation/LPC/Projects/OR_WesternWildfires_A22/OR_WWildfires_2_A22/LAZ/USGS_LPC_OR_WesternWildfires_A22_s04830w14490.laz
USGS_LPC_OR_WesternWildfires_A22_s04410w13950.laz,95947838,95947838,F:\LIDAR\oregon\lidar_tiles\tillamook_expansion_100\USGS_LPC_OR_WesternWildfires_A22_s04410w13950.laz,OK,https://rockyweb.usgs.gov/vdelivery/Datasets/Staged/Elevation/LPC/Projects/OR_WesternWildfires_A22/OR_WWildfires_2_A22/LAZ/USGS_LPC_OR_WesternWildfires_A22_s04410w13950.laz
USGS_LPC_OR_WesternWildfires_A22_s05310w14460.laz,186597083,186597083,F:\LIDAR\oregon\lidar_tiles\tillamook_expansion_100\USGS_LPC_OR_WesternWildfires_A22_s05310w14460.laz,OK,https://rockyweb.usgs.gov/vdelivery/Datasets/Staged/Elevation/LPC/Projects/OR_WesternWildfires_A22/OR_WWildfires_2_A22/LAZ/USGS_LPC_OR_WesternWildfires_A22_s05310w14460.laz
USGS_LPC_OR_WesternWildfires_A22_s05280w13890.laz,211528807,211528807,F:\LIDAR\oregon\lidar_tiles\tillamook_expansion_100\USGS_LPC_OR_WesternWildfires_A22_s05280w13890.laz,OK,https://rockyweb.usgs.gov/vdelivery/Datasets/Staged/Elevation/LPC/Projects/OR_WesternWildfires_A22/OR_WWildfires_2_A22/LAZ/USGS_LPC_OR_WesternWildfires_A22_s05280w13890.laz
USGS_LPC_OR_WesternWildfires_A22_s05280w13470.laz,162461227,162461227,F:\LIDAR\oregon\lidar_tiles\tillamook_expansion_100\USGS_LPC_OR_WesternWildfires_A22_s05280w13470.laz,OK,https://rockyweb.usgs.gov/vdelivery/Datasets/Staged/Elevation/LPC/Projects/OR_WesternWildfires_A22/OR_WWildfires_2_A22/LAZ/USGS_LPC_OR_WesternWildfires_A22_s05280w13470.laz
