tile_name,expected_bytes,status,location,download_url
USGS_LPC_OR_WesternWildfires_A22_s05220w14040.laz,166036314,COMPLETE_TARGET,F:\LIDAR\oregon\lidar_tiles\tillamook_expansion_100\USGS_LPC_OR_WesternWildfires_A22_s05220w14040.laz,https://rockyweb.usgs.gov/vdelivery/Datasets/Staged/Elevation/LPC/Projects/OR_WesternWildfires_A22/OR_WWildfires_2_A22/LAZ/USGS_LPC_OR_WesternWildfires_A22_s05220w14040.laz
USGS_LPC_OR_WesternWildfires_A22_s05160w14040.laz,195360572,COMPLETE_TARGET,F:\LIDAR\oregon\lidar_tiles\tillamook_expansion_100\USGS_LPC_OR_WesternWildfires_A22_s05160w14040.laz,https://rockyweb.usgs.gov/vdelivery/Datasets/Staged/Elevation/LPC/Projects/OR_WesternWildfires_A22/OR_WWildfires_2_A22/LAZ/USGS_LPC_OR_WesternWildfires_A22_s05160w14040.laz
USGS_LPC_OR_WesternWildfires_A22_s04410w13980.laz,137817005,COMPLETE_TARGET,F:\LIDAR\oregon\lidar_tiles\tillamook_expansion_100\USGS_LPC_OR_WesternWildfires_A22_s04410w13980.laz,https://rockyweb.usgs.gov/vdelivery/Datasets/Staged/Elevation/LPC/Projects/OR_WesternWildfires_A22/OR_WWildfires_2_A22/LAZ/USGS_LPC_OR_WesternWildfires_A22_s04410w13980.laz
USGS_LPC_OR_WesternWildfires_A22_s04860w13710.laz,216487368,COMPLETE_TARGET,F:\LIDAR\oregon\lidar_tiles\tillamook_expansion_100\USGS_LPC_OR_WesternWildfires_A22_s04860w13710.laz,https://rockyweb.usgs.gov/vdelivery/Datasets/Staged/Elevation/LPC/Projects/OR_WesternWildfires_A22/OR_WWildfires_2_A22/LAZ/USGS_LPC_OR_WesternWildfires_A22_s04860w13710.laz
USGS_LPC_OR_WesternWildfires_A22_s05190w14070.laz,178739708,COMPLETE_TARGET,F:\LIDAR\oregon\lidar_tiles\tillamook_expansion_100\USGS_LPC_OR_WesternWildfires_A22_s05190w14070.laz,https://rockyweb.usgs.gov/vdelivery/Datasets/Staged/Elevation/LPC/Projects/OR_WesternWildfires_A22/OR_WWildfires_2_A22/LAZ/USGS_LPC_OR_WesternWildfires_A22_s05190w14070.laz
USGS_LPC_OR_WesternWildfires_A22_s04800w13650.laz,161166153,COMPLETE_TARGET,F:\LIDAR\oregon\lidar_tiles\tillamook_expansion_100\USGS_LPC_OR_WesternWildfires_A22_s04800w13650.laz,https://rockyweb.usgs.gov/vdelivery/Datasets/Staged/Elevation/LPC/Projects/OR_WesternWildfires_A22/OR_WWildfires_2_A22/LAZ/USGS_LPC_OR_WesternWildfires_A22_s04800w13650.laz
USGS_LPC_OR_WesternWildfires_A22_s05220w14070.laz,124805762,COMPLETE_TARGET,F:\LIDAR\oregon\lidar_tiles\tillamook_expansion_100\USGS_LPC_OR_WesternWildfires_A22_s05220w14070.laz,https://rockyweb.usgs.gov/vdelivery/Datasets/Staged/Elevation/LPC/Projects/OR_WesternWildfires_A22/OR_WWildfires_2_A22/LAZ/USGS_LPC_OR_WesternWildfires_A22_s05220w14070.laz
USGS_LPC_OR_WesternWildfires_A22_s05160w14070.laz,176515682,COMPLETE_ELSEWHERE,F:\LIDAR\oregon\probe_lidar\tillamook_probe\USGS_LPC_OR_WesternWildfires_A22\USGS_LPC_OR_WesternWildfires_A22_s05160w14070.laz,https://rockyweb.usgs.gov/vdelivery/Datasets/Staged/Elevation/LPC/Projects/OR_WesternWildfires_A22/OR_WWildfires_2_A22/LAZ/USGS_LPC_OR_WesternWildfires_A22_s05160w14070.laz
USGS_LPC_OR_WesternWildfires_A22_s05280w14100.laz,157271433,COMPLETE_TARGET,F:\LIDAR\oregon\lidar_tiles\tillamook_expansion_100\USGS_LPC_OR_WesternWildfires_A22_s05280w14100.laz,https://rockyweb.usgs.gov/vdelivery/Datasets/Staged/Elevation/LPC/Projects/OR_WesternWildfires_A22/OR_WWildfires_2_A22/LAZ/USGS_LPC_OR_WesternWildfires_A22_s05280w14100.laz
USGS_LPC_OR_WesternWildfires_A22_s05190w14040.laz,187142780,COMPLETE_TARGET,F:\LIDAR\oregon\lidar_tiles\tillamook_expansion_100\USGS_LPC_OR_WesternWildfires_A22_s05190w14040.laz,https://rockyweb.usgs.gov/vdelivery/Datasets/Staged/Elevation/LPC/Projects/OR_WesternWildfires_A22/OR_WWildfires_2_A22/LAZ/USGS_LPC_OR_WesternWildfires_A22_s05190w14040.laz
USGS_LPC_OR_WesternWildfires_A22_s04470w14190.laz,132418689,COMPLETE_TARGET,F:\LIDAR\oregon\lidar_tiles\tillamook_expansion_100\USGS_LPC_OR_WesternWildfires_A22_s04470w14190.laz,https://rockyweb.usgs.gov/vdelivery/Datasets/Staged/Elevation/LPC/Projects/OR_WesternWildfires_A22/OR_WWildfires_2_A22/LAZ/USGS_LPC_OR_WesternWildfires_A22_s04470w14190.laz
USGS_LPC_OR_WesternWildfires_A22_s04710w13410.laz,141018934,COMPLETE_TARGET,F:\LIDAR\oregon\lidar_tiles\tillamook_expansion_100\USGS_LPC_OR_WesternWildfires_A22_s04710w13410.laz,https://rockyweb.usgs.gov/vdelivery/Datasets/Staged/Elevation/LPC/Projects/OR_WesternWildfires_A22/OR_WWildfires_2_A22/LAZ/USGS_LPC_OR_WesternWildfires_A22_s04710w13410.laz
USGS_LPC_OR_WesternWildfires_A22_s05160w13830.laz,179547370,COMPLETE_TARGET,F:\LIDAR\oregon\lidar_tiles\tillamook_expansion_100\USGS_LPC_OR_WesternWildfires_A22_s05160w13830.laz,https://rockyweb.usgs.gov/vdelivery/Datasets/Staged/Elevation/LPC/Projects/OR_WesternWildfires_A22/OR_WWildfires_2_A22/LAZ/USGS_LPC_OR_WesternWildfires_A22_s05160w13830.laz
USGS_LPC_OR_WesternWildfires_A22_s05250w14130.laz,137443876,COMPLETE_TARGET,F:\LIDAR\oregon\lidar_tiles\tillamook_expansion_100\USGS_LPC_OR_WesternWildfires_A22_s05250w14130.laz,https://rockyweb.usgs.gov/vdelivery/Datasets/Staged/Elevation/LPC/Projects/OR_WesternWildfires_A22/OR_WWildfires_2_A22/LAZ/USGS_LPC_OR_WesternWildfires_A22_s05250w14130.laz
USGS_LPC_OR_WesternWildfires_A22_s05100w13860.laz,195507242,COMPLETE_TARGET,F:\LIDAR\oregon\lidar_tiles\tillamook_expansion_100\USGS_LPC_OR_WesternWildfires_A22_s05100w13860.laz,https://rockyweb.usgs.gov/vdelivery/Datasets/Staged/Elevation/LPC/Projects/OR_WesternWildfires_A22/OR_WWildfires_2_A22/LAZ/USGS_LPC_OR_WesternWildfires_A22_s05100w13860.laz
USGS_LPC_OR_WesternWildfires_A22_s05250w14040.laz,149915480,COMPLETE_TARGET,F:\LIDAR\oregon\lidar_tiles\tillamook_expansion_100\USGS_LPC_OR_WesternWildfires_A22_s05250w14040.laz,https://rockyweb.usgs.gov/vdelivery/Datasets/Staged/Elevation/LPC/Projects/OR_WesternWildfires_A22/OR_WWildfires_2_A22/LAZ/USGS_LPC_OR_WesternWildfires_A22_s05250w14040.laz
USGS_LPC_OR_WesternWildfires_A22_s04500w14220.laz,168411016,COMPLETE_TARGET,F:\LIDAR\oregon\lidar_tiles\tillamook_expansion_100\USGS_LPC_OR_WesternWildfires_A22_s04500w14220.laz,https://rockyweb.usgs.gov/vdelivery/Datasets/Staged/Elevation/LPC/Projects/OR_WesternWildfires_A22/OR_WWildfires_2_A22/LAZ/USGS_LPC_OR_WesternWildfires_A22_s04500w14220.laz
USGS_LPC_OR_WesternWildfires_A22_s05280w14070.laz,222394020,COMPLETE_TARGET,F:\LIDAR\oregon\lidar_tiles\tillamook_expansion_100\USGS_LPC_OR_WesternWildfires_A22_s05280w14070.laz,https://rockyweb.usgs.gov/vdelivery/Datasets/Staged/Elevation/LPC/Projects/OR_WesternWildfires_A22/OR_WWildfires_2_A22/LAZ/USGS_LPC_OR_WesternWildfires_A22_s05280w14070.laz
USGS_LPC_OR_WesternWildfires_A22_s04590w13860.laz,118479661,COMPLETE_TARGET,F:\LIDAR\oregon\lidar_tiles\tillamook_expansion_100\USGS_LPC_OR_WesternWildfires_A22_s04590w13860.laz,https://rockyweb.usgs.gov/vdelivery/Datasets/Staged/Elevation/LPC/Projects/OR_WesternWildfires_A22/OR_WWildfires_2_A22/LAZ/USGS_LPC_OR_WesternWildfires_A22_s04590w13860.laz
USGS_LPC_OR_WesternWildfires_A22_s05310w14160.laz,258883787,COMPLETE_ELSEWHERE,F:\LIDAR\oregon\probe_lidar\tillamook_probe\USGS_LPC_OR_WesternWildfires_A22\USGS_LPC_OR_WesternWildfires_A22_s05310w14160.laz,https://rockyweb.usgs.gov/vdelivery/Datasets/Staged/Elevation/LPC/Projects/OR_WesternWildfires_A22/OR_WWildfires_2_A22/LAZ/USGS_LPC_OR_WesternWildfires_A22_s05310w14160.laz
USGS_LPC_OR_WesternWildfires_A22_s04500w14280.laz,85365433,COMPLETE_TARGET,F:\LIDAR\oregon\lidar_tiles\tillamook_expansion_100\USGS_LPC_OR_WesternWildfires_A22_s04500w14280.laz,https://rockyweb.usgs.gov/vdelivery/Datasets/Staged/Elevation/LPC/Projects/OR_WesternWildfires_A22/OR_WWildfires_2_A22/LAZ/USGS_LPC_OR_WesternWildfires_A22_s04500w14280.laz
USGS_LPC_OR_WesternWildfires_A22_s04680w13770.laz,156311731,COMPLETE_TARGET,F:\LIDAR\oregon\lidar_tiles\tillamook_expansion_100\USGS_LPC_OR_WesternWildfires_A22_s04680w13770.laz,https://rockyweb.usgs.gov/vdelivery/Datasets/Staged/Elevation/LPC/Projects/OR_WesternWildfires_A22/OR_WWildfires_2_A22/LAZ/USGS_LPC_OR_WesternWildfires_A22_s04680w13770.laz
USGS_LPC_OR_WesternWildfires_A22_s04590w13770.laz,151108841,COMPLETE_TARGET,F:\LIDAR\oregon\lidar_tiles\tillamook_expansion_100\USGS_LPC_OR_WesternWildfires_A22_s04590w13770.laz,https://rockyweb.usgs.gov/vdelivery/Datasets/Staged/Elevation/LPC/Projects/OR_WesternWildfires_A22/OR_WWildfires_2_A22/LAZ/USGS_LPC_OR_WesternWildfires_A22_s04590w13770.laz
USGS_LPC_OR_WesternWildfires_A22_s04470w14250.laz,15014612,COMPLETE_TARGET,F:\LIDAR\oregon\lidar_tiles\tillamook_expansion_100\USGS_LPC_OR_WesternWildfires_A22_s04470w14250.laz,https://rockyweb.usgs.gov/vdelivery/Datasets/Staged/Elevation/LPC/Projects/OR_WesternWildfires_A22/OR_WWildfires_2_A22/LAZ/USGS_LPC_OR_WesternWildfires_A22_s04470w14250.laz
USGS_LPC_OR_WesternWildfires_A22_s04410w14010.laz,182199066,COMPLETE_TARGET,F:\LIDAR\oregon\lidar_tiles\tillamook_expansion_100\USGS_LPC_OR_WesternWildfires_A22_s04410w14010.laz,https://rockyweb.usgs.gov/vdelivery/Datasets/Staged/Elevation/LPC/Projects/OR_WesternWildfires_A22/OR_WWildfires_2_A22/LAZ/USGS_LPC_OR_WesternWildfires_A22_s04410w14010.laz
USGS_LPC_OR_WesternWildfires_A22_s04560w13800.laz,164330943,COMPLETE_TARGET,F:\LIDAR\oregon\lidar_tiles\tillamook_expansion_100\USGS_LPC_OR_WesternWildfires_A22_s04560w13800.laz,https://rockyweb.usgs.gov/vdelivery/Datasets/Staged/Elevation/LPC/Projects/OR_WesternWildfires_A22/OR_WWildfires_2_A22/LAZ/USGS_LPC_OR_WesternWildfires_A22_s04560w13800.laz
USGS_LPC_OR_WesternWildfires_A22_s04590w13800.laz,151555727,COMPLETE_TARGET,F:\LIDAR\oregon\lidar_tiles\tillamook_expansion_100\USGS_LPC_OR_WesternWildfires_A22_s04590w13800.laz,https://rockyweb.usgs.gov/vdelivery/Datasets/Staged/Elevation/LPC/Projects/OR_WesternWildfires_A22/OR_WWildfires_2_A22/LAZ/USGS_LPC_OR_WesternWildfires_A22_s04590w13800.laz
USGS_LPC_OR_WesternWildfires_A22_s04470w14100.laz,123310355,COMPLETE_TARGET,F:\LIDAR\oregon\lidar_tiles\tillamook_expansion_100\USGS_LPC_OR_WesternWildfires_A22_s04470w14100.laz,https://rockyweb.usgs.gov/vdelivery/Datasets/Staged/Elevation/LPC/Projects/OR_WesternWildfires_A22/OR_WWildfires_2_A22/LAZ/USGS_LPC_OR_WesternWildfires_A22_s04470w14100.laz
USGS_LPC_OR_WesternWildfires_A22_s05250w14100.laz,164063096,COMPLETE_TARGET,F:\LIDAR\oregon\lidar_tiles\tillamook_expansion_100\USGS_LPC_OR_WesternWildfires_A22_s05250w14100.laz,https://rockyweb.usgs.gov/vdelivery/Datasets/Staged/Elevation/LPC/Projects/OR_WesternWildfires_A22/OR_WWildfires_2_A22/LAZ/USGS_LPC_OR_WesternWildfires_A22_s05250w14100.laz
USGS_LPC_OR_WesternWildfires_A22_s04980w13770.laz,138202051,COMPLETE_TARGET,F:\LIDAR\oregon\lidar_tiles\tillamook_expansion_100\USGS_LPC_OR_WesternWildfires_A22_s04980w13770.laz,https://rockyweb.usgs.gov/vdelivery/Datasets/Staged/Elevation/LPC/Projects/OR_WesternWildfires_A22/OR_WWildfires_2_A22/LAZ/USGS_LPC_OR_WesternWildfires_A22_s04980w13770.laz
USGS_LPC_OR_WesternWildfires_A22_s04500w13980.laz,185085024,COMPLETE_TARGET,F:\LIDAR\oregon\lidar_tiles\tillamook_expansion_100\USGS_LPC_OR_WesternWildfires_A22_s04500w13980.laz,https://rockyweb.usgs.gov/vdelivery/Datasets/Staged/Elevation/LPC/Projects/OR_WesternWildfires_A22/OR_WWildfires_2_A22/LAZ/USGS_LPC_OR_WesternWildfires_A22_s04500w13980.laz
USGS_LPC_OR_WesternWildfires_A22_s05220w14010.laz,163364399,COMPLETE_TARGET,F:\LIDAR\oregon\lidar_tiles\tillamook_expansion_100\USGS_LPC_OR_WesternWildfires_A22_s05220w14010.laz,https://rockyweb.usgs.gov/vdelivery/Datasets/Staged/Elevation/LPC/Projects/OR_WesternWildfires_A22/OR_WWildfires_2_A22/LAZ/USGS_LPC_OR_WesternWildfires_A22_s05220w14010.laz
USGS_LPC_OR_WesternWildfires_A22_s04830w13620.laz,173438704,COMPLETE_TARGET,F:\LIDAR\oregon\lidar_tiles\tillamook_expansion_100\USGS_LPC_OR_WesternWildfires_A22_s04830w13620.laz,https://rockyweb.usgs.gov/vdelivery/Datasets/Staged/Elevation/LPC/Projects/OR_WesternWildfires_A22/OR_WWildfires_2_A22/LAZ/USGS_LPC_OR_WesternWildfires_A22_s04830w13620.laz
USGS_LPC_OR_WesternWildfires_A22_s05160w13800.laz,159906486,COMPLETE_TARGET,F:\LIDAR\oregon\lidar_tiles\tillamook_expansion_100\USGS_LPC_OR_WesternWildfires_A22_s05160w13800.laz,https://rockyweb.usgs.gov/vdelivery/Datasets/Staged/Elevation/LPC/Projects/OR_WesternWildfires_A22/OR_WWildfires_2_A22/LAZ/USGS_LPC_OR_WesternWildfires_A22_s05160w13800.laz
USGS_LPC_OR_WesternWildfires_A22_s04440w14040.laz,175239106,COMPLETE_TARGET,F:\LIDAR\oregon\lidar_tiles\tillamook_expansion_100\USGS_LPC_OR_WesternWildfires_A22_s04440w14040.laz,https://rockyweb.usgs.gov/vdelivery/Datasets/Staged/Elevation/LPC/Projects/OR_WesternWildfires_A22/OR_WWildfires_2_A22/LAZ/USGS_LPC_OR_WesternWildfires_A22_s04440w14040.laz
USGS_LPC_OR_WesternWildfires_A22_s05130w13980.laz,155324392,COMPLETE_TARGET,F:\LIDAR\oregon\lidar_tiles\tillamook_expansion_100\USGS_LPC_OR_WesternWildfires_A22_s05130w13980.laz,https://rockyweb.usgs.gov/vdelivery/Datasets/Staged/Elevation/LPC/Projects/OR_WesternWildfires_A22/OR_WWildfires_2_A22/LAZ/USGS_LPC_OR_WesternWildfires_A22_s05130w13980.laz
USGS_LPC_OR_WesternWildfires_A22_s04710w13440.laz,123672085,COMPLETE_TARGET,F:\LIDAR\oregon\lidar_tiles\tillamook_expansion_100\USGS_LPC_OR_WesternWildfires_A22_s04710w13440.laz,https://rockyweb.usgs.gov/vdelivery/Datasets/Staged/Elevation/LPC/Projects/OR_WesternWildfires_A22/OR_WWildfires_2_A22/LAZ/USGS_LPC_OR_WesternWildfires_A22_s04710w13440.laz
USGS_LPC_OR_WesternWildfires_A22_s05160w13950.laz,177692525,COMPLETE_TARGET,F:\LIDAR\oregon\lidar_tiles\tillamook_expansion_100\USGS_LPC_OR_WesternWildfires_A22_s05160w13950.laz,https://rockyweb.usgs.gov/vdelivery/Datasets/Staged/Elevation/LPC/Projects/OR_WesternWildfires_A22/OR_WWildfires_2_A22/LAZ/USGS_LPC_OR_WesternWildfires_A22_s05160w13950.laz
USGS_LPC_OR_WesternWildfires_A22_s05160w14010.laz,129710587,COMPLETE_TARGET,F:\LIDAR\oregon\lidar_tiles\tillamook_expansion_100\USGS_LPC_OR_WesternWildfires_A22_s05160w14010.laz,https://rockyweb.usgs.gov/vdelivery/Datasets/Staged/Elevation/LPC/Projects/OR_WesternWildfires_A22/OR_WWildfires_2_A22/LAZ/USGS_LPC_OR_WesternWildfires_A22_s05160w14010.laz
USGS_LPC_OR_WesternWildfires_A22_s04890w13680.laz,197435896,COMPLETE_TARGET,F:\LIDAR\oregon\lidar_tiles\tillamook_expansion_100\USGS_LPC_OR_WesternWildfires_A22_s04890w13680.laz,https://rockyweb.usgs.gov/vdelivery/Datasets/Staged/Elevation/LPC/Projects/OR_WesternWildfires_A22/OR_WWildfires_2_A22/LAZ/USGS_LPC_OR_WesternWildfires_A22_s04890w13680.laz
USGS_LPC_OR_WesternWildfires_A22_s05040w13770.laz,211630036,COMPLETE_TARGET,F:\LIDAR\oregon\lidar_tiles\tillamook_expansion_100\USGS_LPC_OR_WesternWildfires_A22_s05040w13770.laz,https://rockyweb.usgs.gov/vdelivery/Datasets/Staged/Elevation/LPC/Projects/OR_WesternWildfires_A22/OR_WWildfires_2_A22/LAZ/USGS_LPC_OR_WesternWildfires_A22_s05040w13770.laz
USGS_LPC_OR_WesternWildfires_A22_s04800w13620.laz,188244194,COMPLETE_TARGET,F:\LIDAR\oregon\lidar_tiles\tillamook_expansion_100\USGS_LPC_OR_WesternWildfires_A22_s04800w13620.laz,https://rockyweb.usgs.gov/vdelivery/Datasets/Staged/Elevation/LPC/Projects/OR_WesternWildfires_A22/OR_WWildfires_2_A22/LAZ/USGS_LPC_OR_WesternWildfires_A22_s04800w13620.laz
USGS_LPC_OR_WesternWildfires_A22_s04620w13830.laz,185307146,COMPLETE_TARGET,F:\LIDAR\oregon\lidar_tiles\tillamook_expansion_100\USGS_LPC_OR_WesternWildfires_A22_s04620w13830.laz,https://rockyweb.usgs.gov/vdelivery/Datasets/Staged/Elevation/LPC/Projects/OR_WesternWildfires_A22/OR_WWildfires_2_A22/LAZ/USGS_LPC_OR_WesternWildfires_A22_s04620w13830.laz
USGS_LPC_OR_WesternWildfires_A22_s04500w14100.laz,183928244,COMPLETE_TARGET,F:\LIDAR\oregon\lidar_tiles\tillamook_expansion_100\USGS_LPC_OR_WesternWildfires_A22_s04500w14100.laz,https://rockyweb.usgs.gov/vdelivery/Datasets/Staged/Elevation/LPC/Projects/OR_WesternWildfires_A22/OR_WWildfires_2_A22/LAZ/USGS_LPC_OR_WesternWildfires_A22_s04500w14100.laz
USGS_LPC_OR_WesternWildfires_A22_s04920w13590.laz,62771035,COMPLETE_TARGET,F:\LIDAR\oregon\lidar_tiles\tillamook_expansion_100\USGS_LPC_OR_WesternWildfires_A22_s04920w13590.laz,https://rockyweb.usgs.gov/vdelivery/Datasets/Staged/Elevation/LPC/Projects/OR_WesternWildfires_A22/OR_WWildfires_2_A22/LAZ/USGS_LPC_OR_WesternWildfires_A22_s04920w13590.laz
USGS_LPC_OR_WesternWildfires_A22_s04530w13950.laz,186359196,COMPLETE_TARGET,F:\LIDAR\oregon\lidar_tiles\tillamook_expansion_100\USGS_LPC_OR_WesternWildfires_A22_s04530w13950.laz,https://rockyweb.usgs.gov/vdelivery/Datasets/Staged/Elevation/LPC/Projects/OR_WesternWildfires_A22/OR_WWildfires_2_A22/LAZ/USGS_LPC_OR_WesternWildfires_A22_s04530w13950.laz
USGS_LPC_OR_WesternWildfires_A22_s04560w13920.laz,131162455,COMPLETE_TARGET,F:\LIDAR\oregon\lidar_tiles\tillamook_expansion_100\USGS_LPC_OR_WesternWildfires_A22_s04560w13920.laz,https://rockyweb.usgs.gov/vdelivery/Datasets/Staged/Elevation/LPC/Projects/OR_WesternWildfires_A22/OR_WWildfires_2_A22/LAZ/USGS_LPC_OR_WesternWildfires_A22_s04560w13920.laz
USGS_LPC_OR_WesternWildfires_A22_s04710w13770.laz,156609687,COMPLETE_TARGET,F:\LIDAR\oregon\lidar_tiles\tillamook_expansion_100\USGS_LPC_OR_WesternWildfires_A22_s04710w13770.laz,https://rockyweb.usgs.gov/vdelivery/Datasets/Staged/Elevation/LPC/Projects/OR_WesternWildfires_A22/OR_WWildfires_2_A22/LAZ/USGS_LPC_OR_WesternWildfires_A22_s04710w13770.laz
USGS_LPC_OR_WesternWildfires_A22_s04860w13740.laz,163423242,COMPLETE_TARGET,F:\LIDAR\oregon\lidar_tiles\tillamook_expansion_100\USGS_LPC_OR_WesternWildfires_A22_s04860w13740.laz,https://rockyweb.usgs.gov/vdelivery/Datasets/Staged/Elevation/LPC/Projects/OR_WesternWildfires_A22/OR_WWildfires_2_A22/LAZ/USGS_LPC_OR_WesternWildfires_A22_s04860w13740.laz
USGS_LPC_OR_WesternWildfires_A22_s04470w13920.laz,106613644,COMPLETE_TARGET,F:\LIDAR\oregon\lidar_tiles\tillamook_expansion_100\USGS_LPC_OR_WesternWildfires_A22_s04470w13920.laz,https://rockyweb.usgs.gov/vdelivery/Datasets/Staged/Elevation/LPC/Projects/OR_WesternWildfires_A22/OR_WWildfires_2_A22/LAZ/USGS_LPC_OR_WesternWildfires_A22_s04470w13920.laz
USGS_LPC_OR_WesternWildfires_A22_s04830w13710.laz,164184221,COMPLETE_TARGET,F:\LIDAR\oregon\lidar_tiles\tillamook_expansion_100\USGS_LPC_OR_WesternWildfires_A22_s04830w13710.laz,https://rockyweb.usgs.gov/vdelivery/Datasets/Staged/Elevation/LPC/Projects/OR_WesternWildfires_A22/OR_WWildfires_2_A22/LAZ/USGS_LPC_OR_WesternWildfires_A22_s04830w13710.laz
USGS_LPC_OR_WesternWildfires_A22_s05280w14190.laz,213071990,COMPLETE_ELSEWHERE,F:\LIDAR\oregon\probe_lidar\tillamook_probe\USGS_LPC_OR_WesternWildfires_A22\USGS_LPC_OR_WesternWildfires_A22_s05280w14190.laz,https://rockyweb.usgs.gov/vdelivery/Datasets/Staged/Elevation/LPC/Projects/OR_WesternWildfires_A22/OR_WWildfires_2_A22/LAZ/USGS_LPC_OR_WesternWildfires_A22_s05280w14190.laz
USGS_LPC_OR_WesternWildfires_A22_s04620w13860.laz,197234036,COMPLETE_TARGET,F:\LIDAR\oregon\lidar_tiles\tillamook_expansion_100\USGS_LPC_OR_WesternWildfires_A22_s04620w13860.laz,https://rockyweb.usgs.gov/vdelivery/Datasets/Staged/Elevation/LPC/Projects/OR_WesternWildfires_A22/OR_WWildfires_2_A22/LAZ/USGS_LPC_OR_WesternWildfires_A22_s04620w13860.laz
USGS_LPC_OR_WesternWildfires_A22_s05310w14100.laz,134672603,COMPLETE_ELSEWHERE,F:\LIDAR\oregon\probe_lidar\tillamook_probe\USGS_LPC_OR_WesternWildfires_A22\USGS_LPC_OR_WesternWildfires_A22_s05310w14100.laz,https://rockyweb.usgs.gov/vdelivery/Datasets/Staged/Elevation/LPC/Projects/OR_WesternWildfires_A22/OR_WWildfires_2_A22/LAZ/USGS_LPC_OR_WesternWildfires_A22_s05310w14100.laz
USGS_LPC_OR_WesternWildfires_A22_s04530w14280.laz,159799868,COMPLETE_TARGET,F:\LIDAR\oregon\lidar_tiles\tillamook_expansion_100\USGS_LPC_OR_WesternWildfires_A22_s04530w14280.laz,https://rockyweb.usgs.gov/vdelivery/Datasets/Staged/Elevation/LPC/Projects/OR_WesternWildfires_A22/OR_WWildfires_2_A22/LAZ/USGS_LPC_OR_WesternWildfires_A22_s04530w14280.laz
USGS_LPC_OR_WesternWildfires_A22_s05130w13560.laz,132014949,COMPLETE_TARGET,F:\LIDAR\oregon\lidar_tiles\tillamook_expansion_100\USGS_LPC_OR_WesternWildfires_A22_s05130w13560.laz,https://rockyweb.usgs.gov/vdelivery/Datasets/Staged/Elevation/LPC/Projects/OR_WesternWildfires_A22/OR_WWildfires_2_A22/LAZ/USGS_LPC_OR_WesternWildfires_A22_s05130w13560.laz
USGS_LPC_OR_WesternWildfires_A22_s04980w13800.laz,146971187,COMPLETE_TARGET,F:\LIDAR\oregon\lidar_tiles\tillamook_expansion_100\USGS_LPC_OR_WesternWildfires_A22_s04980w13800.laz,https://rockyweb.usgs.gov/vdelivery/Datasets/Staged/Elevation/LPC/Projects/OR_WesternWildfires_A22/OR_WWildfires_2_A22/LAZ/USGS_LPC_OR_WesternWildfires_A22_s04980w13800.laz
USGS_LPC_OR_WesternWildfires_A22_s04830w13590.laz,135428208,COMPLETE_TARGET,F:\LIDAR\oregon\lidar_tiles\tillamook_expansion_100\USGS_LPC_OR_WesternWildfires_A22_s04830w13590.laz,https://rockyweb.usgs.gov/vdelivery/Datasets/Staged/Elevation/LPC/Projects/OR_WesternWildfires_A22/OR_WWildfires_2_A22/LAZ/USGS_LPC_OR_WesternWildfires_A22_s04830w13590.laz
USGS_LPC_OR_WesternWildfires_A22_s05190w14010.laz,142833696,COMPLETE_TARGET,F:\LIDAR\oregon\lidar_tiles\tillamook_expansion_100\USGS_LPC_OR_WesternWildfires_A22_s05190w14010.laz,https://rockyweb.usgs.gov/vdelivery/Datasets/Staged/Elevation/LPC/Projects/OR_WesternWildfires_A22/OR_WWildfires_2_A22/LAZ/USGS_LPC_OR_WesternWildfires_A22_s05190w14010.laz
USGS_LPC_OR_WesternWildfires_A22_s04470w14160.laz,132001372,COMPLETE_TARGET,F:\LIDAR\oregon\lidar_tiles\tillamook_expansion_100\USGS_LPC_OR_WesternWildfires_A22_s04470w14160.laz,https://rockyweb.usgs.gov/vdelivery/Datasets/Staged/Elevation/LPC/Projects/OR_WesternWildfires_A22/OR_WWildfires_2_A22/LAZ/USGS_LPC_OR_WesternWildfires_A22_s04470w14160.laz
USGS_LPC_OR_WesternWildfires_A22_s05310w14520.laz,217778127,COMPLETE_ELSEWHERE,F:\LIDAR\oregon\probe_lidar\tillamook_probe\USGS_LPC_OR_WesternWildfires_A22\USGS_LPC_OR_WesternWildfires_A22_s05310w14520.laz,https://rockyweb.usgs.gov/vdelivery/Datasets/Staged/Elevation/LPC/Projects/OR_WesternWildfires_A22/OR_WWildfires_2_A22/LAZ/USGS_LPC_OR_WesternWildfires_A22_s05310w14520.laz
USGS_LPC_OR_WesternWildfires_A22_s05310w13800.laz,203939964,COMPLETE_ELSEWHERE,F:\LIDAR\oregon\probe_lidar\tillamook_probe\USGS_LPC_OR_WesternWildfires_A22\USGS_LPC_OR_WesternWildfires_A22_s05310w13800.laz,https://rockyweb.usgs.gov/vdelivery/Datasets/Staged/Elevation/LPC/Projects/OR_WesternWildfires_A22/OR_WWildfires_2_A22/LAZ/USGS_LPC_OR_WesternWildfires_A22_s05310w13800.laz
USGS_LPC_OR_WesternWildfires_A22_s04800w14550.laz,150410510,COMPLETE_TARGET,F:\LIDAR\oregon\lidar_tiles\tillamook_expansion_100\USGS_LPC_OR_WesternWildfires_A22_s04800w14550.laz,https://rockyweb.usgs.gov/vdelivery/Datasets/Staged/Elevation/LPC/Projects/OR_WesternWildfires_A22/OR_WWildfires_2_A22/LAZ/USGS_LPC_OR_WesternWildfires_A22_s04800w14550.laz
USGS_LPC_OR_WesternWildfires_A22_s04410w13920.laz,5849429,COMPLETE_ELSEWHERE,F:\LIDAR\oregon\probe_lidar\tillamook_probe\USGS_LPC_OR_WesternWildfires_A22\USGS_LPC_OR_WesternWildfires_A22_s04410w13920.laz,https://rockyweb.usgs.gov/vdelivery/Datasets/Staged/Elevation/LPC/Projects/OR_WesternWildfires_A22/OR_WWildfires_2_A22/LAZ/USGS_LPC_OR_WesternWildfires_A22_s04410w13920.laz
USGS_LPC_OR_WesternWildfires_A22_s05250w13320.laz,141753650,COMPLETE_TARGET,F:\LIDAR\oregon\lidar_tiles\tillamook_expansion_100\USGS_LPC_OR_WesternWildfires_A22_s05250w13320.laz,https://rockyweb.usgs.gov/vdelivery/Datasets/Staged/Elevation/LPC/Projects/OR_WesternWildfires_A22/OR_WWildfires_2_A22/LAZ/USGS_LPC_OR_WesternWildfires_A22_s05250w13320.laz
USGS_LPC_OR_WesternWildfires_A22_s05310w14340.laz,172872849,COMPLETE_TARGET,F:\LIDAR\oregon\lidar_tiles\tillamook_expansion_100\USGS_LPC_OR_WesternWildfires_A22_s05310w14340.laz,https://rockyweb.usgs.gov/vdelivery/Datasets/Staged/Elevation/LPC/Projects/OR_WesternWildfires_A22/OR_WWildfires_2_A22/LAZ/USGS_LPC_OR_WesternWildfires_A22_s05310w14340.laz
USGS_LPC_OR_WesternWildfires_A22_s04860w14220.laz,214910213,COMPLETE_TARGET,F:\LIDAR\oregon\lidar_tiles\tillamook_expansion_100\USGS_LPC_OR_WesternWildfires_A22_s04860w14220.laz,https://rockyweb.usgs.gov/vdelivery/Datasets/Staged/Elevation/LPC/Projects/OR_WesternWildfires_A22/OR_WWildfires_2_A22/LAZ/USGS_LPC_OR_WesternWildfires_A22_s04860w14220.laz
USGS_LPC_OR_WesternWildfires_A22_s04830w13950.laz,218214580,COMPLETE_TARGET,F:\LIDAR\oregon\lidar_tiles\tillamook_expansion_100\USGS_LPC_OR_WesternWildfires_A22_s04830w13950.laz,https://rockyweb.usgs.gov/vdelivery/Datasets/Staged/Elevation/LPC/Projects/OR_WesternWildfires_A22/OR_WWildfires_2_A22/LAZ/USGS_LPC_OR_WesternWildfires_A22_s04830w13950.laz
USGS_LPC_OR_WesternWildfires_A22_s04770w14370.laz,211853777,COMPLETE_TARGET,F:\LIDAR\oregon\lidar_tiles\tillamook_expansion_100\USGS_LPC_OR_WesternWildfires_A22_s04770w14370.laz,https://rockyweb.usgs.gov/vdelivery/Datasets/Staged/Elevation/LPC/Projects/OR_WesternWildfires_A22/OR_WWildfires_2_A22/LAZ/USGS_LPC_OR_WesternWildfires_A22_s04770w14370.laz
USGS_LPC_OR_WesternWildfires_A22_s05070w14400.laz,193248775,COMPLETE_TARGET,F:\LIDAR\oregon\lidar_tiles\tillamook_expansion_100\USGS_LPC_OR_WesternWildfires_A22_s05070w14400.laz,https://rockyweb.usgs.gov/vdelivery/Datasets/Staged/Elevation/LPC/Projects/OR_WesternWildfires_A22/OR_WWildfires_2_A22/LAZ/USGS_LPC_OR_WesternWildfires_A22_s05070w14400.laz
USGS_LPC_OR_WesternWildfires_A22_s04560w14520.laz,42130654,COMPLETE_TARGET,F:\LIDAR\oregon\lidar_tiles\tillamook_expansion_100\USGS_LPC_OR_WesternWildfires_A22_s04560w14520.laz,https://rockyweb.usgs.gov/vdelivery/Datasets/Staged/Elevation/LPC/Projects/OR_WesternWildfires_A22/OR_WWildfires_2_A22/LAZ/USGS_LPC_OR_WesternWildfires_A22_s04560w14520.laz
USGS_LPC_OR_WesternWildfires_A22_s04980w13440.laz,188224554,COMPLETE_TARGET,F:\LIDAR\oregon\lidar_tiles\tillamook_expansion_100\USGS_LPC_OR_WesternWildfires_A22_s04980w13440.laz,https://rockyweb.usgs.gov/vdelivery/Datasets/Staged/Elevation/LPC/Projects/OR_WesternWildfires_A22/OR_WWildfires_2_A22/LAZ/USGS_LPC_OR_WesternWildfires_A22_s04980w13440.laz
USGS_LPC_OR_WesternWildfires_A22_s04950w14070.laz,207780916,COMPLETE_TARGET,F:\LIDAR\oregon\lidar_tiles\tillamook_expansion_100\USGS_LPC_OR_WesternWildfires_A22_s04950w14070.laz,https://rockyweb.usgs.gov/vdelivery/Datasets/Staged/Elevation/LPC/Projects/OR_WesternWildfires_A22/OR_WWildfires_2_A22/LAZ/USGS_LPC_OR_WesternWildfires_A22_s04950w14070.laz
USGS_LPC_OR_WesternWildfires_A22_s05310w14430.laz,168407909,COMPLETE_TARGET,F:\LIDAR\oregon\lidar_tiles\tillamook_expansion_100\USGS_LPC_OR_WesternWildfires_A22_s05310w14430.laz,https://rockyweb.usgs.gov/vdelivery/Datasets/Staged/Elevation/LPC/Projects/OR_WesternWildfires_A22/OR_WWildfires_2_A22/LAZ/USGS_LPC_OR_WesternWildfires_A22_s05310w14430.laz
USGS_LPC_OR_WesternWildfires_A22_s05190w14280.laz,188865111,COMPLETE_TARGET,F:\LIDAR\oregon\lidar_tiles\tillamook_expansion_100\USGS_LPC_OR_WesternWildfires_A22_s05190w14280.laz,https://rockyweb.usgs.gov/vdelivery/Datasets/Staged/Elevation/LPC/Projects/OR_WesternWildfires_A22/OR_WWildfires_2_A22/LAZ/USGS_LPC_OR_WesternWildfires_A22_s05190w14280.laz
USGS_LPC_OR_WesternWildfires_A22_s04800w14460.laz,172965048,COMPLETE_TARGET,F:\LIDAR\oregon\lidar_tiles\tillamook_expansion_100\USGS_LPC_OR_WesternWildfires_A22_s04800w14460.laz,https://rockyweb.usgs.gov/vdelivery/Datasets/Staged/Elevation/LPC/Projects/OR_WesternWildfires_A22/OR_WWildfires_2_A22/LAZ/USGS_LPC_OR_WesternWildfires_A22_s04800w14460.laz
USGS_LPC_OR_WesternWildfires_A22_s05250w14310.laz,167988833,COMPLETE_TARGET,F:\LIDAR\oregon\lidar_tiles\tillamook_expansion_100\USGS_LPC_OR_WesternWildfires_A22_s05250w14310.laz,https://rockyweb.usgs.gov/vdelivery/Datasets/Staged/Elevation/LPC/Projects/OR_WesternWildfires_A22/OR_WWildfires_2_A22/LAZ/USGS_LPC_OR_WesternWildfires_A22_s05250w14310.laz
USGS_LPC_OR_WesternWildfires_A22_s05310w14370.laz,213809788,COMPLETE_TARGET,F:\LIDAR\oregon\lidar_tiles\tillamook_expansion_100\USGS_LPC_OR_WesternWildfires_A22_s05310w14370.laz,https://rockyweb.usgs.gov/vdelivery/Datasets/Staged/Elevation/LPC/Projects/OR_WesternWildfires_A22/OR_WWildfires_2_A22/LAZ/USGS_LPC_OR_WesternWildfires_A22_s05310w14370.laz
USGS_LPC_OR_WesternWildfires_A22_s04860w13440.laz,1078266,COMPLETE_TARGET,F:\LIDAR\oregon\lidar_tiles\tillamook_expansion_100\USGS_LPC_OR_WesternWildfires_A22_s04860w13440.laz,https://rockyweb.usgs.gov/vdelivery/Datasets/Staged/Elevation/LPC/Projects/OR_WesternWildfires_A22/OR_WWildfires_2_A22/LAZ/USGS_LPC_OR_WesternWildfires_A22_s04860w13440.laz
USGS_LPC_OR_WesternWildfires_A22_s04530w14040.laz,211089790,COMPLETE_TARGET,F:\LIDAR\oregon\lidar_tiles\tillamook_expansion_100\USGS_LPC_OR_WesternWildfires_A22_s04530w14040.laz,https://rockyweb.usgs.gov/vdelivery/Datasets/Staged/Elevation/LPC/Projects/OR_WesternWildfires_A22/OR_WWildfires_2_A22/LAZ/USGS_LPC_OR_WesternWildfires_A22_s04530w14040.laz
USGS_LPC_OR_WesternWildfires_A22_s05280w14340.laz,178940854,COMPLETE_TARGET,F:\LIDAR\oregon\lidar_tiles\tillamook_expansion_100\USGS_LPC_OR_WesternWildfires_A22_s05280w14340.laz,https://rockyweb.usgs.gov/vdelivery/Datasets/Staged/Elevation/LPC/Projects/OR_WesternWildfires_A22/OR_WWildfires_2_A22/LAZ/USGS_LPC_OR_WesternWildfires_A22_s05280w14340.laz
USGS_LPC_OR_WesternWildfires_A22_s04470w14010.laz,187215933,COMPLETE_TARGET,F:\LIDAR\oregon\lidar_tiles\tillamook_expansion_100\USGS_LPC_OR_WesternWildfires_A22_s04470w14010.laz,https://rockyweb.usgs.gov/vdelivery/Datasets/Staged/Elevation/LPC/Projects/OR_WesternWildfires_A22/OR_WWildfires_2_A22/LAZ/USGS_LPC_OR_WesternWildfires_A22_s04470w14010.laz
USGS_LPC_OR_WesternWildfires_A22_s05310w13950.laz,212083396,COMPLETE_TARGET,F:\LIDAR\oregon\lidar_tiles\tillamook_expansion_100\USGS_LPC_OR_WesternWildfires_A22_s05310w13950.laz,https://rockyweb.usgs.gov/vdelivery/Datasets/Staged/Elevation/LPC/Projects/OR_WesternWildfires_A22/OR_WWildfires_2_A22/LAZ/USGS_LPC_OR_WesternWildfires_A22_s05310w13950.laz
USGS_LPC_OR_WesternWildfires_A22_s05310w14250.laz,144110699,COMPLETE_TARGET,F:\LIDAR\oregon\lidar_tiles\tillamook_expansion_100\USGS_LPC_OR_WesternWildfires_A22_s05310w14250.laz,https://rockyweb.usgs.gov/vdelivery/Datasets/Staged/Elevation/LPC/Projects/OR_WesternWildfires_A22/OR_WWildfires_2_A22/LAZ/USGS_LPC_OR_WesternWildfires_A22_s05310w14250.laz
USGS_LPC_OR_WesternWildfires_A22_s04830w13830.laz,176956288,COMPLETE_TARGET,F:\LIDAR\oregon\lidar_tiles\tillamook_expansion_100\USGS_LPC_OR_WesternWildfires_A22_s04830w13830.laz,https://rockyweb.usgs.gov/vdelivery/Datasets/Staged/Elevation/LPC/Projects/OR_WesternWildfires_A22/OR_WWildfires_2_A22/LAZ/USGS_LPC_OR_WesternWildfires_A22_s04830w13830.laz
USGS_LPC_OR_WesternWildfires_A22_s04710w13950.laz,185420274,COMPLETE_TARGET,F:\LIDAR\oregon\lidar_tiles\tillamook_expansion_100\USGS_LPC_OR_WesternWildfires_A22_s04710w13950.laz,https://rockyweb.usgs.gov/vdelivery/Datasets/Staged/Elevation/LPC/Projects/OR_WesternWildfires_A22/OR_WWildfires_2_A22/LAZ/USGS_LPC_OR_WesternWildfires_A22_s04710w13950.laz
USGS_LPC_OR_WesternWildfires_A22_s05310w14400.laz,184839969,COMPLETE_TARGET,F:\LIDAR\oregon\lidar_tiles\tillamook_expansion_100\USGS_LPC_OR_WesternWildfires_A22_s05310w14400.laz,https://rockyweb.usgs.gov/vdelivery/Datasets/Staged/Elevation/LPC/Projects/OR_WesternWildfires_A22/OR_WWildfires_2_A22/LAZ/USGS_LPC_OR_WesternWildfires_A22_s05310w14400.laz
USGS_LPC_OR_WesternWildfires_A22_s05130w13320.laz,123673056,COMPLETE_TARGET,F:\LIDAR\oregon\lidar_tiles\tillamook_expansion_100\USGS_LPC_OR_WesternWildfires_A22_s05130w13320.laz,https://rockyweb.usgs.gov/vdelivery/Datasets/Staged/Elevation/LPC/Projects/OR_WesternWildfires_A22/OR_WWildfires_2_A22/LAZ/USGS_LPC_OR_WesternWildfires_A22_s05130w13320.laz
USGS_LPC_OR_WesternWildfires_A22_s04530w14160.laz,185887026,COMPLETE_TARGET,F:\LIDAR\oregon\lidar_tiles\tillamook_expansion_100\USGS_LPC_OR_WesternWildfires_A22_s04530w14160.laz,https://rockyweb.usgs.gov/vdelivery/Datasets/Staged/Elevation/LPC/Projects/OR_WesternWildfires_A22/OR_WWildfires_2_A22/LAZ/USGS_LPC_OR_WesternWildfires_A22_s04530w14160.laz
USGS_LPC_OR_WesternWildfires_A22_s05280w14370.laz,109613788,COMPLETE_TARGET,F:\LIDAR\oregon\lidar_tiles\tillamook_expansion_100\USGS_LPC_OR_WesternWildfires_A22_s05280w14370.laz,https://rockyweb.usgs.gov/vdelivery/Datasets/Staged/Elevation/LPC/Projects/OR_WesternWildfires_A22/OR_WWildfires_2_A22/LAZ/USGS_LPC_OR_WesternWildfires_A22_s05280w14370.laz
USGS_LPC_OR_WesternWildfires_A22_s05250w14340.laz,191355092,COMPLETE_TARGET,F:\LIDAR\oregon\lidar_tiles\tillamook_expansion_100\USGS_LPC_OR_WesternWildfires_A22_s05250w14340.laz,https://rockyweb.usgs.gov/vdelivery/Datasets/Staged/Elevation/LPC/Projects/OR_WesternWildfires_A22/OR_WWildfires_2_A22/LAZ/USGS_LPC_OR_WesternWildfires_A22_s05250w14340.laz
USGS_LPC_OR_WesternWildfires_A22_s04800w14520.laz,161415555,COMPLETE_TARGET,F:\LIDAR\oregon\lidar_tiles\tillamook_expansion_100\USGS_LPC_OR_WesternWildfires_A22_s04800w14520.laz,https://rockyweb.usgs.gov/vdelivery/Datasets/Staged/Elevation/LPC/Projects/OR_WesternWildfires_A22/OR_WWildfires_2_A22/LAZ/USGS_LPC_OR_WesternWildfires_A22_s04800w14520.laz
USGS_LPC_OR_WesternWildfires_A22_s04500w14010.laz,186213976,COMPLETE_TARGET,F:\LIDAR\oregon\lidar_tiles\tillamook_expansion_100\USGS_LPC_OR_WesternWildfires_A22_s04500w14010.laz,https://rockyweb.usgs.gov/vdelivery/Datasets/Staged/Elevation/LPC/Projects/OR_WesternWildfires_A22/OR_WWildfires_2_A22/LAZ/USGS_LPC_OR_WesternWildfires_A22_s04500w14010.laz
USGS_LPC_OR_WesternWildfires_A22_s05160w14370.laz,185830850,COMPLETE_TARGET,F:\LIDAR\oregon\lidar_tiles\tillamook_expansion_100\USGS_LPC_OR_WesternWildfires_A22_s05160w14370.laz,https://rockyweb.usgs.gov/vdelivery/Datasets/Staged/Elevation/LPC/Projects/OR_WesternWildfires_A22/OR_WWildfires_2_A22/LAZ/USGS_LPC_OR_WesternWildfires_A22_s05160w14370.laz
USGS_LPC_OR_WesternWildfires_A22_s04620w13980.laz,232301458,COMPLETE_TARGET,F:\LIDAR\oregon\lidar_tiles\tillamook_expansion_100\USGS_LPC_OR_WesternWildfires_A22_s04620w13980.laz,https://rockyweb.usgs.gov/vdelivery/Datasets/Staged/Elevation/LPC/Projects/OR_WesternWildfires_A22/OR_WWildfires_2_A22/LAZ/USGS_LPC_OR_WesternWildfires_A22_s04620w13980.laz
USGS_LPC_OR_WesternWildfires_A22_s04830w14490.laz,139646135,COMPLETE_TARGET,F:\LIDAR\oregon\lidar_tiles\tillamook_expansion_100\USGS_LPC_OR_WesternWildfires_A22_s04830w14490.laz,https://rockyweb.usgs.gov/vdelivery/Datasets/Staged/Elevation/LPC/Projects/OR_WesternWildfires_A22/OR_WWildfires_2_A22/LAZ/USGS_LPC_OR_WesternWildfires_A22_s04830w14490.laz
USGS_LPC_OR_WesternWildfires_A22_s04410w13950.laz,95947838,COMPLETE_TARGET,F:\LIDAR\oregon\lidar_tiles\tillamook_expansion_100\USGS_LPC_OR_WesternWildfires_A22_s04410w13950.laz,https://rockyweb.usgs.gov/vdelivery/Datasets/Staged/Elevation/LPC/Projects/OR_WesternWildfires_A22/OR_WWildfires_2_A22/LAZ/USGS_LPC_OR_WesternWildfires_A22_s04410w13950.laz
USGS_LPC_OR_WesternWildfires_A22_s05310w14460.laz,186597083,COMPLETE_TARGET,F:\LIDAR\oregon\lidar_tiles\tillamook_expansion_100\USGS_LPC_OR_WesternWildfires_A22_s05310w14460.laz,https://rockyweb.usgs.gov/vdelivery/Datasets/Staged/Elevation/LPC/Projects/OR_WesternWildfires_A22/OR_WWildfires_2_A22/LAZ/USGS_LPC_OR_WesternWildfires_A22_s05310w14460.laz
USGS_LPC_OR_WesternWildfires_A22_s05280w13890.laz,211528807,COMPLETE_TARGET,F:\LIDAR\oregon\lidar_tiles\tillamook_expansion_100\USGS_LPC_OR_WesternWildfires_A22_s05280w13890.laz,https://rockyweb.usgs.gov/vdelivery/Datasets/Staged/Elevation/LPC/Projects/OR_WesternWildfires_A22/OR_WWildfires_2_A22/LAZ/USGS_LPC_OR_WesternWildfires_A22_s05280w13890.laz
USGS_LPC_OR_WesternWildfires_A22_s05280w13470.laz,162461227,COMPLETE_TARGET,F:\LIDAR\oregon\lidar_tiles\tillamook_expansion_100\USGS_LPC_OR_WesternWildfires_A22_s05280w13470.laz,https://rockyweb.usgs.gov/vdelivery/Datasets/Staged/Elevation/LPC/Projects/OR_WesternWildfires_A22/OR_WWildfires_2_A22/LAZ/USGS_LPC_OR_WesternWildfires_A22_s05280w13470.laz
