split,category,channel,patch_statistic,count,min,p10,p25,median,p75,p90,max,mean,std
train,negative,aspect_cos,mean,241,-0.909753977546643,-0.6972568438377493,-0.5204202450622688,-0.0007527902216679649,0.3869775627999843,0.6066140622515377,0.8838165171910077,-0.03934831656541713,0.4995795603634389
train,negative,aspect_cos,std,241,0.1257576881102815,0.29296266041952024,0.4063490868288854,0.5196609185391325,0.6053585250980904,0.6802835917056606,0.8148438501122027,0.5041868742829828,0.1437318839702614
train,negative,aspect_cos,p10,241,-0.9990234375,-0.9951171875,-0.98779296875,-0.9052734375,-0.484130859375,-0.0395050048828125,0.72216796875,-0.6840251115347834,0.41133362716015054
train,negative,aspect_cos,median,241,-0.96630859375,-0.84619140625,-0.7099609375,-0.0374908447265625,0.55517578125,0.77783203125,0.93505859375,-0.044627480487111196,0.6384699869296784
train,negative,aspect_cos,p90,241,-0.76806640625,-0.2161865234375,0.21014404296875,0.91357421875,0.978515625,0.99267578125,1.0,0.6063584608655748,0.5016188615251425
train,negative,aspect_sin,mean,241,-0.8975381013942751,-0.5487351268584462,-0.36143328581238165,-0.09894589483974414,0.20797140320792096,0.4859430364722357,0.8307638335973024,-0.06763383497560366,0.3903665188304589
train,negative,aspect_sin,std,241,0.18376553023818998,0.3678396974457874,0.4713666371385548,0.5615572760347042,0.6417079865136048,0.692534125968823,0.7897476854049769,0.5485602600121605,0.12701215479576355
train,negative,aspect_sin,p10,241,-0.99853515625,-0.99169921875,-0.982421875,-0.9443359375,-0.640625,-0.2401123046875,0.5732421875,-0.7578228202598224,0.3502512633973507
train,negative,aspect_sin,median,241,-0.958984375,-0.75390625,-0.59130859375,-0.14093017578125,0.346435546875,0.6904296875,0.94384765625,-0.10482115369614724,0.525160080649668
train,negative,aspect_sin,p90,241,-0.75390625,0.19976806640625,0.5234375,0.81201171875,0.94970703125,0.9833984375,0.99853515625,0.6864332381125803,0.35241267212551525
train,negative,curvature,mean,241,-0.005404988448390213,-0.0028703477528324584,-0.0012593067776833777,9.062233948498033e-05,0.0012208906437081168,0.0023992121296032565,0.006393353557541559,-7.762058169899327e-05,0.002033393657078106
train,negative,curvature,std,241,0.015610507460843647,0.10989854729576559,0.15911355821481138,0.20951619657689308,0.2628643220436815,0.31560078293578286,1.3574796587401536,0.21851741663459645,0.12601455681833726
train,negative,curvature,p10,241,-0.3779296875,-0.3037109375,-0.2666015625,-0.214599609375,-0.16259765625,-0.10546875,-0.0148773193359375,-0.20844901943602503,0.07659716068158258
train,negative,curvature,median,241,-0.0047760009765625,-0.0006003379821777344,0.0006155967712402344,0.00226593017578125,0.0036525726318359375,0.0049457550048828125,0.00884246826171875,0.002095122925968091,0.0024155284812932476
train,negative,curvature,p90,241,0.0151824951171875,0.09820556640625,0.15545654296875,0.2066650390625,0.261962890625,0.299560546875,0.365478515625,0.20388645156290522,0.07664441876870683
train,negative,local_relief,mean,241,-2.4973738621920347,-1.0452098231762648,-0.5766259082593024,-0.02760581113398075,0.5732557140290737,1.2837354112416506,2.395912481471896,0.037143465345029825,0.8768638114662283
train,negative,local_relief,std,241,0.20718604040286323,1.2219570219031408,2.201886218901663,3.451965149082271,4.59349927913607,5.3249452629491785,9.085370565853173,3.4508564772163086,1.6357782382266364
train,negative,local_relief,p10,241,-11.0859375,-8.19140625,-6.10546875,-3.955078125,-1.8037109375,-0.8857421875,-0.02984619140625,-4.273156890235996,2.78617014260329
train,negative,local_relief,median,241,-2.068359375,-0.63671875,-0.23870849609375,0.19647216796875,0.6962890625,1.13671875,2.3330078125,0.21053991673892958,0.7818741363087942
train,negative,local_relief,p90,241,0.185546875,1.517578125,2.6796875,3.892578125,5.2890625,6.4140625,10.39453125,4.037288681600104,1.9932930689096418
train,negative,multidirectional_hillshade,mean,241,190.82265090942383,196.35668182373047,199.20927238464355,203.88867568969727,210.50310516357422,214.01646423339844,217.5684471130371,204.77423201754874,6.758153578359034
train,negative,multidirectional_hillshade,std,241,0.22708577477963263,4.864285652205044,8.237099171028852,10.683252445429229,12.510592059001866,14.06583541041519,16.955126043708194,10.071448292623188,3.535419333935156
train,negative,multidirectional_hillshade,p10,241,168.625,179.375,183.75,188.5,198.375,208.625,217.5,191.47640041493776,11.291405074776874
train,negative,multidirectional_hillshade,median,241,192.875,197.875,200.625,207.25,214.5,216.75,217.625,207.2015041493776,7.21546168931859
train,negative,multidirectional_hillshade,p90,241,206.875,209.875,211.5,216.625,217.375,217.625,217.625,214.80860995850622,3.261709044252937
train,negative,slope_degrees,mean,241,1.7838685999740846,12.049225888913497,18.798436506593134,28.60374587448314,35.61069744452834,38.460480893962085,43.5343270979356,26.662098310236843,10.343526416137156
train,negative,slope_degrees,std,241,1.672629277895058,8.627919805597408,10.279116220086108,12.8369438444869,15.049629931353824,16.871428209321135,20.315167805012635,12.53914989664724,3.450968536825117
train,negative,slope_degrees,p10,241,0.0,1.81884765625,4.39453125,8.70703125,21.25,24.078125,28.328125,11.618431502852697,8.655737401682039
train,negative,slope_degrees,median,241,1.5263671875,7.875,15.328125,27.7734375,35.8125,38.71875,43.53125,25.502743289678424,11.57593532657107
train,negative,slope_degrees,p90,241,3.439453125,25.8125,38.15625,47.4375,51.4375,54.8125,62.84375,43.23816779045643,12.579912435396187
train,negative,tri,mean,241,0.04113354939090641,0.32117669333001686,0.5069883697642581,0.8093470175472248,0.9737690954425489,1.118742504927468,1.4673822630720679,0.748023298479595,0.31631651596431765
train,negative,tri,std,241,0.036169458193680226,0.2304978312850758,0.33598864139161816,0.47557539580820324,0.6014246680061813,0.7191999627555495,3.6981756767692175,0.49838522902515825,0.3380795176481479
train,negative,tri,p10,241,0.0012969970703125,0.0483856201171875,0.1259765625,0.2310791015625,0.51806640625,0.60546875,0.74609375,0.299100978740518,0.2156700965797387
train,negative,tri,median,241,0.03594970703125,0.1854248046875,0.3701171875,0.7001953125,0.91845703125,1.0263671875,1.2197265625,0.6514590568067622,0.31392354641988995
train,negative,tri,p90,241,0.07513427734375,0.615234375,1.0087890625,1.3642578125,1.5732421875,1.802734375,2.478515625,1.2749784477518802,0.47094165004310257
train,positive_boundary,aspect_cos,mean,42,-0.5363805288734511,-0.44497000373721673,-0.2923494629965262,0.0328583978939605,0.16726663934332464,0.32335664980209905,0.5180534374831041,-0.037352262788512496,0.28268083589995047
train,positive_boundary,aspect_cos,std,42,0.43749366707729553,0.4894361863768119,0.5675594416822478,0.6407929671515995,0.7002215932039253,0.7225255769173534,0.8698218404009936,0.6272326237733621,0.09545424356017354
train,positive_boundary,aspect_cos,p10,42,-0.99462890625,-0.98330078125,-0.973388671875,-0.934326171875,-0.82568359375,-0.5687744140625002,-0.1773681640625,-0.8616216750372023,0.17950101826943013
train,positive_boundary,aspect_cos,median,42,-0.75927734375,-0.649072265625,-0.43255615234375,0.0850830078125,0.32684326171875,0.5246826171874999,0.7265625,-0.03683544340587798,0.4337150199011298
train,positive_boundary,aspect_cos,p90,42,0.09234619140625,0.36016845703125,0.7349853515625,0.927001953125,0.972412109375,0.986279296875,0.9931640625,0.8005516415550595,0.24914435285734512
train,positive_boundary,aspect_sin,mean,42,-0.6919469839849626,-0.5708115964998797,-0.48756979572658565,-0.1954952394967222,0.1402204401902054,0.4579665351102447,0.7863746129660285,-0.11841147807055157,0.4001307114437724
train,positive_boundary,aspect_sin,std,42,0.3542992802624215,0.417803823586522,0.4793252614204697,0.545020082505854,0.6812126392847739,0.7127824688283005,0.776705380156343,0.5721034541357278,0.12140008104992513
train,positive_boundary,aspect_sin,p10,42,-0.9970703125,-0.9931640625,-0.9874267578125,-0.96826171875,-0.88580322265625,-0.37540283203125013,0.494384765625,-0.8094277836027599,0.34118502092164926
train,positive_boundary,aspect_sin,median,42,-0.86669921875,-0.770654296875,-0.7042236328125,-0.3607177734375,0.33502197265625,0.6230468749999999,0.9111328125,-0.17108744666689918,0.5480614428178886
train,positive_boundary,aspect_sin,p90,42,-0.099395751953125,0.08380432128906251,0.3551025390625,0.9072265625,0.970947265625,0.983984375,0.9970703125,0.6630714053199405,0.36597856816586494
train,positive_boundary,curvature,mean,42,-0.0040882255270844325,-0.0025970957340177847,-0.0017965276656468632,-0.0007046887685646652,0.00046012289840291487,0.00110395052952299,0.00423053180657007,-0.0006548235273623417,0.0016062316272857783
train,positive_boundary,curvature,std,42,0.10882886654610936,0.14230035261650373,0.18065913278555323,0.21336927608314932,0.2575383992394676,0.2900650993282078,0.3687431476318209,0.218353172326707,0.05742617878998963
train,positive_boundary,curvature,p10,42,-0.376953125,-0.28785400390625,-0.243316650390625,-0.21453857421875,-0.187744140625,-0.12772827148437502,-0.088836669921875,-0.21574619838169642,0.06141472751840653
train,positive_boundary,curvature,median,42,-0.0023565292358398438,-3.3581256866455056e-05,0.00030732154846191406,0.0016751289367675781,0.0028154850006103516,0.004657840728759763,0.0091400146484375,0.001881229735556103,0.0019894209101076615
train,positive_boundary,curvature,p90,42,0.087554931640625,0.123760986328125,0.178955078125,0.20526123046875,0.2318115234375,0.279931640625,0.370849609375,0.2086392357235863,0.06119918380654097
train,positive_boundary,local_relief,mean,42,-1.8824658785015345,-0.5292062594438903,-0.1792033243109472,0.35491026705130935,0.850652405526489,1.0823875181376934,1.5422511231154203,0.28217738757043015,0.7134735293604446
train,positive_boundary,local_relief,std,42,2.0452920620508883,2.5787250452001276,2.8957348805597785,3.266557355228009,3.96001222102422,4.217996892648234,6.8629910690230025,3.511532219769941,0.9852602606850237
train,positive_boundary,local_relief,p10,42,-11.2109375,-6.416015624999999,-4.2607421875,-3.82958984375,-3.049560546875,-2.18701171875,-1.294921875,-4.0686151413690474,1.8641581178248692
train,positive_boundary,local_relief,median,42,-1.39599609375,-0.40037841796875,-0.172271728515625,0.51953125,0.88360595703125,1.1921875,1.419921875,0.3939672197614397,0.6342093625257097
train,positive_boundary,local_relief,p90,42,1.4580078125,2.6676757812500003,3.4794921875,4.48828125,5.67626953125,6.405078125,9.3515625,4.594575427827381,1.584011369461297
train,positive_boundary,multidirectional_hillshade,mean,42,197.52912712097168,199.9766492843628,203.80968236923218,206.63531684875488,210.25401258468628,213.1703395843506,214.65027618408203,206.77739638373964,4.489213292247776
train,positive_boundary,multidirectional_hillshade,std,42,6.510800637441376,8.374226998692766,9.339898193607574,11.188824779437418,12.676880342908674,14.11777381580382,16.131294155752247,11.083779895629817,2.2623548657368713
train,positive_boundary,multidirectional_hillshade,p10,42,176.25,182.0375,187.3125,190.5,198.0625,203.625,208.875,191.97916666666666,8.200469855634774
train,positive_boundary,multidirectional_hillshade,median,42,200.25,203.6875,207.21875,211.0625,214.125,216.7375,217.125,210.27380952380952,4.879442275106835
train,positive_boundary,multidirectional_hillshade,p90,42,213.625,214.775,216.375,217.0625,217.375,217.625,217.625,216.64583333333334,1.1019181958373592
train,positive_boundary,slope_degrees,mean,42,10.21089608364855,13.112649635889102,19.21138744449854,24.526601507153828,28.49813641110086,32.516489051189275,36.05979177867994,24.00415049761969,6.91622139020155
train,positive_boundary,slope_degrees,std,42,10.707158602813813,12.342498101476647,13.122860595814874,14.042942126783768,15.46210746450811,16.50035785388165,19.145364750171836,14.319431300087539,1.813486903450197
train,positive_boundary,slope_degrees,p10,42,1.33544921875,1.7114746093750002,4.1591796875,6.634765625,9.595703125,14.663281249999999,17.0625,7.357131231398809,4.46268596149697
train,positive_boundary,slope_degrees,median,42,6.30859375,8.18125,16.046875,22.0078125,27.8671875,32.3265625,36.21875,21.82021949404762,8.509388906824714
train,positive_boundary,slope_degrees,p90,42,25.4296875,32.38125,38.4375,45.65625,48.4375,52.78125,57.3125,43.773065476190474,7.8345395880857485
train,positive_boundary,tri,mean,42,0.2586666889819753,0.3433315650837358,0.5169819374755207,0.6831385599734858,0.8024040193652127,0.9824981261162065,1.116105747481015,0.6688532815704397,0.21711130219485011
train,positive_boundary,tri,std,42,0.3014065281293686,0.38636652012814365,0.4156915756078695,0.4938072729030283,0.5873130084677067,0.6997111898146886,0.8753394897424921,0.5152871857471328,0.12574906438702266
train,positive_boundary,tri,p10,42,0.0382080078125,0.04591064453125001,0.1152496337890625,0.17529296875,0.2510528564453125,0.38760986328124997,0.43505859375,0.19453975132533483,0.1127291478390296
train,positive_boundary,tri,median,42,0.150390625,0.20057373046875,0.383544921875,0.539306640625,0.6915283203125,0.8483886718749999,0.97412109375,0.5459275018601191,0.22532506898987062
train,positive_boundary,tri,p90,42,0.62109375,0.80439453125,1.008544921875,1.29150390625,1.4593505859375,1.64931640625,1.9833984375,1.2618989490327381,0.3300082086062533
train,positive_interior,aspect_cos,mean,230,-0.8583936637733132,-0.5869979922628772,-0.43016081183918686,-0.2324891737548569,0.08553420753196406,0.4500195878604245,0.769592365140852,-0.15465994521200233,0.38796014848074845
train,positive_interior,aspect_cos,std,230,0.24360392014456758,0.38253309193896734,0.496735363286015,0.5724145593358377,0.6365116678361682,0.6890342035547582,0.7996236441510449,0.5567007192144491,0.11215269918254238
train,positive_interior,aspect_cos,p10,230,-0.99853515625,-0.994140625,-0.9833984375,-0.958984375,-0.86517333984375,-0.42647705078125003,0.3994140625,-0.8226363534512727,0.30531408494226525
train,positive_interior,aspect_cos,median,230,-0.9462890625,-0.8116210937499999,-0.613525390625,-0.33154296875,0.1337738037109375,0.6635009765625,0.873046875,-0.22044689344323198,0.5143237198493813
train,positive_interior,aspect_cos,p90,230,-0.64208984375,0.024333953857421903,0.466064453125,0.77294921875,0.94921875,0.982958984375,0.99609375,0.6354645231495732,0.3883981999044235
train,positive_interior,aspect_sin,mean,230,-0.8653481763867603,-0.5844815763749466,-0.4408690144173306,-0.11124882264766711,0.15544341223585434,0.4095746401502764,0.7056363841938946,-0.11766775905686265,0.37701605520617754
train,positive_interior,aspect_sin,std,230,0.2182324753539783,0.44354673355133245,0.49252731532963645,0.5919334491916182,0.6594078643200288,0.7147141681622401,0.8091525310475645,0.5790895131738947,0.10836881618714025
train,positive_interior,aspect_sin,p10,230,-0.99853515625,-0.992724609375,-0.9862060546875,-0.954833984375,-0.77294921875,-0.6328125,0.1202392578125,-0.853177841849949,0.21465836823068055
train,positive_interior,aspect_sin,median,230,-0.9482421875,-0.77646484375,-0.664794921875,-0.17193603515625,0.29400634765625,0.6557128906249999,0.8955078125,-0.15147613649782926,0.5408185660830451
train,positive_interior,aspect_sin,p90,230,-0.6416015625,0.04516143798828126,0.42669677734375,0.8388671875,0.9697265625,0.9892578125,0.998046875,0.6643004085706627,0.3663167066766666
train,positive_interior,curvature,mean,230,-0.0030988348544269684,-0.0016661974997077777,-0.0009265501187201153,9.349631136501557e-05,0.001048238633075016,0.0020299969512961977,0.0055809730883993325,0.00017035070733744878,0.0015051032241273179
train,positive_interior,curvature,std,230,0.10644940756892067,0.13874759986465532,0.16976496092021356,0.19629505270528144,0.2501377077690441,0.2859248701558399,1.1638703529160899,0.21271446140839306,0.0837852707408834
train,positive_interior,curvature,p10,230,-0.353515625,-0.276416015625,-0.2424774169921875,-0.19732666015625,-0.1669769287109375,-0.13267822265625,-0.09100341796875,-0.20560236391813858,0.055925841513768434
train,positive_interior,curvature,median,230,-0.0012006759643554688,0.0006096839904785157,0.0015726089477539062,0.002975940704345703,0.004119396209716797,0.005733871459960937,0.00925445556640625,0.00300825341888096,0.0018929941105900832
train,positive_interior,curvature,p90,230,0.0860595703125,0.12818603515625,0.160552978515625,0.191253662109375,0.240692138671875,0.27265625,0.352783203125,0.1997206978175951,0.05721528632621921
train,positive_interior,local_relief,mean,230,-2.266932914033532,-0.9318731560371816,-0.4769753156142542,-0.07312171225203201,0.32341900398023427,0.7337454746477304,1.2413911577314138,-0.0951754896311879,0.6494058089369585
train,positive_interior,local_relief,std,230,1.47827480915835,2.370730496493604,2.779321790946424,3.2777579764935574,4.074753901361451,4.923500170839869,8.319724758760154,3.4731787557477336,1.0091458763157592
train,positive_interior,local_relief,p10,230,-10.59375,-6.949609375,-5.28125,-4.0625,-3.21484375,-2.7027343750000004,-1.4931640625,-4.457326341711957,1.758865237875311
train,positive_interior,local_relief,median,230,-2.1572265625,-0.812060546875,-0.40521240234375,0.008275985717773438,0.4576416015625,0.8801269531249998,1.75341796875,-0.012984615823496942,0.6690767151900024
train,positive_interior,local_relief,p90,230,0.7109375,2.46875,3.32861328125,4.1015625,4.88134765625,5.605859375,8.1484375,4.110381283967391,1.2652994197402263
train,positive_interior,multidirectional_hillshade,mean,230,193.6648998260498,200.82839317321776,203.84619808197021,207.91933155059814,210.586754322052,212.81172733306886,214.99954223632812,207.14957153486168,4.535778343283505
train,positive_interior,multidirectional_hillshade,std,230,5.3458236909768955,7.595440346640501,9.137100233782775,10.596092197665012,12.668311906966148,13.831915312295834,16.92211479785587,10.715064450475584,2.3653952432717693
train,positive_interior,multidirectional_hillshade,p10,230,172.875,182.3625,185.46875,193.125,199.359375,203.875,210.1875,192.91603260869564,8.29330886291327
train,positive_interior,multidirectional_hillshade,median,230,196.0,203.25,207.40625,211.875,214.0,216.125,217.125,210.5141304347826,4.783087426632807
train,positive_interior,multidirectional_hillshade,p90,230,211.0,215.1125,216.40625,217.125,217.375,217.625,217.625,216.66603260869564,1.1930068624851549
train,positive_interior,slope_degrees,mean,230,9.591241311718477,14.259730694920291,18.77320411481196,22.79704217784456,28.635923420813924,32.621723794966236,40.69977489276789,23.635605677305062,6.719615589427666
train,positive_interior,slope_degrees,std,230,9.608374368052301,11.418042379909295,12.875911501945545,14.059431903021355,15.216718880343596,16.228962283367746,18.81940310689963,13.99459673353268,1.8157434324748896
train,positive_interior,slope_degrees,p10,230,1.201171875,2.5654296875,4.1572265625,6.1669921875,9.59375,13.730078124999999,22.109375,7.2889308763586955,4.407964885368916
train,positive_interior,slope_degrees,median,230,5.96484375,10.68515625,16.3046875,20.6484375,27.55859375,32.878125,40.59375,21.605740489130437,7.9997307976208445
train,positive_interior,slope_degrees,p90,230,23.4921875,32.059375,37.1640625,43.34375,49.96875,52.515625,59.8125,42.88834918478261,7.933033694458533
train,positive_interior,tri,mean,230,0.2419682973613817,0.3666787514794123,0.5006579665819118,0.6281124712809287,0.8046606798911853,0.9417168248663075,1.2834295160537295,0.6535371655538098,0.21679991977941002
train,positive_interior,tri,std,230,0.2510002193857857,0.3435913486709578,0.40468169115047675,0.47386072041805366,0.5863631695005916,0.6871407065576367,3.1260394345881872,0.5088185774009532,0.21557004327009993
train,positive_interior,tri,p10,230,0.033905029296875,0.07347412109375,0.1177520751953125,0.16650390625,0.2479248046875,0.35018310546875,0.57177734375,0.19219254203464675,0.11059828452935967
train,positive_interior,tri,median,230,0.1436767578125,0.25875244140625003,0.38995361328125,0.502197265625,0.68896484375,0.838232421875,1.1142578125,0.5371332583220109,0.21402522043583494
train,positive_interior,tri,p90,230,0.56689453125,0.80830078125,0.966796875,1.1953125,1.500732421875,1.661328125,2.166015625,1.2240467900815217,0.33412687274621206
validation,negative,aspect_cos,mean,40,-0.6050114355293772,-0.4774506772920176,-0.013032845939051185,0.18125455214840258,0.31071666698130684,0.5462890504197276,0.676790014314065,0.11804372146634705,0.34960453373234984
validation,negative,aspect_cos,std,40,0.3773146693801342,0.4671641002351873,0.5285221796608948,0.6103928238852152,0.657206055268349,0.7360634152251958,0.7481082945179408,0.594496436894518,0.10380252448538622
validation,negative,aspect_cos,p10,40,-0.9951171875,-0.9904296875,-0.966796875,-0.824951171875,-0.516021728515625,-0.15970306396484357,0.1148681640625,-0.69796142578125,0.33689384655147814
validation,negative,aspect_cos,median,40,-0.81591796875,-0.75234375,-0.04095458984375,0.29931640625,0.5433349609375,0.6953125000000001,0.836181640625,0.15374984741210937,0.4907876733011847
validation,negative,aspect_cos,p90,40,0.115966796875,0.5906005859375001,0.8863525390625,0.97802734375,0.987060546875,0.99375,1.0,0.8707550048828125,0.22759987421656488
validation,negative,aspect_sin,mean,40,-0.7017500444144389,-0.5051610398418234,-0.15696665752329864,-0.015335531881646602,0.3850540064756842,0.5361922758877882,0.6873169923528621,0.05201221991153489,0.36234171229568685
validation,negative,aspect_sin,std,40,0.3786907558793388,0.4483390588528462,0.5075102470729488,0.6079283911696256,0.6652770837543787,0.7447802491705026,0.7734079782738503,0.5945890197257416,0.11005342720203488
validation,negative,aspect_sin,p10,40,-0.99560546875,-0.9869140625,-0.967041015625,-0.943359375,-0.561553955078125,-0.12933349609374997,0.1365966796875,-0.7425531387329102,0.3421117170160444
validation,negative,aspect_sin,median,40,-0.85546875,-0.6588867187499999,-0.2110595703125,0.0,0.57763671875,0.7112060546875001,0.84716796875,0.06838569641113282,0.49377929202933907
validation,negative,aspect_sin,p90,40,-0.17083740234375,0.41865234375000004,0.8050537109375,0.95751953125,0.9833984375,0.990869140625,0.99560546875,0.8270736694335937,0.2708998736071527
validation,negative,curvature,mean,40,-0.004080578692082781,-0.0019433858618867815,-0.0010930372259281285,-6.35803830846271e-05,0.0009724304807150475,0.002846056218368177,0.003952834034862462,0.00015963447356170946,0.0018213883233694564
validation,negative,curvature,std,40,0.07969163362641211,0.10106861193843879,0.15582535866757058,0.23716492487076563,0.2887068465728673,0.3271762857728072,0.39349881027449857,0.2264968670599345,0.08520255651455678
validation,negative,curvature,p10,40,-0.427978515625,-0.359814453125,-0.299285888671875,-0.24822998046875,-0.137908935546875,-0.05699920654296874,-0.032135009765625,-0.22591400146484375,0.10543101858808955
validation,negative,curvature,median,40,-0.0032482147216796875,-0.0009278297424316406,-0.00011995434761047363,0.0012835264205932617,0.003413677215576172,0.006708908081054689,0.009944915771484375,0.001974532753229141,0.0032068449335689027
validation,negative,curvature,p90,40,0.030914306640625,0.0593231201171875,0.1325225830078125,0.240020751953125,0.291168212890625,0.35170898437500003,0.423828125,0.22130851745605468,0.10353787338217131
validation,negative,local_relief,mean,40,-1.5088329743593931,-1.213817340368405,-0.4765833969868254,0.022153778714709915,0.6081981137394905,0.8284256128594281,1.659764894284308,-0.0537486455978069,0.7725107871576761
validation,negative,local_relief,std,40,1.2750760258687033,1.5300255460320167,3.207637619386058,4.059739511865142,4.64337895057771,5.29165577902252,6.708972643352664,3.808629485978127,1.3756417189683547
validation,negative,local_relief,p10,40,-11.0546875,-8.4453125,-5.92626953125,-4.361328125,-3.460205078125,-1.5712890624999998,-0.65966796875,-4.84539794921875,2.6218134218959683
validation,negative,local_relief,median,40,-1.8251953125,-0.48980712890624994,-0.263458251953125,0.0468902587890625,0.78253173828125,0.9755126953125005,1.6513671875,0.1468130111694336,0.7675190382479353
validation,negative,local_relief,p90,40,1.033203125,1.4671875,3.43017578125,4.8935546875,5.64013671875,6.1546875000000005,7.7109375,4.4175048828125,1.7834132258138704
validation,negative,multidirectional_hillshade,mean,40,193.66568183898926,198.08578643798828,201.19905710220337,204.70241928100586,209.94868755340576,215.51846446990967,216.2551498413086,205.76870064735414,6.27417523885136
validation,negative,multidirectional_hillshade,std,40,4.602812425752961,5.608193322795789,9.339293893204204,11.787263277374366,13.721347482264509,14.05301262531905,15.433965343009348,11.122255832295007,3.123351472091345
validation,negative,multidirectional_hillshade,p10,40,172.625,178.2,181.625,188.9375,197.65625,212.5625,216.25,191.259375,12.128104869862192
validation,negative,multidirectional_hillshade,median,40,195.25,200.2375,204.34375,208.3125,213.6875,217.5125,217.625,208.659375,6.358802185504358
validation,negative,multidirectional_hillshade,p90,40,213.0,214.225,215.84375,216.875,217.5,217.625,217.625,216.44375,1.2872420858175824
validation,negative,slope_degrees,mean,40,5.121437172463629,6.924784732417902,20.042882195150014,27.2592568336986,31.876692416131846,35.41100167413242,40.1551741452422,24.690757992283032,9.931529658040402
validation,negative,slope_degrees,std,40,8.754445821879782,9.700978553616444,13.709886083597079,14.79995795171039,16.10116146395699,16.286082306908146,17.035433310172913,14.118336242310079,2.3553785066256694
validation,negative,slope_degrees,p10,40,0.0,0.78017578125,3.475830078125,7.8046875,11.4052734375,15.939843750000001,18.5,7.845686340332032,5.237638982783432
validation,negative,slope_degrees,median,40,2.373046875,2.8072265625,16.9931640625,26.328125,31.515625,36.196875,41.34375,23.301220703125,11.396224746061048
validation,negative,slope_degrees,p90,40,10.33984375,19.30078125,38.921875,47.046875,53.078125,55.784375,60.0,43.28916015625,13.231787735251842
validation,negative,tri,mean,40,0.13789422007175745,0.1821314846893074,0.5197739907612231,0.7724401839559505,0.9368395773703924,1.0737088473225413,1.2992239205632359,0.7060266984970894,0.3152558451170315
validation,negative,tri,std,40,0.24060170459963987,0.2845370042866118,0.41174217737049423,0.5630768919479704,0.6483886725752428,0.6817537308701161,0.8236764728926373,0.5229542281831547,0.1537184917131538
validation,negative,tri,p10,40,1.3709068298339844e-06,0.0238037109375,0.09033203125,0.20794677734375,0.29046630859375,0.42763671875000003,0.51123046875,0.2115771159529686,0.14298243117494647
validation,negative,tri,median,40,0.05511474609375,0.068743896484375,0.406402587890625,0.6630859375,0.8126220703125,0.96953125,1.1630859375,0.5965835571289062,0.311059944996774
validation,negative,tri,p90,40,0.256591796875,0.47564697265625,1.025390625,1.3515625,1.6734619140625,1.850390625,2.17578125,1.2974395751953125,0.4957811336952257
validation,positive_boundary,aspect_cos,mean,7,0.4423104674424394,0.46443751863971555,0.4869891101279791,0.5396758669994597,0.5564678649470807,0.6045026180574496,0.6576460202750241,0.5323637578381489,0.06500323167906222
validation,positive_boundary,aspect_cos,std,7,0.4737090118017089,0.48649581313199786,0.5059541122571986,0.5293432537407445,0.5375010797420179,0.5475479309337571,0.5606805766485369,0.5215204608842033,0.02704086823012418
validation,positive_boundary,aspect_cos,p10,7,-0.453125,-0.4020751953125,-0.35797119140625,-0.3385009765625,-0.2403564453125,-0.13580322265624994,-0.022003173828125,-0.28718348911830355,0.12914371072175526
validation,positive_boundary,aspect_cos,median,7,0.6513671875,0.66630859375,0.687744140625,0.7236328125,0.77734375,0.81689453125,0.86376953125,0.7384207589285714,0.06769332040601111
validation,positive_boundary,aspect_cos,p90,7,0.9892578125,0.99013671875,0.990966796875,0.99169921875,0.992919921875,0.9947265625,0.99560546875,0.9920479910714286,0.001982794420138378
validation,positive_boundary,aspect_sin,mean,7,-0.3764571033334505,-0.3282955143296931,-0.24913768103169787,-0.14911739165472682,-0.06919920927248313,-0.012869304680680194,0.021857798167729925,-0.16291292534697277,0.13038111300096739
validation,positive_boundary,aspect_sin,std,7,0.5767340885079474,0.5847856112014714,0.6062251979142937,0.628059580358012,0.6447130989328613,0.666946282699942,0.691942576017314,0.6283732626539404,0.035459139185001584
validation,positive_boundary,aspect_sin,p10,7,-0.98828125,-0.98271484375,-0.9775390625,-0.96728515625,-0.93017578125,-0.90322265625,-0.884765625,-0.9508231026785714,0.03535787672461984
validation,positive_boundary,aspect_sin,median,7,-0.560546875,-0.499462890625,-0.389892578125,-0.2381591796875,-0.068756103515625,0.02400512695312502,0.0600128173828125,-0.23657008579799108,0.21219881018563344
validation,positive_boundary,aspect_sin,p90,7,0.578125,0.67333984375,0.741943359375,0.76904296875,0.842529296875,0.8899414062500001,0.92041015625,0.7766462053571429,0.10194370943063862
validation,positive_boundary,curvature,mean,7,-0.0027229783108850825,-0.001917111812872463,-0.0007898404592197039,0.0004812474880964146,0.0007099660374478844,0.0013855115998012485,0.0023476121814383077,-7.695354984857009e-06,0.001517115376557281
validation,positive_boundary,curvature,std,7,0.0979536222578746,0.10894490945799845,0.161006440740059,0.21360034918134002,0.27030502483669716,0.32198250380594057,0.32601895576042383,0.21431369405045012,0.08174284119924981
validation,positive_boundary,curvature,p10,7,-0.309814453125,-0.303369140625,-0.26190185546875,-0.202880859375,-0.1669921875,-0.12072753906249999,-0.10479736328125,-0.21075439453125,0.07118237270098915
validation,positive_boundary,curvature,median,7,0.002574920654296875,0.002803802490234375,0.0035066604614257812,0.0054931640625,0.0061321258544921875,0.006227874755859375,0.0062770843505859375,0.004803248814174107,0.0014697545741125847
validation,positive_boundary,curvature,p90,7,0.09869384765625,0.1116943359375,0.1539306640625,0.1944580078125,0.249053955078125,0.295458984375,0.30908203125,0.201171875,0.0719921504914245
validation,positive_boundary,local_relief,mean,7,-1.153058641590178,-0.7580358188599348,-0.38301391585264355,-0.1348899807780981,0.27079791808500886,0.8361470721662048,1.2537324312143028,-0.0369497409556061,0.7111080510104503
validation,positive_boundary,local_relief,std,7,1.310553356565635,1.3479832292728269,2.0867427111790002,3.270868182368976,4.240701873194734,5.232785097619143,5.883163524634926,3.3027820331881443,1.5578433161473026
validation,positive_boundary,local_relief,p10,7,-9.8359375,-6.922656249999999,-4.9765625,-4.79296875,-1.817626953125,-1.6900390625,-1.63671875,-4.264857700892857,2.7053081017005582
validation,positive_boundary,local_relief,median,7,-0.76220703125,-0.39965820312499994,-0.1551513671875,-0.095245361328125,0.4273681640625,0.9529296875000002,1.3349609375,0.14599173409598215,0.6305495408638705
validation,positive_boundary,local_relief,p90,7,1.5068359375,1.65859375,2.564453125,4.3671875,4.869140625,5.57890625,6.18359375,3.846400669642857,1.6066436840081193
validation,positive_boundary,multidirectional_hillshade,mean,7,202.0604591369629,203.35686645507812,205.99661350250244,208.81886100769043,211.3018503189087,213.80020904541016,214.70373725891113,208.5971407209124,4.169936405659273
validation,positive_boundary,multidirectional_hillshade,std,7,4.214589368204827,4.796174822734527,8.013408998729872,11.09249529433215,13.151856374896871,14.952375279888338,15.032775773949977,10.381484454820063,3.943382069978116
validation,positive_boundary,multidirectional_hillshade,p10,7,179.875,181.3,187.0,194.375,201.0,208.275,210.0,194.32142857142858,10.495504382586763
validation,positive_boundary,multidirectional_hillshade,median,7,206.875,208.6,210.875,213.125,214.4375,215.425,216.25,212.41071428571428,2.969874250069267
validation,positive_boundary,multidirectional_hillshade,p90,7,216.625,216.85,217.0625,217.25,217.25,217.35,217.5,217.14285714285714,0.25379768577771245
validation,positive_boundary,slope_degrees,mean,7,12.189240141655318,14.298546719778097,18.056090541780577,21.437732967780903,25.039186107111163,28.27748569676187,30.12528636114439,21.420401824052014,5.718730856306084
validation,positive_boundary,slope_degrees,std,7,8.377233148762773,8.872362896661961,11.885993915749522,14.6401886745536,16.13964706987717,17.430438001671067,17.581218136543864,13.807131704444803,3.378939373839872
validation,positive_boundary,slope_degrees,p10,7,3.5673828125,4.43515625,5.0849609375,5.54296875,6.349609375,7.48203125,8.5625,5.791713169642857,1.4470711950726531
validation,positive_boundary,slope_degrees,median,7,10.1796875,12.65,15.3828125,18.140625,22.1875,25.746875000000003,28.25,18.815848214285715,5.604301975604913
validation,positive_boundary,slope_degrees,p90,7,23.703125,26.225,34.78125,42.125,48.5859375,53.35,54.4375,41.0,10.694536765538949
validation,positive_boundary,tri,mean,7,0.2932840661624141,0.3461911736560069,0.46968959727291804,0.5876727969798594,0.7294588778149773,0.8636188699940249,0.9204914483070752,0.5999636088035913,0.2065071351065022
validation,positive_boundary,tri,std,7,0.20659445300808474,0.22291498450396313,0.3694684476474376,0.5250388432115117,0.6634215984098297,0.7851383309964444,0.7895319887534182,0.5124207681553642,0.2144721755353715
validation,positive_boundary,tri,p10,7,0.09619140625,0.121533203125,0.14178466796875,0.1494140625,0.17071533203125,0.20361328125000003,0.239501953125,0.15858677455357142,0.040649986368265084
validation,positive_boundary,tri,median,7,0.238037109375,0.29736328125,0.3699951171875,0.4423828125,0.552734375,0.6527343750000001,0.721435546875,0.46390206473214285,0.1508474925090095
validation,positive_boundary,tri,p90,7,0.55859375,0.6236328125,0.905029296875,1.158203125,1.478515625,1.7359375000000001,1.779296875,1.1804547991071428,0.4297805374005081
validation,positive_interior,aspect_cos,mean,7,0.5025793454278755,0.5413750880101361,0.5683719507551359,0.5874500008840187,0.5999293431796104,0.6052452062565863,0.6110188913698948,0.5768072607930402,0.03383136221593095
validation,positive_interior,aspect_cos,std,7,0.44467947767405075,0.45493376077756764,0.46331278556701805,0.48081327658067874,0.4945708091188716,0.5229364917290326,0.5450428796309841,0.48375754617964184,0.031024636382675157
validation,positive_interior,aspect_cos,p10,7,-0.375244140625,-0.2786376953125,-0.182159423828125,-0.115386962890625,-0.094818115234375,-0.05857315063476559,-0.0057163238525390625,-0.150043215070452,0.10887003875079647
validation,positive_interior,aspect_cos,median,7,0.71923828125,0.72626953125,0.740234375,0.77001953125,0.79248046875,0.8033203125,0.8115234375,0.7666015625,0.0321440196962381
validation,positive_interior,aspect_cos,p90,7,0.990234375,0.99111328125,0.99267578125,0.99462890625,0.99462890625,0.99580078125,0.99755859375,0.9938616071428571,0.0021814307716394934
validation,positive_interior,aspect_sin,mean,7,-0.29808975091691536,-0.27231672313064337,-0.2358659272354089,-0.16613027411858639,-0.10734526199394168,-0.06666498577014862,-0.04461930274101178,-0.17075167231931637,0.08515449533685208
validation,positive_interior,aspect_sin,std,7,0.6012374712052053,0.6069670164529685,0.617134967156312,0.6280766293057318,0.6412545983433948,0.6474078069791174,0.6504628649348261,0.6280794423493109,0.01657335826254474
validation,positive_interior,aspect_sin,p10,7,-0.97900390625,-0.96845703125,-0.9586181640625,-0.95556640625,-0.944091796875,-0.93740234375,-0.93505859375,-0.9535784040178571,0.013588431040542708
validation,positive_interior,aspect_sin,median,7,-0.43798828125,-0.4345458984375,-0.38775634765625,-0.2919921875,-0.138702392578125,-0.05994262695312498,-0.0345916748046875,-0.25964137486049105,0.1498540133008605
validation,positive_interior,aspect_sin,p90,7,0.65771484375,0.71572265625,0.774658203125,0.7978515625,0.851806640625,0.87548828125,0.87841796875,0.7981305803571429,0.0705006130963179
validation,positive_interior,curvature,mean,7,-0.001680920169746969,-0.0009586715028490288,-0.00024903007033572067,9.0172327873006e-05,0.0008944322498791735,0.001532638016396959,0.0019165473440807546,0.00023094340875624248,0.0010858726699880556
validation,positive_interior,curvature,std,7,0.13672424153569887,0.19178845902573471,0.2330460624317185,0.23816403322066196,0.24915367130942467,0.2615401276847928,0.269255041686365,0.22979182627500175,0.040011167991836946
validation,positive_interior,curvature,p10,7,-0.259521484375,-0.252490234375,-0.24322509765625,-0.224609375,-0.21722412109375,-0.18967285156249997,-0.1495361328125,-0.22208077566964285,0.03307012731857558
validation,positive_interior,curvature,median,7,-0.0001627802848815918,0.0026231050491333013,0.004649162292480469,0.0048656463623046875,0.0057582855224609375,0.006711196899414063,0.008026123046875,0.004791983536311558,0.0022988094009410032
validation,positive_interior,curvature,p90,7,0.13970947265625,0.1789306640625,0.20794677734375,0.2127685546875,0.2303466796875,0.24289550781250002,0.256591796875,0.21223667689732142,0.033722457860377614
validation,positive_interior,local_relief,mean,7,-1.0373534164391458,-0.8100041843950748,-0.36719188690767623,-0.05198328010737896,0.17333734774729237,0.3978383071953432,0.530977594666183,-0.13515259717158706,0.5027253649153118
validation,positive_interior,local_relief,std,7,1.6824491128709582,2.6214534736808286,3.422213317054564,3.6574799124274895,4.464189307733593,5.0453002063023344,5.483227396583053,3.799423095922545,1.1169878268646505
validation,positive_interior,local_relief,p10,7,-9.42578125,-6.44921875,-4.4609375,-4.4375,-3.92041015625,-3.2591796874999996,-2.71484375,-4.762974330357143,1.9936637449272914
validation,positive_interior,local_relief,median,7,-0.619140625,-0.43295898437499997,-0.3018798828125,0.0841064453125,0.27392578125,0.5468261718750002,0.790283203125,0.028477260044642856,0.4417777576108895
validation,positive_interior,local_relief,p90,7,1.4140625,3.0617187500000003,4.1953125,4.66015625,5.2080078125,5.276953125,5.30859375,4.312779017857143,1.2622198583735438
validation,positive_interior,multidirectional_hillshade,mean,7,203.71485137939453,205.53139038085936,206.7446117401123,206.91418266296387,207.72729396820068,209.58788261413574,212.37567710876465,207.42121750967843,2.379792265731136
validation,positive_interior,multidirectional_hillshade,std,7,6.916517454654153,9.771293508457688,11.947763559971515,12.702167143991218,12.827562800818978,13.307861491733272,14.011459397103597,11.882970959618564,2.131724062858547
validation,positive_interior,multidirectional_hillshade,p10,7,183.0,186.15,188.8125,189.5,190.1875,195.975,204.0,190.64285714285714,5.9313139095716005
validation,positive_interior,multidirectional_hillshade,median,7,209.0,210.2,211.1875,211.75,213.1875,213.95,215.0,212.07142857142858,1.7826759866754778
validation,positive_interior,multidirectional_hillshade,p90,7,216.625,216.85,217.0,217.125,217.375,217.425,217.5,217.14285714285714,0.27893748842523763
validation,positive_interior,slope_degrees,mean,7,16.53150937546161,19.81841834797524,22.105242155637825,24.331810269068228,24.369314868250513,25.96419247025624,28.353362828260288,23.16654236008097,3.326279068322143
validation,positive_interior,slope_degrees,std,7,11.057078750778082,13.444433324965313,15.289649919508399,15.654799947298478,16.449359594362015,16.555483584757226,16.698402836851177,15.269757223238367,1.8066768914767988
validation,positive_interior,slope_degrees,p10,7,3.83203125,4.078125,4.453125,6.296875,6.7763671875,7.740234375000001,8.90625,5.927734375,1.6625137541598407
validation,positive_interior,slope_degrees,median,7,14.09375,16.465625,18.1484375,20.78125,21.8046875,23.418750000000003,25.40625,20.026785714285715,3.343966054911901
validation,positive_interior,slope_degrees,p90,7,31.984375,40.16875,45.96875,46.5625,47.15625,49.362500000000004,51.96875,45.252232142857146,5.754719703685375
validation,positive_interior,tri,mean,7,0.4149517008472685,0.5449773172003916,0.6367334991859934,0.6748992070306485,0.6857949191339685,0.7433194960367473,0.8270534505154501,0.651708742147613,0.11349447072683767
validation,positive_interior,tri,std,7,0.3096048628007508,0.4423094115633214,0.5602294481986203,0.6108759861405403,0.6277338562296763,0.6434723569871212,0.6659936721224411,0.5660573042743321,0.11159586684788955
validation,positive_interior,tri,p10,7,0.103729248046875,0.11748046875,0.127166748046875,0.17364501953125,0.18560791015625,0.20574951171875003,0.23486328125,0.16254098074776785,0.04205622947164432
validation,positive_interior,tri,median,7,0.337158203125,0.400439453125,0.4478759765625,0.499755859375,0.537353515625,0.5794921875,0.62841796875,0.49082728794642855,0.08525636491387717
validation,positive_interior,tri,p90,7,0.79248046875,1.098046875,1.32177734375,1.35693359375,1.388671875,1.490625,1.62744140625,1.31396484375,0.23433081800824915
