mask,tp_plain,fp_plain,fn_plain,tn_plain,precision_plain,recall_plain,f1_plain,iou_plain,gt_positive_fraction_plain,pred_positive_fraction_plain,tp_efficientnet,fp_efficientnet,fn_efficientnet,tn_efficientnet,precision_efficientnet,recall_efficientnet,f1_efficientnet,iou_efficientnet,gt_positive_fraction_efficientnet,pred_positive_fraction_efficientnet,f1_change,precision_change,recall_change,iou_change,fp_change,fn_change,pred_positive_fraction_change
mask_1.h5,0,209,0,16175,0.0,,0.0,0.0,0.0,0.01275634765625,0,154,0,16230,0.0,,0.0,0.0,0.0,0.0093994140625,0.0,0.0,,0.0,-55,0,-0.00335693359375
mask_2.h5,8,1,114,16261,0.8888888888888888,0.06557377049180328,0.12213740458015267,0.06504065040650407,0.0074462890625,0.00054931640625,12,0,110,16262,1.0,0.09836065573770492,0.1791044776119403,0.09836065573770492,0.0074462890625,0.000732421875,0.05696707303178762,0.11111111111111116,0.032786885245901634,0.033320005331200844,-1,-4,0.00018310546875
mask_3.h5,391,111,526,15356,0.7788844621513944,0.42639040348964014,0.551092318534179,0.38035019455252916,0.05596923828125,0.0306396484375,341,76,576,15391,0.8177458033573142,0.3718647764449291,0.5112443778110944,0.3434038267875126,0.05596923828125,0.02545166015625,-0.03984794072308451,0.038861341205919775,-0.054525627044711034,-0.036946367765016586,-35,50,-0.00518798828125
mask_4.h5,37,35,393,15919,0.5138888888888888,0.08604651162790698,0.14741035856573706,0.07956989247311828,0.0262451171875,0.00439453125,32,7,398,15947,0.8205128205128205,0.07441860465116279,0.13646055437100213,0.07322654462242563,0.0262451171875,0.00238037109375,-0.01094980419473493,0.30662393162393164,-0.011627906976744193,-0.006343347850692654,-28,5,-0.00201416015625
mask_5.h5,0,0,0,16384,,,,,0.0,0.0,0,0,0,16384,,,,,0.0,0.0,,,,,0,0,0.0
mask_6.h5,388,71,585,15340,0.8453159041394336,0.3987667009249743,0.5418994413407822,0.3716475095785441,0.05938720703125,0.02801513671875,308,40,665,15371,0.8850574712643678,0.31654676258992803,0.4663133989401968,0.3040473840078973,0.05938720703125,0.021240234375,-0.07558604240058536,0.03974156712493426,-0.08221993833504626,-0.06760012557064676,-31,80,-0.00677490234375
mask_7.h5,239,158,359,15628,0.6020151133501259,0.3996655518394649,0.48040201005025124,0.31613756613756616,0.0364990234375,0.02423095703125,217,114,381,15672,0.6555891238670695,0.362876254180602,0.4671689989235737,0.3047752808988764,0.0364990234375,0.02020263671875,-0.013233011126677519,0.05357401051694355,-0.03678929765886291,-0.011362285238689762,-44,22,-0.0040283203125
mask_8.h5,52,25,82,16225,0.6753246753246753,0.3880597014925373,0.4928909952606635,0.3270440251572327,0.0081787109375,0.00469970703125,37,9,97,16241,0.8043478260869565,0.27611940298507465,0.4111111111111111,0.25874125874125875,0.0081787109375,0.0028076171875,-0.0817798841495524,0.1290231507622812,-0.11194029850746268,-0.06830276641597394,-16,15,-0.00189208984375
mask_9.h5,48,10,27,16299,0.8275862068965517,0.64,0.7218045112781954,0.5647058823529412,0.00457763671875,0.0035400390625,64,39,11,16270,0.6213592233009708,0.8533333333333334,0.7191011235955056,0.5614035087719298,0.00457763671875,0.00628662109375,-0.0027033876826898506,-0.2062269835955809,0.21333333333333337,-0.0033023735810113752,29,-16,0.00274658203125
mask_10.h5,425,215,80,15664,0.6640625,0.8415841584158416,0.74235807860262,0.5902777777777778,0.03082275390625,0.0390625,363,83,142,15796,0.8139013452914798,0.7188118811881188,0.7634069400630915,0.6173469387755102,0.03082275390625,0.0272216796875,0.02104886146047147,0.14983884529147984,-0.12277227722772277,0.027069160997732378,-132,62,-0.0118408203125
mask_11.h5,164,655,50,15515,0.20024420024420025,0.7663551401869159,0.31752178121974833,0.18872266973532797,0.0130615234375,0.04998779296875,137,374,77,15796,0.26810176125244617,0.6401869158878505,0.3779310344827586,0.23299319727891157,0.0130615234375,0.03118896484375,0.060409253263010276,0.06785756100824591,-0.12616822429906538,0.0442705275435836,-281,27,-0.018798828125
mask_12.h5,0,1,0,16383,0.0,,0.0,0.0,0.0,6.103515625e-05,0,3,0,16381,0.0,,0.0,0.0,0.0,0.00018310546875,0.0,0.0,,0.0,2,0,0.0001220703125
mask_13.h5,0,1395,0,14989,0.0,,0.0,0.0,0.0,0.08514404296875,0,185,0,16199,0.0,,0.0,0.0,0.0,0.01129150390625,0.0,0.0,,0.0,-1210,0,-0.0738525390625
mask_14.h5,13,9,13,16349,0.5909090909090909,0.5,0.5416666666666666,0.37142857142857144,0.0015869140625,0.0013427734375,4,6,22,16352,0.4,0.15384615384615385,0.2222222222222222,0.125,0.0015869140625,0.0006103515625,-0.3194444444444444,-0.19090909090909092,-0.34615384615384615,-0.24642857142857144,-3,9,-0.000732421875
mask_15.h5,0,0,0,16384,,,,,0.0,0.0,0,1,0,16383,0.0,,0.0,0.0,0.0,6.103515625e-05,,,,,1,0,6.103515625e-05
mask_16.h5,292,448,124,15520,0.3945945945945946,0.7019230769230769,0.5051903114186851,0.33796296296296297,0.025390625,0.045166015625,241,300,175,15668,0.4454713493530499,0.5793269230769231,0.5036572622779519,0.3365921787709497,0.025390625,0.03302001953125,-0.001533049140733156,0.05087675475845527,-0.12259615384615374,-0.0013707841920132524,-148,51,-0.01214599609375
mask_17.h5,0,6,8,16370,0.0,0.0,0.0,0.0,0.00048828125,0.0003662109375,0,8,8,16368,0.0,0.0,0.0,0.0,0.00048828125,0.00048828125,0.0,0.0,0.0,0.0,2,0,0.0001220703125
mask_18.h5,0,0,0,16384,,,,,0.0,0.0,0,0,0,16384,,,,,0.0,0.0,,,,,0,0,0.0
mask_19.h5,16,49,2,16317,0.24615384615384617,0.8888888888888888,0.3855421686746988,0.23880597014925373,0.0010986328125,0.00396728515625,15,83,3,16283,0.15306122448979592,0.8333333333333334,0.25862068965517243,0.1485148514851485,0.0010986328125,0.0059814453125,-0.12692147901952638,-0.09309262166405025,-0.05555555555555547,-0.09029111866410522,34,1,0.00201416015625
mask_20.h5,707,331,181,15165,0.6811175337186898,0.7961711711711712,0.7341640706126688,0.5799835931091059,0.05419921875,0.0633544921875,642,168,246,15328,0.7925925925925926,0.722972972972973,0.7561837455830389,0.6079545454545454,0.05419921875,0.0494384765625,0.022019674970370162,0.11147505887390285,-0.07319819819819817,0.02797095234543956,-163,65,-0.013916015625
mask_21.h5,0,0,0,16384,,,,,0.0,0.0,0,0,0,16384,,,,,0.0,0.0,,,,,0,0,0.0
mask_22.h5,0,39,0,16345,0.0,,0.0,0.0,0.0,0.00238037109375,0,16,0,16368,0.0,,0.0,0.0,0.0,0.0009765625,0.0,0.0,,0.0,-23,0,-0.00140380859375
mask_23.h5,0,61,0,16323,0.0,,0.0,0.0,0.0,0.00372314453125,0,0,0,16384,,,,,0.0,0.0,,,,,-61,0,-0.00372314453125
mask_24.h5,21,11,32,16320,0.65625,0.39622641509433965,0.49411764705882355,0.328125,0.00323486328125,0.001953125,18,1,35,16330,0.9473684210526315,0.33962264150943394,0.5,0.3333333333333333,0.00323486328125,0.00115966796875,0.00588235294117645,0.2911184210526315,-0.0566037735849057,0.005208333333333315,-10,3,-0.00079345703125
mask_25.h5,0,57,0,16327,0.0,,0.0,0.0,0.0,0.00347900390625,0,20,0,16364,0.0,,0.0,0.0,0.0,0.001220703125,0.0,0.0,,0.0,-37,0,-0.00225830078125
mask_26.h5,0,0,0,16384,,,,,0.0,0.0,0,58,0,16326,0.0,,0.0,0.0,0.0,0.0035400390625,,,,,58,0,0.0035400390625
mask_27.h5,0,3,0,16381,0.0,,0.0,0.0,0.0,0.00018310546875,0,27,0,16357,0.0,,0.0,0.0,0.0,0.00164794921875,0.0,0.0,,0.0,24,0,0.00146484375
mask_28.h5,0,0,0,16384,,,,,0.0,0.0,0,15,0,16369,0.0,,0.0,0.0,0.0,0.00091552734375,,,,,15,0,0.00091552734375
mask_29.h5,21,4,623,15736,0.84,0.03260869565217391,0.06278026905829596,0.032407407407407406,0.039306640625,0.00152587890625,51,14,593,15726,0.7846153846153846,0.07919254658385093,0.14386459802538787,0.07750759878419453,0.039306640625,0.00396728515625,0.0810843289670919,-0.055384615384615365,0.046583850931677016,0.04510019137678712,10,-30,0.00244140625
mask_30.h5,0,35,0,16349,0.0,,0.0,0.0,0.0,0.00213623046875,0,56,0,16328,0.0,,0.0,0.0,0.0,0.00341796875,0.0,0.0,,0.0,21,0,0.00128173828125
mask_31.h5,0,55,0,16329,0.0,,0.0,0.0,0.0,0.00335693359375,0,4,0,16380,0.0,,0.0,0.0,0.0,0.000244140625,0.0,0.0,,0.0,-51,0,-0.00311279296875
mask_32.h5,258,207,196,15723,0.5548387096774193,0.5682819383259912,0.5614798694232862,0.3903177004538578,0.0277099609375,0.02838134765625,250,84,204,15846,0.7485029940119761,0.5506607929515418,0.6345177664974619,0.4646840148698885,0.0277099609375,0.0203857421875,0.07303789707417574,0.19366428433455674,-0.017621145374449365,0.0743663144160307,-123,8,-0.00799560546875
mask_33.h5,0,123,0,16261,0.0,,0.0,0.0,0.0,0.00750732421875,0,70,0,16314,0.0,,0.0,0.0,0.0,0.0042724609375,0.0,0.0,,0.0,-53,0,-0.00323486328125
mask_34.h5,230,342,13,15799,0.4020979020979021,0.9465020576131687,0.5644171779141104,0.39316239316239315,0.01483154296875,0.034912109375,149,103,94,16038,0.5912698412698413,0.6131687242798354,0.602020202020202,0.430635838150289,0.01483154296875,0.015380859375,0.03760302410609162,0.1891719391719392,-0.33333333333333337,0.03747344498789584,-239,81,-0.01953125
mask_35.h5,290,124,58,15912,0.7004830917874396,0.8333333333333334,0.7611548556430446,0.614406779661017,0.021240234375,0.0252685546875,286,92,62,15944,0.7566137566137566,0.8218390804597702,0.7878787878787878,0.65,0.021240234375,0.0230712890625,0.02672393223574321,0.05613066482631701,-0.011494252873563204,0.035593220338983045,-32,4,-0.002197265625
mask_36.h5,138,44,2,16200,0.7582417582417582,0.9857142857142858,0.8571428571428571,0.75,0.008544921875,0.0111083984375,127,31,13,16213,0.8037974683544303,0.9071428571428571,0.8523489932885906,0.7426900584795322,0.008544921875,0.0096435546875,-0.0047938638542665,0.04555571011267212,-0.07857142857142863,-0.007309941520467822,-13,11,-0.00146484375
mask_37.h5,0,93,0,16291,0.0,,0.0,0.0,0.0,0.00567626953125,0,231,0,16153,0.0,,0.0,0.0,0.0,0.01409912109375,0.0,0.0,,0.0,138,0,0.0084228515625
mask_38.h5,215,155,36,15978,0.581081081081081,0.8565737051792829,0.6924315619967794,0.5295566502463054,0.01531982421875,0.0225830078125,191,62,60,16071,0.7549407114624506,0.7609561752988048,0.7579365079365079,0.610223642172524,0.01531982421875,0.01544189453125,0.06550494593972855,0.17385963038136953,-0.09561752988047811,0.08066699192621862,-93,24,-0.00714111328125
mask_39.h5,0,16,0,16368,0.0,,0.0,0.0,0.0,0.0009765625,0,0,0,16384,,,,,0.0,0.0,,,,,-16,0,-0.0009765625
mask_40.h5,40,798,3,15543,0.0477326968973747,0.9302325581395349,0.09080590238365494,0.04756242568370987,0.00262451171875,0.0511474609375,20,547,23,15794,0.03527336860670194,0.46511627906976744,0.06557377049180328,0.03389830508474576,0.00262451171875,0.03460693359375,-0.025232131891851653,-0.012459328290672762,-0.46511627906976744,-0.01366412059896411,-251,20,-0.01654052734375
mask_41.h5,0,43,0,16341,0.0,,0.0,0.0,0.0,0.00262451171875,0,16,0,16368,0.0,,0.0,0.0,0.0,0.0009765625,0.0,0.0,,0.0,-27,0,-0.00164794921875
mask_42.h5,0,23,0,16361,0.0,,0.0,0.0,0.0,0.00140380859375,0,4,0,16380,0.0,,0.0,0.0,0.0,0.000244140625,0.0,0.0,,0.0,-19,0,-0.00115966796875
mask_43.h5,0,698,0,15686,0.0,,0.0,0.0,0.0,0.0426025390625,0,115,0,16269,0.0,,0.0,0.0,0.0,0.00701904296875,0.0,0.0,,0.0,-583,0,-0.03558349609375
mask_44.h5,384,102,81,15817,0.7901234567901234,0.8258064516129032,0.807570977917981,0.6772486772486772,0.02838134765625,0.0296630859375,357,188,108,15731,0.655045871559633,0.7677419354838709,0.7069306930693069,0.5467075038284839,0.02838134765625,0.03326416015625,-0.10064028484867416,-0.1350775852304904,-0.058064516129032295,-0.13054117342019333,86,27,0.00360107421875
mask_45.h5,0,109,0,16275,0.0,,0.0,0.0,0.0,0.00665283203125,0,76,0,16308,0.0,,0.0,0.0,0.0,0.004638671875,0.0,0.0,,0.0,-33,0,-0.00201416015625
mask_46.h5,13,107,9,16255,0.10833333333333334,0.5909090909090909,0.18309859154929578,0.10077519379844961,0.0013427734375,0.00732421875,0,55,22,16307,0.0,0.0,0.0,0.0,0.0013427734375,0.00335693359375,-0.18309859154929578,-0.10833333333333334,-0.5909090909090909,-0.10077519379844961,-52,13,-0.00396728515625
mask_47.h5,0,117,0,16267,0.0,,0.0,0.0,0.0,0.00714111328125,0,113,0,16271,0.0,,0.0,0.0,0.0,0.00689697265625,0.0,0.0,,0.0,-4,0,-0.000244140625
mask_48.h5,256,229,34,15865,0.5278350515463918,0.8827586206896552,0.6606451612903226,0.4932562620423892,0.0177001953125,0.02960205078125,226,105,64,15989,0.6827794561933535,0.7793103448275862,0.7278582930756844,0.5721518987341773,0.0177001953125,0.02020263671875,0.06721313178536181,0.1549444046469617,-0.10344827586206895,0.07889563669178806,-124,30,-0.0093994140625
mask_49.h5,35,1,16,16332,0.9722222222222222,0.6862745098039216,0.8045977011494253,0.6730769230769231,0.00311279296875,0.002197265625,38,4,13,16329,0.9047619047619048,0.7450980392156863,0.8172043010752689,0.6909090909090909,0.00311279296875,0.0025634765625,0.012606599925843565,-0.06746031746031744,0.05882352941176472,0.01783216783216779,3,-3,0.0003662109375
mask_50.h5,0,24,0,16360,0.0,,0.0,0.0,0.0,0.00146484375,0,43,0,16341,0.0,,0.0,0.0,0.0,0.00262451171875,0.0,0.0,,0.0,19,0,0.00115966796875
mask_51.h5,6911,127,982,8364,0.9819551008809321,0.8755859622450273,0.9257250016743688,0.861720698254364,0.48175048828125,0.4295654296875,6461,83,1432,8408,0.9873166259168704,0.8185734194856201,0.8950613008242709,0.8100551654964895,0.48175048828125,0.3994140625,-0.03066370085009784,0.0053615250359383415,-0.05701254275940715,-0.051665532757874555,-44,450,-0.0301513671875
mask_52.h5,90,493,31,15770,0.15437392795883362,0.743801652892562,0.2556818181818182,0.1465798045602606,0.00738525390625,0.03558349609375,64,277,57,15986,0.187683284457478,0.5289256198347108,0.27705627705627706,0.16080402010050251,0.00738525390625,0.02081298828125,0.02137445887445888,0.03330935649864439,-0.2148760330578512,0.014224215540241919,-216,26,-0.0147705078125
mask_53.h5,51,45,214,16074,0.53125,0.19245283018867926,0.28254847645429365,0.16451612903225807,0.01617431640625,0.005859375,57,58,208,16061,0.4956521739130435,0.21509433962264152,0.3,0.17647058823529413,0.01617431640625,0.00701904296875,0.017451523545706338,-0.0355978260869565,0.02264150943396226,0.01195445920303606,13,-6,0.00115966796875
mask_54.h5,136,146,50,16052,0.48226950354609927,0.7311827956989247,0.5811965811965812,0.40963855421686746,0.0113525390625,0.0172119140625,101,83,85,16115,0.5489130434782609,0.543010752688172,0.5459459459459459,0.3754646840148699,0.0113525390625,0.01123046875,-0.03525063525063532,0.0666435399321616,-0.18817204301075274,-0.03417387020199758,-63,35,-0.0059814453125
mask_55.h5,333,117,397,15537,0.74,0.45616438356164385,0.5644067796610169,0.39315230224321135,0.0445556640625,0.0274658203125,219,49,511,15605,0.8171641791044776,0.3,0.43887775551102204,0.2811296534017972,0.0445556640625,0.016357421875,-0.1255290241499949,0.07716417910447759,-0.15616438356164386,-0.11202264884141416,-68,114,-0.0111083984375
mask_56.h5,100,219,15,16050,0.31347962382445144,0.8695652173913043,0.4608294930875576,0.2994011976047904,0.00701904296875,0.01947021484375,74,135,41,16134,0.35406698564593303,0.6434782608695652,0.4567901234567901,0.296,0.00701904296875,0.01275634765625,-0.004039369630767509,0.04058736182148159,-0.22608695652173916,-0.003401197604790407,-84,26,-0.0067138671875
mask_57.h5,24,7,10,16343,0.7741935483870968,0.7058823529411765,0.7384615384615385,0.5853658536585366,0.0020751953125,0.00189208984375,25,3,9,16347,0.8928571428571429,0.7352941176470589,0.8064516129032258,0.6756756756756757,0.0020751953125,0.001708984375,0.06799007444168725,0.11866359447004615,0.02941176470588236,0.09030982201713911,-4,-1,-0.00018310546875
mask_58.h5,21,0,13,16350,1.0,0.6176470588235294,0.7636363636363637,0.6176470588235294,0.0020751953125,0.00128173828125,18,106,16,16244,0.14516129032258066,0.5294117647058824,0.22784810126582278,0.12857142857142856,0.0020751953125,0.007568359375,-0.5357882623705409,-0.8548387096774194,-0.08823529411764708,-0.4890756302521009,106,3,0.00628662109375
mask_59.h5,358,226,107,15693,0.613013698630137,0.7698924731182796,0.6825548141086749,0.5180897250361794,0.02838134765625,0.03564453125,347,213,118,15706,0.6196428571428572,0.7462365591397849,0.6770731707317074,0.5117994100294986,0.02838134765625,0.0341796875,-0.005481643376967549,0.006629158512720168,-0.023655913978494647,-0.006290315006680869,-13,11,-0.00146484375
mask_60.h5,0,23,0,16361,0.0,,0.0,0.0,0.0,0.00140380859375,0,1,0,16383,0.0,,0.0,0.0,0.0,6.103515625e-05,0.0,0.0,,0.0,-22,0,-0.0013427734375
mask_61.h5,138,116,13,16117,0.5433070866141733,0.9139072847682119,0.6814814814814815,0.5168539325842697,0.00921630859375,0.0155029296875,123,47,28,16186,0.7235294117647059,0.8145695364238411,0.7663551401869159,0.6212121212121212,0.00921630859375,0.0103759765625,0.0848736587054344,0.1802223251505326,-0.09933774834437081,0.10435818862785151,-69,15,-0.005126953125
mask_62.h5,0,0,0,16384,,,,,0.0,0.0,0,0,0,16384,,,,,0.0,0.0,,,,,0,0,0.0
mask_63.h5,45,72,6,16261,0.38461538461538464,0.8823529411764706,0.5357142857142857,0.36585365853658536,0.00311279296875,0.00714111328125,39,28,12,16305,0.582089552238806,0.7647058823529411,0.6610169491525424,0.4936708860759494,0.00311279296875,0.00408935546875,0.1253026634382567,0.19747416762342135,-0.11764705882352944,0.12781722753936403,-44,6,-0.0030517578125
mask_64.h5,111,51,33,16189,0.6851851851851852,0.7708333333333334,0.7254901960784313,0.5692307692307692,0.0087890625,0.0098876953125,65,5,79,16235,0.9285714285714286,0.4513888888888889,0.6074766355140186,0.436241610738255,0.0087890625,0.0042724609375,-0.1180135605644127,0.24338624338624337,-0.3194444444444445,-0.1329891584925142,-46,46,-0.005615234375
mask_65.h5,82,11,10,16281,0.8817204301075269,0.8913043478260869,0.8864864864864865,0.7961165048543689,0.005615234375,0.00567626953125,79,30,13,16262,0.7247706422018348,0.8586956521739131,0.7860696517412935,0.6475409836065574,0.005615234375,0.00665283203125,-0.10041683474519303,-0.15694978790569203,-0.032608695652173836,-0.14857552124781148,19,3,0.0009765625
mask_66.h5,40,71,31,16242,0.36036036036036034,0.5633802816901409,0.43956043956043955,0.28169014084507044,0.00433349609375,0.00677490234375,34,83,37,16230,0.2905982905982906,0.4788732394366197,0.3617021276595745,0.22077922077922077,0.00433349609375,0.00714111328125,-0.07785831190086506,-0.06976206976206972,-0.08450704225352118,-0.060910920065849666,12,6,0.0003662109375
mask_67.h5,0,333,0,16051,0.0,,0.0,0.0,0.0,0.02032470703125,0,349,0,16035,0.0,,0.0,0.0,0.0,0.02130126953125,0.0,0.0,,0.0,16,0,0.0009765625
mask_68.h5,0,5,0,16379,0.0,,0.0,0.0,0.0,0.00030517578125,0,0,0,16384,,,,,0.0,0.0,,,,,-5,0,-0.00030517578125
mask_69.h5,6,59,13,16306,0.09230769230769231,0.3157894736842105,0.14285714285714285,0.07692307692307693,0.00115966796875,0.00396728515625,5,30,14,16335,0.14285714285714285,0.2631578947368421,0.18518518518518517,0.10204081632653061,0.00115966796875,0.00213623046875,0.042328042328042326,0.050549450549450536,-0.05263157894736842,0.025117739403453687,-29,1,-0.0018310546875
mask_70.h5,0,2,0,16382,0.0,,0.0,0.0,0.0,0.0001220703125,0,0,0,16384,,,,,0.0,0.0,,,,,-2,0,-0.0001220703125
mask_71.h5,0,0,0,16384,,,,,0.0,0.0,0,0,0,16384,,,,,0.0,0.0,,,,,0,0,0.0
mask_72.h5,10,163,25,16186,0.057803468208092484,0.2857142857142857,0.09615384615384616,0.050505050505050504,0.00213623046875,0.01055908203125,28,42,7,16307,0.4,0.8,0.5333333333333333,0.36363636363636365,0.00213623046875,0.0042724609375,0.4371794871794872,0.34219653179190757,0.5142857142857143,0.31313131313131315,-121,-18,-0.00628662109375
mask_73.h5,32,2,13,16337,0.9411764705882353,0.7111111111111111,0.810126582278481,0.6808510638297872,0.00274658203125,0.0020751953125,26,1,19,16338,0.9629629629629629,0.5777777777777777,0.7222222222222222,0.5652173913043478,0.00274658203125,0.00164794921875,-0.08790436005625879,0.02178649237472763,-0.13333333333333341,-0.11563367252543943,-1,6,-0.00042724609375
mask_74.h5,36,10,24,16314,0.782608695652174,0.6,0.6792452830188679,0.5142857142857142,0.003662109375,0.0028076171875,36,10,24,16314,0.782608695652174,0.6,0.6792452830188679,0.5142857142857142,0.003662109375,0.0028076171875,0.0,0.0,0.0,0.0,0,0,0.0
mask_75.h5,365,378,401,15240,0.49125168236877526,0.4765013054830287,0.48376408217362493,0.31905594405594406,0.0467529296875,0.04534912109375,267,197,499,15421,0.5754310344827587,0.34856396866840733,0.43414634146341463,0.2772585669781931,0.0467529296875,0.0283203125,-0.0496177407102103,0.08417935211398342,-0.12793733681462138,-0.04179737707775094,-181,98,-0.01702880859375
mask_76.h5,0,3,0,16381,0.0,,0.0,0.0,0.0,0.00018310546875,0,0,0,16384,,,,,0.0,0.0,,,,,-3,0,-0.00018310546875
mask_77.h5,9,7,388,15980,0.5625,0.022670025188916875,0.043583535108958835,0.022277227722772276,0.02423095703125,0.0009765625,98,204,299,15783,0.32450331125827814,0.24685138539042822,0.2804005722460658,0.16306156405990016,0.02423095703125,0.0184326171875,0.23681703713710694,-0.23799668874172186,0.22418136020151136,0.1407843363371279,197,-89,0.0174560546875
mask_78.h5,0,7,0,16377,0.0,,0.0,0.0,0.0,0.00042724609375,0,21,0,16363,0.0,,0.0,0.0,0.0,0.00128173828125,0.0,0.0,,0.0,14,0,0.0008544921875
mask_79.h5,500,131,86,15667,0.7923930269413629,0.8532423208191127,0.8216926869350862,0.697350069735007,0.0357666015625,0.03851318359375,459,80,127,15718,0.8515769944341373,0.7832764505119454,0.816,0.6891891891891891,0.0357666015625,0.03289794921875,-0.0056926869350862885,0.059183967492774325,-0.06996587030716728,-0.008160880545817872,-51,41,-0.005615234375
mask_80.h5,1720,915,118,13631,0.6527514231499051,0.9357997823721437,0.7690587972278113,0.624772974936433,0.1121826171875,0.16082763671875,1612,777,226,13769,0.6747593135203014,0.8770402611534276,0.7627158741424178,0.6164435946462715,0.1121826171875,0.14581298828125,-0.006342923085393526,0.0220078903703963,-0.05875952121871608,-0.008329380290161503,-138,108,-0.0150146484375
mask_81.h5,209,21,83,16071,0.908695652173913,0.7157534246575342,0.8007662835249042,0.6677316293929713,0.017822265625,0.0140380859375,219,17,73,16075,0.9279661016949152,0.75,0.8295454545454546,0.7087378640776699,0.017822265625,0.014404296875,0.028779171020550387,0.01927044952100221,0.03424657534246578,0.04100623468469866,-4,-10,0.0003662109375
mask_82.h5,0,0,0,16384,,,,,0.0,0.0,0,0,0,16384,,,,,0.0,0.0,,,,,0,0,0.0
mask_83.h5,492,205,146,15541,0.7058823529411765,0.7711598746081505,0.7370786516853932,0.5836298932384342,0.0389404296875,0.04254150390625,374,141,264,15605,0.7262135922330097,0.5862068965517241,0.6487424111014745,0.48010269576379977,0.0389404296875,0.03143310546875,-0.08833624058391876,0.020331239291833225,-0.1849529780564264,-0.1035271974746344,-64,118,-0.0111083984375
mask_84.h5,0,0,0,16384,,,,,0.0,0.0,0,0,0,16384,,,,,0.0,0.0,,,,,0,0,0.0
mask_85.h5,4,44,8,16328,0.08333333333333333,0.3333333333333333,0.13333333333333333,0.07142857142857142,0.000732421875,0.0029296875,0,29,12,16343,0.0,0.0,0.0,0.0,0.000732421875,0.00177001953125,-0.13333333333333333,-0.08333333333333333,-0.3333333333333333,-0.07142857142857142,-15,4,-0.00115966796875
mask_86.h5,0,0,0,16384,,,,,0.0,0.0,0,0,0,16384,,,,,0.0,0.0,,,,,0,0,0.0
mask_87.h5,0,891,0,15493,0.0,,0.0,0.0,0.0,0.05438232421875,0,168,0,16216,0.0,,0.0,0.0,0.0,0.01025390625,0.0,0.0,,0.0,-723,0,-0.04412841796875
mask_88.h5,0,0,0,16384,,,,,0.0,0.0,0,0,0,16384,,,,,0.0,0.0,,,,,0,0,0.0
mask_89.h5,285,107,34,15958,0.7270408163265306,0.8934169278996865,0.8016877637130801,0.6690140845070423,0.01947021484375,0.02392578125,278,89,41,15976,0.7574931880108992,0.8714733542319749,0.8104956268221575,0.6813725490196079,0.01947021484375,0.02239990234375,0.00880786310907733,0.03045237168436854,-0.021943573667711602,0.012358464512565615,-18,7,-0.00152587890625
mask_90.h5,30,32,40,16282,0.4838709677419355,0.42857142857142855,0.45454545454545453,0.29411764705882354,0.0042724609375,0.0037841796875,19,12,51,16302,0.6129032258064516,0.2714285714285714,0.37623762376237624,0.23170731707317074,0.0042724609375,0.00189208984375,-0.07830783078307829,0.12903225806451613,-0.15714285714285714,-0.062410329985652796,-20,11,-0.00189208984375
mask_91.h5,0,26,0,16358,0.0,,0.0,0.0,0.0,0.0015869140625,0,43,0,16341,0.0,,0.0,0.0,0.0,0.00262451171875,0.0,0.0,,0.0,17,0,0.00103759765625
mask_92.h5,4,24,4,16352,0.14285714285714285,0.5,0.2222222222222222,0.125,0.00048828125,0.001708984375,0,1,8,16375,0.0,0.0,0.0,0.0,0.00048828125,6.103515625e-05,-0.2222222222222222,-0.14285714285714285,-0.5,-0.125,-23,4,-0.00164794921875
mask_93.h5,1272,11,8829,6272,0.9914263445050663,0.12592812592812594,0.22347153900210823,0.12579113924050633,0.61651611328125,0.07830810546875,826,75,9275,6208,0.9167591564927858,0.08177408177408177,0.1501545173604799,0.08117138364779874,0.61651611328125,0.05499267578125,-0.07331702164162832,-0.07466718801228045,-0.04415404415404417,-0.04461975559270759,64,446,-0.0233154296875
mask_94.h5,652,563,134,15035,0.5366255144032922,0.8295165394402035,0.6516741629185407,0.48332097850259453,0.0479736328125,0.07415771484375,593,299,193,15299,0.6647982062780269,0.7544529262086515,0.7067938021454112,0.5465437788018433,0.0479736328125,0.054443359375,0.055119639226870465,0.12817269187473468,-0.07506361323155208,0.06322280029924882,-264,59,-0.01971435546875
mask_95.h5,228,79,126,15951,0.742671009771987,0.6440677966101694,0.6898638426626323,0.5265588914549654,0.0216064453125,0.01873779296875,209,45,145,15985,0.8228346456692913,0.5903954802259888,0.6875,0.5238095238095238,0.0216064453125,0.0155029296875,-0.0023638426626323428,0.08016363589730435,-0.053672316384180685,-0.002749367645441536,-34,19,-0.00323486328125
mask_96.h5,263,356,107,15658,0.42487883683360256,0.7108108108108108,0.531850353892821,0.3622589531680441,0.0225830078125,0.03778076171875,269,259,101,15755,0.509469696969697,0.727027027027027,0.5991091314031181,0.4276629570747218,0.0225830078125,0.0322265625,0.06725877751029707,0.08459086013609446,0.016216216216216273,0.06540400390667772,-97,-6,-0.00555419921875
mask_97.h5,0,0,0,16384,,,,,0.0,0.0,0,181,0,16203,0.0,,0.0,0.0,0.0,0.01104736328125,,,,,181,0,0.01104736328125
mask_98.h5,246,212,74,15852,0.537117903930131,0.76875,0.6323907455012854,0.462406015037594,0.01953125,0.0279541015625,237,188,83,15876,0.5576470588235294,0.740625,0.636241610738255,0.46653543307086615,0.01953125,0.02593994140625,0.0038508652369696472,0.02052915489339835,-0.028125000000000067,0.004129418033272159,-24,9,-0.00201416015625
mask_99.h5,70,28,110,16176,0.7142857142857143,0.3888888888888889,0.5035971223021583,0.33653846153846156,0.010986328125,0.0059814453125,95,15,85,16189,0.8636363636363636,0.5277777777777778,0.6551724137931034,0.48717948717948717,0.010986328125,0.0067138671875,0.15157529149094517,0.14935064935064934,0.1388888888888889,0.1506410256410256,-13,-25,0.000732421875
mask_100.h5,26,31,1,16326,0.45614035087719296,0.9629629629629629,0.6190476190476191,0.4482758620689655,0.00164794921875,0.00347900390625,24,18,3,16339,0.5714285714285714,0.8888888888888888,0.6956521739130435,0.5333333333333333,0.00164794921875,0.0025634765625,0.07660455486542439,0.11528822055137844,-0.07407407407407407,0.0850574712643678,-13,2,-0.00091552734375
mask_101.h5,0,0,0,16384,,,,,0.0,0.0,0,43,0,16341,0.0,,0.0,0.0,0.0,0.00262451171875,,,,,43,0,0.00262451171875
mask_102.h5,0,0,0,16384,,,,,0.0,0.0,0,1,0,16383,0.0,,0.0,0.0,0.0,6.103515625e-05,,,,,1,0,6.103515625e-05
mask_103.h5,0,11,0,16373,0.0,,0.0,0.0,0.0,0.00067138671875,0,22,0,16362,0.0,,0.0,0.0,0.0,0.0013427734375,0.0,0.0,,0.0,11,0,0.00067138671875
mask_104.h5,0,0,0,16384,,,,,0.0,0.0,0,0,0,16384,,,,,0.0,0.0,,,,,0,0,0.0
mask_105.h5,839,162,98,15285,0.8381618381618382,0.8954108858057631,0.8658410732714138,0.7634212920837125,0.05718994140625,0.06109619140625,825,88,112,15359,0.9036144578313253,0.880469583778015,0.8918918918918919,0.8048780487804879,0.05718994140625,0.05572509765625,0.02605081862047809,0.06545261966948712,-0.014941302027748127,0.0414567566967754,-74,14,-0.00537109375
mask_106.h5,0,22,0,16362,0.0,,0.0,0.0,0.0,0.0013427734375,0,7,0,16377,0.0,,0.0,0.0,0.0,0.00042724609375,0.0,0.0,,0.0,-15,0,-0.00091552734375
mask_107.h5,158,79,7,16140,0.6666666666666666,0.9575757575757575,0.7860696517412935,0.6475409836065574,0.01007080078125,0.01446533203125,149,63,16,16156,0.7028301886792453,0.9030303030303031,0.7904509283819628,0.6535087719298246,0.01007080078125,0.012939453125,0.00438127664066934,0.036163522012578664,-0.05454545454545445,0.005967788323267165,-16,9,-0.00152587890625
mask_108.h5,0,0,125,16259,,0.0,0.0,0.0,0.00762939453125,0.0,22,47,103,16212,0.3188405797101449,0.176,0.2268041237113402,0.12790697674418605,0.00762939453125,0.00421142578125,0.2268041237113402,,0.176,0.12790697674418605,47,-22,0.00421142578125
mask_109.h5,201,132,179,15872,0.6036036036036037,0.5289473684210526,0.5638148667601683,0.392578125,0.023193359375,0.02032470703125,246,83,134,15921,0.7477203647416414,0.6473684210526316,0.693935119887165,0.531317494600432,0.023193359375,0.02008056640625,0.1301202531269967,0.14411676113803773,0.11842105263157898,0.13873936960043198,-49,-45,-0.000244140625
mask_110.h5,45,76,3,16260,0.371900826446281,0.9375,0.5325443786982249,0.3629032258064516,0.0029296875,0.00738525390625,39,26,9,16310,0.6,0.8125,0.6902654867256637,0.527027027027027,0.0029296875,0.00396728515625,0.15772110802743877,0.228099173553719,-0.125,0.16412380122057535,-50,6,-0.00341796875
mask_111.h5,0,38,0,16346,0.0,,0.0,0.0,0.0,0.0023193359375,0,34,0,16350,0.0,,0.0,0.0,0.0,0.0020751953125,0.0,0.0,,0.0,-4,0,-0.000244140625
mask_112.h5,0,38,0,16346,0.0,,0.0,0.0,0.0,0.0023193359375,0,1,0,16383,0.0,,0.0,0.0,0.0,6.103515625e-05,0.0,0.0,,0.0,-37,0,-0.00225830078125
mask_113.h5,39,319,15,16011,0.10893854748603352,0.7222222222222222,0.18932038834951456,0.10455764075067024,0.0032958984375,0.0218505859375,29,158,25,16172,0.15508021390374332,0.5370370370370371,0.24066390041493776,0.13679245283018868,0.0032958984375,0.01141357421875,0.0513435120654232,0.04614166641770981,-0.18518518518518512,0.032234812079518435,-161,10,-0.01043701171875
mask_114.h5,174,204,53,15953,0.4603174603174603,0.7665198237885462,0.5752066115702479,0.4037122969837587,0.01385498046875,0.0230712890625,137,144,90,16013,0.4875444839857651,0.6035242290748899,0.5393700787401575,0.3692722371967655,0.01385498046875,0.01715087890625,-0.03583653283009036,0.027227023668304817,-0.16299559471365632,-0.034440059786993216,-60,37,-0.00592041015625
mask_115.h5,0,14,0,16370,0.0,,0.0,0.0,0.0,0.0008544921875,0,58,0,16326,0.0,,0.0,0.0,0.0,0.0035400390625,0.0,0.0,,0.0,44,0,0.002685546875
mask_116.h5,57,55,39,16233,0.5089285714285714,0.59375,0.5480769230769231,0.37748344370860926,0.005859375,0.0068359375,53,30,43,16258,0.6385542168674698,0.5520833333333334,0.5921787709497207,0.42063492063492064,0.005859375,0.00506591796875,0.044101847872797584,0.12962564543889843,-0.04166666666666663,0.04315147692631138,-25,4,-0.00177001953125
mask_117.h5,0,1,0,16383,0.0,,0.0,0.0,0.0,6.103515625e-05,0,24,0,16360,0.0,,0.0,0.0,0.0,0.00146484375,0.0,0.0,,0.0,23,0,0.00140380859375
mask_118.h5,0,0,0,16384,,,,,0.0,0.0,0,0,0,16384,,,,,0.0,0.0,,,,,0,0,0.0
mask_119.h5,474,40,374,15496,0.9221789883268483,0.5589622641509434,0.6960352422907489,0.5337837837837838,0.0517578125,0.0313720703125,483,56,365,15480,0.8961038961038961,0.5695754716981132,0.6964671953857245,0.5342920353982301,0.0517578125,0.03289794921875,0.0004319530949756789,-0.026075092222952234,0.010613207547169767,0.0005082516144463423,16,-9,0.00152587890625
mask_120.h5,75,14,67,16228,0.8426966292134831,0.528169014084507,0.6493506493506493,0.4807692307692308,0.0086669921875,0.00543212890625,83,16,59,16226,0.8383838383838383,0.5845070422535211,0.6887966804979253,0.5253164556962026,0.0086669921875,0.00604248046875,0.03944603114727596,-0.004312790829644753,0.05633802816901412,0.044547224926971773,2,-8,0.0006103515625
mask_121.h5,11,19,13,16341,0.36666666666666664,0.4583333333333333,0.4074074074074074,0.2558139534883721,0.00146484375,0.0018310546875,11,25,13,16335,0.3055555555555556,0.4583333333333333,0.36666666666666664,0.22448979591836735,0.00146484375,0.002197265625,-0.040740740740740744,-0.06111111111111106,0.0,-0.03132415757000476,6,0,0.0003662109375
mask_122.h5,0,5,0,16379,0.0,,0.0,0.0,0.0,0.00030517578125,0,0,0,16384,,,,,0.0,0.0,,,,,-5,0,-0.00030517578125
mask_123.h5,21,239,5,16119,0.08076923076923077,0.8076923076923077,0.14685314685314685,0.07924528301886792,0.0015869140625,0.015869140625,18,155,8,16203,0.10404624277456648,0.6923076923076923,0.18090452261306533,0.09944751381215469,0.0015869140625,0.01055908203125,0.034051375759918484,0.023277012005335704,-0.11538461538461542,0.02020223079328677,-84,3,-0.00531005859375
mask_124.h5,300,226,37,15821,0.5703422053231939,0.8902077151335311,0.6952491309385863,0.5328596802841918,0.02056884765625,0.0321044921875,276,163,61,15884,0.6287015945330297,0.8189910979228486,0.711340206185567,0.552,0.02056884765625,0.02679443359375,0.016091075246980724,0.058359389209835744,-0.07121661721068251,0.019140319715808207,-63,24,-0.00531005859375
mask_125.h5,7,12,16,16349,0.3684210526315789,0.30434782608695654,0.3333333333333333,0.2,0.00140380859375,0.00115966796875,6,34,17,16327,0.15,0.2608695652173913,0.19047619047619047,0.10526315789473684,0.00140380859375,0.00244140625,-0.14285714285714285,-0.21842105263157893,-0.043478260869565244,-0.09473684210526317,22,1,0.00128173828125
mask_126.h5,52,7,66,16259,0.8813559322033898,0.4406779661016949,0.5875706214689266,0.416,0.0072021484375,0.00360107421875,72,43,46,16223,0.6260869565217392,0.6101694915254238,0.6180257510729614,0.4472049689440994,0.0072021484375,0.00701904296875,0.030455129604034847,-0.25526897568165063,0.16949152542372886,0.03120496894409941,36,-20,0.00341796875
mask_127.h5,0,0,0,16384,,,,,0.0,0.0,0,0,0,16384,,,,,0.0,0.0,,,,,0,0,0.0
mask_128.h5,1162,203,700,14319,0.8512820512820513,0.6240601503759399,0.720173535791757,0.5627118644067797,0.1136474609375,0.08331298828125,1004,156,858,14366,0.8655172413793103,0.5392051557465092,0.6644606221045665,0.4975222993062438,0.1136474609375,0.07080078125,-0.05571291368719056,0.014235190097259043,-0.08485499462943069,-0.06518956510053586,-47,158,-0.01251220703125
mask_129.h5,163,46,74,16101,0.7799043062200957,0.6877637130801688,0.7309417040358744,0.5759717314487632,0.01446533203125,0.01275634765625,148,21,89,16126,0.8757396449704142,0.6244725738396625,0.729064039408867,0.5736434108527132,0.01446533203125,0.01031494140625,-0.001877664627007447,0.09583533875031858,-0.06329113924050633,-0.0023283205960500375,-25,15,-0.00244140625
mask_130.h5,0,0,111,16273,,0.0,0.0,0.0,0.00677490234375,0.0,18,63,93,16210,0.2222222222222222,0.16216216216216217,0.1875,0.10344827586206896,0.00677490234375,0.00494384765625,0.1875,,0.16216216216216217,0.10344827586206896,63,-18,0.00494384765625
mask_131.h5,0,3,0,16381,0.0,,0.0,0.0,0.0,0.00018310546875,0,82,0,16302,0.0,,0.0,0.0,0.0,0.0050048828125,0.0,0.0,,0.0,79,0,0.00482177734375
mask_132.h5,32,14,88,16250,0.6956521739130435,0.26666666666666666,0.3855421686746988,0.23880597014925373,0.00732421875,0.0028076171875,23,50,97,16214,0.3150684931506849,0.19166666666666668,0.23834196891191708,0.13529411764705881,0.00732421875,0.00445556640625,-0.14720019976278173,-0.38058368076235854,-0.07499999999999998,-0.10351185250219491,36,9,0.00164794921875
mask_133.h5,0,1,0,16383,0.0,,0.0,0.0,0.0,6.103515625e-05,0,43,0,16341,0.0,,0.0,0.0,0.0,0.00262451171875,0.0,0.0,,0.0,42,0,0.0025634765625
mask_134.h5,290,142,64,15888,0.6712962962962963,0.8192090395480226,0.7379134860050891,0.5846774193548387,0.0216064453125,0.0263671875,253,93,101,15937,0.7312138728323699,0.7146892655367232,0.7228571428571429,0.5659955257270693,0.0216064453125,0.0211181640625,-0.015056343147946238,0.05991757653607366,-0.10451977401129942,-0.018681893627769397,-49,37,-0.0052490234375
mask_135.h5,97,20,31,16236,0.8290598290598291,0.7578125,0.7918367346938775,0.6554054054054054,0.0078125,0.00714111328125,112,47,16,16209,0.7044025157232704,0.875,0.7804878048780488,0.64,0.0078125,0.00970458984375,-0.01134892981582869,-0.12465731333655872,0.1171875,-0.015405405405405359,27,-15,0.0025634765625
mask_136.h5,0,0,0,16384,,,,,0.0,0.0,0,0,0,16384,,,,,0.0,0.0,,,,,0,0,0.0
mask_137.h5,84,78,27,16195,0.5185185185185185,0.7567567567567568,0.6153846153846154,0.4444444444444444,0.00677490234375,0.0098876953125,63,47,48,16226,0.5727272727272728,0.5675675675675675,0.5701357466063348,0.3987341772151899,0.00677490234375,0.0067138671875,-0.045248868778280604,0.05420875420875426,-0.18918918918918926,-0.04571026722925453,-31,21,-0.003173828125
mask_138.h5,0,0,0,16384,,,,,0.0,0.0,0,2,0,16382,0.0,,0.0,0.0,0.0,0.0001220703125,,,,,2,0,0.0001220703125
mask_139.h5,189,446,237,15512,0.29763779527559053,0.44366197183098594,0.35626767200754006,0.21674311926605505,0.0260009765625,0.03875732421875,180,136,246,15822,0.569620253164557,0.4225352112676056,0.48517520215633425,0.3202846975088968,0.0260009765625,0.019287109375,0.1289075301487942,0.27198245788896647,-0.02112676056338031,0.10354157824284177,-310,9,-0.01947021484375
mask_140.h5,0,65,0,16319,0.0,,0.0,0.0,0.0,0.00396728515625,0,103,0,16281,0.0,,0.0,0.0,0.0,0.00628662109375,0.0,0.0,,0.0,38,0,0.0023193359375
mask_141.h5,48,3,58,16275,0.9411764705882353,0.4528301886792453,0.6114649681528662,0.44036697247706424,0.0064697265625,0.00311279296875,52,18,54,16260,0.7428571428571429,0.49056603773584906,0.5909090909090909,0.41935483870967744,0.0064697265625,0.0042724609375,-0.020555877243775278,-0.1983193277310924,0.037735849056603765,-0.02101213376738681,15,-4,0.00115966796875
mask_142.h5,0,43,0,16341,0.0,,0.0,0.0,0.0,0.00262451171875,0,30,0,16354,0.0,,0.0,0.0,0.0,0.0018310546875,0.0,0.0,,0.0,-13,0,-0.00079345703125
mask_143.h5,66,60,30,16228,0.5238095238095238,0.6875,0.5945945945945946,0.4230769230769231,0.005859375,0.0076904296875,58,30,38,16258,0.6590909090909091,0.6041666666666666,0.6304347826086957,0.4603174603174603,0.005859375,0.00537109375,0.03584018801410105,0.13528138528138522,-0.08333333333333337,0.03724053724053722,-30,8,-0.0023193359375
mask_144.h5,0,136,0,16248,0.0,,0.0,0.0,0.0,0.00830078125,0,118,0,16266,0.0,,0.0,0.0,0.0,0.0072021484375,0.0,0.0,,0.0,-18,0,-0.0010986328125
mask_145.h5,0,156,0,16228,0.0,,0.0,0.0,0.0,0.009521484375,0,0,0,16384,,,,,0.0,0.0,,,,,-156,0,-0.009521484375
mask_146.h5,0,1163,0,15221,0.0,,0.0,0.0,0.0,0.07098388671875,0,172,0,16212,0.0,,0.0,0.0,0.0,0.010498046875,0.0,0.0,,0.0,-991,0,-0.06048583984375
mask_147.h5,149,43,6,16186,0.7760416666666666,0.9612903225806452,0.8587896253602305,0.7525252525252525,0.00946044921875,0.01171875,150,42,5,16187,0.78125,0.967741935483871,0.8645533141210374,0.7614213197969543,0.00946044921875,0.01171875,0.0057636887608069065,0.00520833333333337,0.006451612903225823,0.00889606727170178,-1,-1,0.0
mask_148.h5,0,8,0,16376,0.0,,0.0,0.0,0.0,0.00048828125,0,0,0,16384,,,,,0.0,0.0,,,,,-8,0,-0.00048828125
mask_149.h5,0,28,0,16356,0.0,,0.0,0.0,0.0,0.001708984375,0,39,0,16345,0.0,,0.0,0.0,0.0,0.00238037109375,0.0,0.0,,0.0,11,0,0.00067138671875
mask_150.h5,28,12,16,16328,0.7,0.6363636363636364,0.6666666666666666,0.5,0.002685546875,0.00244140625,25,42,19,16298,0.373134328358209,0.5681818181818182,0.45045045045045046,0.29069767441860467,0.002685546875,0.00408935546875,-0.21621621621621617,-0.326865671641791,-0.06818181818181812,-0.20930232558139533,30,3,0.00164794921875
mask_151.h5,0,4,11,16369,0.0,0.0,0.0,0.0,0.00067138671875,0.000244140625,0,12,11,16361,0.0,0.0,0.0,0.0,0.00067138671875,0.000732421875,0.0,0.0,0.0,0.0,8,0,0.00048828125
mask_152.h5,7208,1051,749,7376,0.8727448843685677,0.9058690461229106,0.8889985199802664,0.8001776198934281,0.48565673828125,0.50408935546875,6581,797,1376,7630,0.8919761452968284,0.8270705039587785,0.8582980110857515,0.7517706191455334,0.48565673828125,0.4503173828125,-0.03070050889451481,0.019231260928260774,-0.07879854216413218,-0.04840700074789461,-254,627,-0.05377197265625
mask_153.h5,24,19,4,16337,0.5581395348837209,0.8571428571428571,0.676056338028169,0.5106382978723404,0.001708984375,0.00262451171875,22,5,6,16351,0.8148148148148148,0.7857142857142857,0.8,0.6666666666666666,0.001708984375,0.00164794921875,0.12394366197183104,0.25667527993109385,-0.0714285714285714,0.15602836879432624,-14,2,-0.0009765625
mask_154.h5,0,147,0,16237,0.0,,0.0,0.0,0.0,0.00897216796875,0,107,0,16277,0.0,,0.0,0.0,0.0,0.00653076171875,0.0,0.0,,0.0,-40,0,-0.00244140625
mask_155.h5,72,118,27,16167,0.37894736842105264,0.7272727272727273,0.4982698961937716,0.3317972350230415,0.00604248046875,0.0115966796875,45,57,54,16228,0.4411764705882353,0.45454545454545453,0.44776119402985076,0.28846153846153844,0.00604248046875,0.0062255859375,-0.05050870216392084,0.06222910216718264,-0.27272727272727276,-0.043335696561503045,-61,27,-0.00537109375
mask_156.h5,31,120,9,16224,0.2052980132450331,0.775,0.32460732984293195,0.19375,0.00244140625,0.00921630859375,27,36,13,16308,0.42857142857142855,0.675,0.5242718446601942,0.35526315789473684,0.00244140625,0.00384521484375,0.19966451481726222,0.22327341532639544,-0.09999999999999998,0.16151315789473683,-84,4,-0.00537109375
mask_157.h5,0,169,0,16215,0.0,,0.0,0.0,0.0,0.01031494140625,0,127,0,16257,0.0,,0.0,0.0,0.0,0.00775146484375,0.0,0.0,,0.0,-42,0,-0.0025634765625
mask_158.h5,0,0,167,16217,,0.0,0.0,0.0,0.01019287109375,0.0,0,0,167,16217,,0.0,0.0,0.0,0.01019287109375,0.0,0.0,,0.0,0.0,0,0,0.0
mask_159.h5,189,56,118,16021,0.7714285714285715,0.6156351791530945,0.6847826086956522,0.5206611570247934,0.01873779296875,0.01495361328125,184,103,123,15974,0.6411149825783972,0.5993485342019544,0.6195286195286195,0.44878048780487806,0.01873779296875,0.01751708984375,-0.06525398916703273,-0.1303135888501743,-0.016286644951140072,-0.07188066921991537,47,5,0.0025634765625
mask_160.h5,0,0,23,16361,,0.0,0.0,0.0,0.00140380859375,0.0,0,0,23,16361,,0.0,0.0,0.0,0.00140380859375,0.0,0.0,,0.0,0.0,0,0,0.0
mask_161.h5,105,105,87,16087,0.5,0.546875,0.5223880597014925,0.35353535353535354,0.01171875,0.0128173828125,101,57,91,16135,0.6392405063291139,0.5260416666666666,0.5771428571428572,0.40562248995983935,0.01171875,0.0096435546875,0.05475479744136469,0.1392405063291139,-0.02083333333333337,0.052087136424485814,-48,4,-0.003173828125
mask_162.h5,0,476,0,15908,0.0,,0.0,0.0,0.0,0.029052734375,0,310,0,16074,0.0,,0.0,0.0,0.0,0.0189208984375,0.0,0.0,,0.0,-166,0,-0.0101318359375
mask_163.h5,29,52,15,16288,0.35802469135802467,0.6590909090909091,0.464,0.3020833333333333,0.002685546875,0.00494384765625,27,37,17,16303,0.421875,0.6136363636363636,0.5,0.3333333333333333,0.002685546875,0.00390625,0.035999999999999976,0.06385030864197533,-0.045454545454545414,0.03125,-15,2,-0.00103759765625
mask_164.h5,0,30,0,16354,0.0,,0.0,0.0,0.0,0.0018310546875,0,39,0,16345,0.0,,0.0,0.0,0.0,0.00238037109375,0.0,0.0,,0.0,9,0,0.00054931640625
mask_165.h5,100,63,119,16102,0.6134969325153374,0.45662100456621,0.5235602094240838,0.3546099290780142,0.01336669921875,0.00994873046875,70,6,149,16159,0.9210526315789473,0.319634703196347,0.4745762711864407,0.3111111111111111,0.01336669921875,0.004638671875,-0.048983938237643077,0.3075556990636099,-0.136986301369863,-0.04349881796690308,-57,30,-0.00531005859375
mask_166.h5,0,166,0,16218,0.0,,0.0,0.0,0.0,0.0101318359375,0,41,0,16343,0.0,,0.0,0.0,0.0,0.00250244140625,0.0,0.0,,0.0,-125,0,-0.00762939453125
mask_167.h5,2270,218,99,13797,0.912379421221865,0.9582102152807092,0.934733374511015,0.8774642442984152,0.14459228515625,0.15185546875,2252,196,117,13819,0.9199346405228758,0.9506120726044744,0.9350217977994603,0.877972709551657,0.14459228515625,0.1494140625,0.0002884232884452498,0.007555219301010774,-0.007598142676234709,0.0005084652532417744,-22,18,-0.00244140625
mask_168.h5,0,125,0,16259,0.0,,0.0,0.0,0.0,0.00762939453125,0,0,0,16384,,,,,0.0,0.0,,,,,-125,0,-0.00762939453125
mask_169.h5,307,65,20,15992,0.8252688172043011,0.9388379204892966,0.8783977110157367,0.7831632653061225,0.01995849609375,0.022705078125,290,45,37,16012,0.8656716417910447,0.8868501529051988,0.8761329305135952,0.7795698924731183,0.01995849609375,0.02044677734375,-0.002264780502141517,0.0404028245867436,-0.051987767584097844,-0.0035933728330042047,-20,17,-0.00225830078125
mask_170.h5,0,0,0,16384,,,,,0.0,0.0,0,0,0,16384,,,,,0.0,0.0,,,,,0,0,0.0
mask_171.h5,0,144,0,16240,0.0,,0.0,0.0,0.0,0.0087890625,0,59,0,16325,0.0,,0.0,0.0,0.0,0.00360107421875,0.0,0.0,,0.0,-85,0,-0.00518798828125
mask_172.h5,289,221,29,15845,0.5666666666666667,0.9088050314465409,0.6980676328502415,0.536178107606679,0.0194091796875,0.0311279296875,257,118,61,15948,0.6853333333333333,0.8081761006289309,0.7417027417027418,0.5894495412844036,0.0194091796875,0.02288818359375,0.043635108852500215,0.1186666666666667,-0.10062893081761004,0.05327143367772458,-103,32,-0.00823974609375
mask_173.h5,0,4,0,16380,0.0,,0.0,0.0,0.0,0.000244140625,0,0,0,16384,,,,,0.0,0.0,,,,,-4,0,-0.000244140625
mask_174.h5,7,5,4,16368,0.5833333333333334,0.6363636363636364,0.6086956521739131,0.4375,0.00067138671875,0.000732421875,3,0,8,16373,1.0,0.2727272727272727,0.42857142857142855,0.2727272727272727,0.00067138671875,0.00018310546875,-0.18012422360248453,0.41666666666666663,-0.36363636363636365,-0.1647727272727273,-5,4,-0.00054931640625
mask_175.h5,8,386,2,15988,0.02030456852791878,0.8,0.039603960396039604,0.020202020202020204,0.0006103515625,0.0240478515625,6,273,4,16101,0.021505376344086023,0.6,0.04152249134948097,0.02120141342756184,0.0006103515625,0.01702880859375,0.0019185309534413622,0.001200807816167243,-0.20000000000000007,0.0009993932255416352,-113,2,-0.00701904296875
mask_176.h5,0,169,0,16215,0.0,,0.0,0.0,0.0,0.01031494140625,0,12,0,16372,0.0,,0.0,0.0,0.0,0.000732421875,0.0,0.0,,0.0,-157,0,-0.00958251953125
mask_177.h5,192,288,73,15831,0.4,0.7245283018867924,0.5154362416107383,0.3471971066907776,0.01617431640625,0.029296875,117,178,148,15941,0.39661016949152544,0.44150943396226416,0.41785714285714287,0.26410835214446954,0.01617431640625,0.01800537109375,-0.09757909875359544,-0.0033898305084745783,-0.28301886792452824,-0.08308875454630804,-110,75,-0.01129150390625
mask_178.h5,795,362,166,15061,0.6871218668971478,0.8272632674297606,0.7507082152974505,0.6009070294784581,0.05865478515625,0.07061767578125,705,182,256,15241,0.7948139797068771,0.7336108220603538,0.762987012987013,0.6167979002624672,0.05865478515625,0.05413818359375,0.012278797689562526,0.10769211280972923,-0.09365244536940687,0.01589087078400908,-180,90,-0.0164794921875
mask_179.h5,152,183,27,16022,0.4537313432835821,0.8491620111731844,0.5914396887159533,0.4198895027624309,0.01092529296875,0.02044677734375,120,100,59,16105,0.5454545454545454,0.6703910614525139,0.6015037593984962,0.43010752688172044,0.01092529296875,0.013427734375,0.010064070682542892,0.0917232021709633,-0.17877094972067042,0.010218024119289515,-83,32,-0.00701904296875
mask_180.h5,46,43,31,16264,0.5168539325842697,0.5974025974025974,0.5542168674698795,0.38333333333333336,0.00469970703125,0.00543212890625,38,14,39,16293,0.7307692307692307,0.4935064935064935,0.5891472868217055,0.4175824175824176,0.00469970703125,0.003173828125,0.03493041935182595,0.21391529818496102,-0.10389610389610388,0.03424908424908424,-29,8,-0.00225830078125
mask_181.h5,271,100,161,15852,0.7304582210242587,0.6273148148148148,0.6749688667496887,0.5093984962406015,0.0263671875,0.02264404296875,294,116,138,15836,0.7170731707317073,0.6805555555555556,0.6983372921615202,0.5364963503649635,0.0263671875,0.0250244140625,0.023368425411831484,-0.013385050292551437,0.05324074074074081,0.027097854124361942,16,-23,0.00238037109375
mask_182.h5,0,649,0,15735,0.0,,0.0,0.0,0.0,0.03961181640625,0,115,0,16269,0.0,,0.0,0.0,0.0,0.00701904296875,0.0,0.0,,0.0,-534,0,-0.0325927734375
mask_183.h5,0,157,0,16227,0.0,,0.0,0.0,0.0,0.00958251953125,0,104,0,16280,0.0,,0.0,0.0,0.0,0.00634765625,0.0,0.0,,0.0,-53,0,-0.00323486328125
mask_184.h5,0,47,0,16337,0.0,,0.0,0.0,0.0,0.00286865234375,0,36,0,16348,0.0,,0.0,0.0,0.0,0.002197265625,0.0,0.0,,0.0,-11,0,-0.00067138671875
mask_185.h5,235,278,14,15857,0.4580896686159844,0.9437751004016064,0.6167979002624672,0.4459203036053131,0.01519775390625,0.03131103515625,214,202,35,15933,0.5144230769230769,0.8594377510040161,0.643609022556391,0.4745011086474501,0.01519775390625,0.025390625,0.026811122293923795,0.05633340830709249,-0.0843373493975903,0.028580805042137003,-76,21,-0.00592041015625
mask_186.h5,8,70,0,16306,0.10256410256410256,1.0,0.18604651162790697,0.10256410256410256,0.00048828125,0.0047607421875,8,87,0,16289,0.08421052631578947,1.0,0.1553398058252427,0.08421052631578947,0.00048828125,0.00579833984375,-0.03070670580266427,-0.01835357624831309,0.0,-0.01835357624831309,17,0,0.00103759765625
mask_187.h5,253,310,19,15802,0.4493783303730018,0.9301470588235294,0.6059880239520958,0.43470790378006874,0.0166015625,0.03436279296875,239,287,33,15825,0.4543726235741445,0.8786764705882353,0.5989974937343359,0.4275491949910555,0.0166015625,0.0321044921875,-0.0069905302177599715,0.004994293201142697,-0.05147058823529416,-0.007158708789013257,-23,14,-0.00225830078125
mask_188.h5,86,594,24,15680,0.1264705882352941,0.7818181818181819,0.21772151898734177,0.12215909090909091,0.0067138671875,0.04150390625,107,524,3,15750,0.16957210776545167,0.9727272727272728,0.28879892037786775,0.16876971608832808,0.0067138671875,0.03851318359375,0.07107740139052598,0.04310151953015756,0.19090909090909092,0.04661062517923717,-70,-21,-0.00299072265625
mask_189.h5,889,153,323,15019,0.8531669865642995,0.7334983498349835,0.7888198757763976,0.6512820512820513,0.073974609375,0.0635986328125,792,131,420,15041,0.8580715059588299,0.6534653465346535,0.7419203747072599,0.5897244973938943,0.073974609375,0.05633544921875,-0.04689950106913765,0.004904519394530404,-0.08003300330033003,-0.06155755388815698,-22,97,-0.00726318359375
mask_190.h5,0,0,78,16306,,0.0,0.0,0.0,0.0047607421875,0.0,0,0,78,16306,,0.0,0.0,0.0,0.0047607421875,0.0,0.0,,0.0,0.0,0,0,0.0
mask_191.h5,0,1,0,16383,0.0,,0.0,0.0,0.0,6.103515625e-05,0,0,0,16384,,,,,0.0,0.0,,,,,-1,0,-6.103515625e-05
mask_192.h5,0,0,0,16384,,,,,0.0,0.0,0,0,0,16384,,,,,0.0,0.0,,,,,0,0,0.0
mask_193.h5,0,0,0,16384,,,,,0.0,0.0,0,0,0,16384,,,,,0.0,0.0,,,,,0,0,0.0
mask_194.h5,0,2,0,16382,0.0,,0.0,0.0,0.0,0.0001220703125,0,250,0,16134,0.0,,0.0,0.0,0.0,0.0152587890625,0.0,0.0,,0.0,248,0,0.01513671875
mask_195.h5,0,7,0,16377,0.0,,0.0,0.0,0.0,0.00042724609375,0,0,0,16384,,,,,0.0,0.0,,,,,-7,0,-0.00042724609375
mask_196.h5,117,56,69,16142,0.6763005780346821,0.6290322580645161,0.6518105849582173,0.4834710743801653,0.0113525390625,0.01055908203125,91,30,95,16168,0.7520661157024794,0.489247311827957,0.5928338762214984,0.4212962962962963,0.0113525390625,0.00738525390625,-0.0589767087367189,0.07576553766779726,-0.13978494623655913,-0.06217477808386901,-26,26,-0.003173828125
mask_197.h5,51,20,290,16023,0.7183098591549296,0.1495601173020528,0.24757281553398058,0.14127423822714683,0.02081298828125,0.00433349609375,225,33,116,16010,0.872093023255814,0.6598240469208211,0.7512520868113522,0.6016042780748663,0.02081298828125,0.0157470703125,0.5036792712773717,0.15378316410088433,0.5102639296187683,0.4603300398477195,13,-174,0.01141357421875
mask_198.h5,0,743,0,15641,0.0,,0.0,0.0,0.0,0.04534912109375,0,11,0,16373,0.0,,0.0,0.0,0.0,0.00067138671875,0.0,0.0,,0.0,-732,0,-0.044677734375
mask_199.h5,150,493,11,15730,0.2332814930015552,0.9316770186335404,0.373134328358209,0.22935779816513763,0.00982666015625,0.03924560546875,138,338,23,15885,0.28991596638655465,0.8571428571428571,0.43328100470957615,0.27655310621242485,0.00982666015625,0.029052734375,0.06014667635136717,0.05663447338499944,-0.07453416149068326,0.04719530804728722,-155,12,-0.01019287109375
mask_200.h5,7,17,5,16355,0.2916666666666667,0.5833333333333334,0.3888888888888889,0.2413793103448276,0.000732421875,0.00146484375,11,77,1,16295,0.125,0.9166666666666666,0.22,0.12359550561797752,0.000732421875,0.00537109375,-0.1688888888888889,-0.16666666666666669,0.33333333333333326,-0.11778380472685007,60,-4,0.00390625
mask_201.h5,153,370,81,15780,0.2925430210325048,0.6538461538461539,0.404227212681638,0.2533112582781457,0.0142822265625,0.03192138671875,91,258,143,15892,0.2607449856733524,0.3888888888888889,0.31217838765008576,0.18495934959349594,0.0142822265625,0.02130126953125,-0.09204882503155226,-0.03179803535915238,-0.26495726495726496,-0.06835190868464977,-112,62,-0.0106201171875
mask_202.h5,0,144,0,16240,0.0,,0.0,0.0,0.0,0.0087890625,0,95,0,16289,0.0,,0.0,0.0,0.0,0.00579833984375,0.0,0.0,,0.0,-49,0,-0.00299072265625
mask_203.h5,0,0,0,16384,,,,,0.0,0.0,0,0,0,16384,,,,,0.0,0.0,,,,,0,0,0.0
mask_204.h5,0,9,17,16358,0.0,0.0,0.0,0.0,0.00103759765625,0.00054931640625,0,7,17,16360,0.0,0.0,0.0,0.0,0.00103759765625,0.00042724609375,0.0,0.0,0.0,0.0,-2,0,-0.0001220703125
mask_205.h5,512,64,251,15557,0.8888888888888888,0.6710353866317169,0.7647498132935027,0.619105199516324,0.04656982421875,0.03515625,584,61,179,15560,0.9054263565891473,0.765399737876802,0.8295454545454546,0.7087378640776699,0.04656982421875,0.03936767578125,0.06479564125195192,0.016537467700258435,0.09436435124508513,0.08963266456134589,-3,-72,0.00421142578125
mask_206.h5,0,0,0,16384,,,,,0.0,0.0,0,0,0,16384,,,,,0.0,0.0,,,,,0,0,0.0
mask_207.h5,0,7,0,16377,0.0,,0.0,0.0,0.0,0.00042724609375,0,249,0,16135,0.0,,0.0,0.0,0.0,0.01519775390625,0.0,0.0,,0.0,242,0,0.0147705078125
mask_208.h5,0,1223,0,15161,0.0,,0.0,0.0,0.0,0.07464599609375,0,1068,0,15316,0.0,,0.0,0.0,0.0,0.065185546875,0.0,0.0,,0.0,-155,0,-0.00946044921875
mask_209.h5,0,0,0,16384,,,,,0.0,0.0,0,0,0,16384,,,,,0.0,0.0,,,,,0,0,0.0
mask_210.h5,306,137,37,15904,0.690744920993228,0.892128279883382,0.7786259541984732,0.6375,0.02093505859375,0.02703857421875,224,42,119,15999,0.8421052631578947,0.6530612244897959,0.735632183908046,0.5818181818181818,0.02093505859375,0.0162353515625,-0.04299377029042728,0.15136034216466665,-0.23906705539358608,-0.055681818181818166,-95,82,-0.01080322265625
mask_211.h5,0,0,0,16384,,,,,0.0,0.0,0,0,0,16384,,,,,0.0,0.0,,,,,0,0,0.0
mask_212.h5,92,153,27,16112,0.37551020408163266,0.773109243697479,0.5054945054945055,0.3382352941176471,0.00726318359375,0.01495361328125,76,123,43,16142,0.38190954773869346,0.6386554621848739,0.4779874213836478,0.3140495867768595,0.00726318359375,0.01214599609375,-0.02750708411085767,0.0063993436570607964,-0.13445378151260512,-0.024185707340787566,-30,16,-0.0028076171875
mask_213.h5,0,33,0,16351,0.0,,0.0,0.0,0.0,0.00201416015625,0,8,0,16376,0.0,,0.0,0.0,0.0,0.00048828125,0.0,0.0,,0.0,-25,0,-0.00152587890625
mask_214.h5,556,143,153,15532,0.7954220314735336,0.7842031029619182,0.7897727272727273,0.6525821596244131,0.04327392578125,0.04266357421875,477,101,232,15574,0.8252595155709342,0.6727785613540197,0.7412587412587412,0.5888888888888889,0.04327392578125,0.0352783203125,-0.048513986013986043,0.029837484097400613,-0.1114245416078985,-0.06369327073552422,-42,79,-0.00738525390625
mask_215.h5,0,465,0,15919,0.0,,0.0,0.0,0.0,0.02838134765625,0,51,0,16333,0.0,,0.0,0.0,0.0,0.00311279296875,0.0,0.0,,0.0,-414,0,-0.0252685546875
mask_216.h5,0,232,0,16152,0.0,,0.0,0.0,0.0,0.01416015625,0,275,0,16109,0.0,,0.0,0.0,0.0,0.01678466796875,0.0,0.0,,0.0,43,0,0.00262451171875
mask_217.h5,233,134,151,15866,0.6348773841961853,0.6067708333333334,0.6205059920106525,0.4498069498069498,0.0234375,0.02239990234375,204,55,180,15945,0.7876447876447876,0.53125,0.6345256609642301,0.4646924829157175,0.0234375,0.01580810546875,0.014019668953577646,0.1527674034486023,-0.07552083333333337,0.014885533108767723,-79,29,-0.006591796875
mask_218.h5,79,57,18,16230,0.5808823529411765,0.8144329896907216,0.6781115879828327,0.512987012987013,0.00592041015625,0.00830078125,71,20,26,16267,0.7802197802197802,0.7319587628865979,0.7553191489361702,0.6068376068376068,0.00592041015625,0.00555419921875,0.07720756095333758,0.1993374272786037,-0.08247422680412375,0.0938505938505938,-37,8,-0.00274658203125
mask_219.h5,40,30,19,16295,0.5714285714285714,0.6779661016949152,0.6201550387596899,0.449438202247191,0.00360107421875,0.0042724609375,10,14,49,16311,0.4166666666666667,0.1694915254237288,0.24096385542168675,0.136986301369863,0.00360107421875,0.00146484375,-0.37919118333800317,-0.1547619047619047,-0.5084745762711864,-0.312451900877328,-16,30,-0.0028076171875
mask_220.h5,0,856,0,15528,0.0,,0.0,0.0,0.0,0.05224609375,0,479,0,15905,0.0,,0.0,0.0,0.0,0.02923583984375,0.0,0.0,,0.0,-377,0,-0.02301025390625
mask_221.h5,0,15,0,16369,0.0,,0.0,0.0,0.0,0.00091552734375,0,0,0,16384,,,,,0.0,0.0,,,,,-15,0,-0.00091552734375
mask_222.h5,0,391,0,15993,0.0,,0.0,0.0,0.0,0.02386474609375,0,203,0,16181,0.0,,0.0,0.0,0.0,0.01239013671875,0.0,0.0,,0.0,-188,0,-0.011474609375
mask_223.h5,1861,406,131,13986,0.8209086898985444,0.9342369477911646,0.8739140643343508,0.7760633861551293,0.12158203125,0.13836669921875,1697,351,295,14041,0.82861328125,0.8519076305220884,0.8400990099009901,0.7242851045667947,0.12158203125,0.125,-0.03381505443336075,0.007704591351455625,-0.08232931726907622,-0.05177828158833453,-55,164,-0.01336669921875
mask_224.h5,329,372,41,15642,0.4693295292439372,0.8891891891891892,0.6143790849673203,0.44339622641509435,0.0225830078125,0.04278564453125,291,208,79,15806,0.5831663326653307,0.7864864864864864,0.669735327963176,0.5034602076124568,0.0225830078125,0.03045654296875,0.05535624299585573,0.11383680342139346,-0.10270270270270276,0.06006398119736245,-164,38,-0.0123291015625
mask_225.h5,0,0,544,15840,,0.0,0.0,0.0,0.033203125,0.0,157,104,387,15736,0.6015325670498084,0.28860294117647056,0.39006211180124223,0.24228395061728394,0.033203125,0.01593017578125,0.39006211180124223,,0.28860294117647056,0.24228395061728394,104,-157,0.01593017578125
mask_226.h5,0,273,0,16111,0.0,,0.0,0.0,0.0,0.01666259765625,0,180,0,16204,0.0,,0.0,0.0,0.0,0.010986328125,0.0,0.0,,0.0,-93,0,-0.00567626953125
mask_227.h5,0,5,0,16379,0.0,,0.0,0.0,0.0,0.00030517578125,0,2,0,16382,0.0,,0.0,0.0,0.0,0.0001220703125,0.0,0.0,,0.0,-3,0,-0.00018310546875
mask_228.h5,0,0,0,16384,,,,,0.0,0.0,0,0,0,16384,,,,,0.0,0.0,,,,,0,0,0.0
mask_229.h5,583,707,61,15033,0.45193798449612405,0.90527950310559,0.6028955532574974,0.43153219837157664,0.039306640625,0.0787353515625,545,1451,99,14289,0.27304609218436876,0.8462732919254659,0.4128787878787879,0.26014319809069214,0.039306640625,0.121826171875,-0.19001676537870954,-0.17889189231175529,-0.05900621118012417,-0.1713890002808845,744,38,0.0430908203125
mask_230.h5,1,37,18,16328,0.02631578947368421,0.05263157894736842,0.03508771929824561,0.017857142857142856,0.00115966796875,0.0023193359375,0,10,19,16355,0.0,0.0,0.0,0.0,0.00115966796875,0.0006103515625,-0.03508771929824561,-0.02631578947368421,-0.05263157894736842,-0.017857142857142856,-27,1,-0.001708984375
mask_231.h5,38,18,9,16319,0.6785714285714286,0.8085106382978723,0.7378640776699029,0.5846153846153846,0.00286865234375,0.00341796875,29,10,18,16327,0.7435897435897436,0.6170212765957447,0.6744186046511628,0.5087719298245614,0.00286865234375,0.00238037109375,-0.06344547301874015,0.06501831501831501,-0.1914893617021276,-0.07584345479082322,-8,9,-0.00103759765625
mask_232.h5,251,76,14,16043,0.7675840978593272,0.9471698113207547,0.847972972972973,0.7360703812316716,0.01617431640625,0.01995849609375,246,45,19,16074,0.845360824742268,0.9283018867924528,0.8848920863309353,0.7935483870967742,0.01617431640625,0.01776123046875,0.036919113357962274,0.0777767268829408,-0.018867924528301883,0.057478005865102655,-31,5,-0.002197265625
mask_233.h5,222,301,37,15824,0.42447418738049714,0.8571428571428571,0.5677749360613811,0.3964285714285714,0.01580810546875,0.03192138671875,225,271,34,15854,0.4536290322580645,0.8687258687258688,0.5960264900662252,0.42452830188679247,0.01580810546875,0.0302734375,0.028251554004844137,0.029154844877567365,0.011583011583011671,0.02809973045822106,-30,-3,-0.00164794921875
mask_234.h5,15,16,24,16329,0.4838709677419355,0.38461538461538464,0.42857142857142855,0.2727272727272727,0.00238037109375,0.00189208984375,0,17,39,16328,0.0,0.0,0.0,0.0,0.00238037109375,0.00103759765625,-0.42857142857142855,-0.4838709677419355,-0.38461538461538464,-0.2727272727272727,1,15,-0.0008544921875
mask_235.h5,164,73,45,16102,0.6919831223628692,0.784688995215311,0.7354260089686099,0.5815602836879432,0.01275634765625,0.01446533203125,139,33,70,16142,0.8081395348837209,0.6650717703349283,0.7296587926509186,0.5743801652892562,0.01275634765625,0.010498046875,-0.005767216317691282,0.11615641252085174,-0.11961722488038273,-0.007180118398687041,-40,25,-0.00396728515625
mask_236.h5,101,398,39,15846,0.20240480961923848,0.7214285714285714,0.3161189358372457,0.18773234200743494,0.008544921875,0.03045654296875,98,307,42,15937,0.2419753086419753,0.7,0.3596330275229358,0.21923937360178972,0.008544921875,0.02471923828125,0.04351409168569009,0.03957049902273682,-0.021428571428571463,0.03150703159435478,-91,3,-0.0057373046875
mask_237.h5,0,1392,0,14992,0.0,,0.0,0.0,0.0,0.0849609375,0,216,0,16168,0.0,,0.0,0.0,0.0,0.01318359375,0.0,0.0,,0.0,-1176,0,-0.07177734375
mask_238.h5,0,0,0,16384,,,,,0.0,0.0,0,0,0,16384,,,,,0.0,0.0,,,,,0,0,0.0
mask_239.h5,428,275,24,15657,0.6088193456614509,0.9469026548672567,0.7411255411255411,0.5887207702888583,0.027587890625,0.04290771484375,394,193,58,15739,0.6712095400340715,0.8716814159292036,0.7584215591915303,0.6108527131782946,0.027587890625,0.03582763671875,0.017296018065989238,0.06239019437262061,-0.0752212389380531,0.022131942889436318,-82,34,-0.007080078125
mask_240.h5,26,18,2,16338,0.5909090909090909,0.9285714285714286,0.7222222222222222,0.5652173913043478,0.001708984375,0.002685546875,21,14,7,16342,0.6,0.75,0.6666666666666666,0.5,0.001708984375,0.00213623046875,-0.05555555555555558,0.009090909090909038,-0.1785714285714286,-0.06521739130434778,-4,5,-0.00054931640625
mask_241.h5,387,1225,17,14755,0.2400744416873449,0.9579207920792079,0.38392857142857145,0.23756906077348067,0.024658203125,0.098388671875,288,421,116,15559,0.40620592383638926,0.7128712871287128,0.5175202156334232,0.3490909090909091,0.024658203125,0.04327392578125,0.13359164420485176,0.16613148214904436,-0.24504950495049505,0.11152184831742845,-804,99,-0.05511474609375
mask_242.h5,76,190,11,16107,0.2857142857142857,0.8735632183908046,0.43059490084985835,0.2743682310469314,0.00531005859375,0.0162353515625,73,134,14,16163,0.3526570048309179,0.8390804597701149,0.4965986394557823,0.33031674208144796,0.00531005859375,0.01263427734375,0.06600373860592396,0.06694271911663219,-0.034482758620689724,0.055948511034516535,-56,3,-0.00360107421875
mask_243.h5,78,373,44,15889,0.1729490022172949,0.639344262295082,0.27225130890052357,0.15757575757575756,0.0074462890625,0.02752685546875,76,440,46,15822,0.14728682170542637,0.6229508196721312,0.23824451410658307,0.13523131672597866,0.0074462890625,0.031494140625,-0.034006794793940504,-0.025662180511868526,-0.016393442622950838,-0.022344440849778907,67,2,0.00396728515625
mask_244.h5,358,255,50,15721,0.5840130505709625,0.8774509803921569,0.7012732615083251,0.5399698340874811,0.02490234375,0.03741455078125,310,183,98,15793,0.6288032454361054,0.7598039215686274,0.6881243063263041,0.5245346869712352,0.02490234375,0.03009033203125,-0.013148955182021083,0.04479019486514291,-0.11764705882352944,-0.01543514711624594,-72,48,-0.00732421875
mask_245.h5,96,303,27,15958,0.24060150375939848,0.7804878048780488,0.367816091954023,0.22535211267605634,0.00750732421875,0.02435302734375,96,419,27,15842,0.18640776699029127,0.7804878048780488,0.30094043887147337,0.17712177121771217,0.00750732421875,0.03143310546875,-0.06687565308254961,-0.054193736769107215,0.0,-0.04823034145834418,116,0,0.007080078125
