epoch,train_loss,validation_loss,validation_dice,validation_iou,validation_precision,validation_recall,validation_specificity,validation_gt_positive_fraction,validation_predicted_positive_fraction,lr_sam_adapter,lr_task,elapsed_hours
1,4.261733526881737,4.066241088272077,0.06460954344139001,0.033383208655619105,0.22046415199127625,0.03785112436293626,0.9777397231886505,0.14260496060321093,0.024483609012214157,3.3333333333333335e-05,9.999999999999999e-05,0.1626187382804023
2,4.176758474277545,4.0277124794511545,0.20102474478588947,0.11174402994329341,0.2821067695835217,0.15614590052132377,0.9339107834825595,0.14260496060321093,0.07893174639187009,6.666666666666667e-05,0.00019999999999999998,0.32039466824796464
3,4.037594278432146,3.9570784764123954,0.39316167958064435,0.24468029831279867,0.38619027354059904,0.40038940462979117,0.8941554070012876,0.14260496060321093,0.14784814425724258,0.0001,0.0003,0.4779695154560937
4,3.825599685741376,3.966671763579586,0.14645054957698492,0.07901086725447877,0.48130182504467245,0.08636482143601273,0.9845194011325762,0.14260496060321093,0.02558904063420665,9.982167568285506e-05,0.00029946502704856516,0.8337929672665066
5,3.5874676665776892,4.05568488442269,0.42336795082210926,0.268526794849101,0.3903079164918638,0.46254679466525506,0.8798254406901518,0.14260496060321093,0.16899853844433924,9.928798756221157e-05,0.00029786396268663466,0.9911296391487121
6,3.33829632636867,4.149155291911595,0.2299600826270295,0.12991802070109693,0.46361126212220577,0.15290094199989407,0.9705768272985562,0.14260496060321093,0.04703171512762171,9.84027808732082e-05,0.00029520834261962455,1.1484618583652708
7,3.142106664799437,4.164610621938534,0.38899846895718987,0.24146374876837579,0.37592366773747865,0.40301553811658386,0.8887209267139121,0.14260496060321093,0.1528821403597608,9.717243355032368e-05,0.00029151730065097095,1.3050588022338019
8,2.9722668680963635,4.2662046693671,0.38516959418881974,0.23852015221086753,0.36899829039219334,0.4028232736336702,0.8854290793631263,0.14260496060321093,0.15567713607976466,9.560581027421272e-05,0.0002868174308226381,1.4621522882911895
9,2.783244644727888,5.023870929671132,0.3949251289826473,0.24604779260691428,0.3841930076791518,0.40627406683574574,0.8916901567256736,0.14260496060321093,0.15080101963646886,9.371419860147881e-05,0.0002811425958044364,1.6190793787108528
10,2.647399834319006,4.378061190816155,0.32698146417202245,0.19544401760629582,0.42934020498974895,0.26403341583132894,0.9416301902877041,0.14260496060321093,0.08769846016041491,9.15112276375702e-05,0.0002745336829127106,1.7756771912177405
11,2.5581814864315566,4.712346985300649,0.21325082807909848,0.11935129531910538,0.5159916953562325,0.1343975570761916,0.979032090058814,0.14260496060321093,0.03714354030210964,8.901276983876276e-05,0.00026703830951628824,1.932953280740314
12,1.9712463277276557,5.624525394673249,0.306880752500377,0.181251706253753,0.5195726223133081,0.21774487091559566,0.9665124720104191,0.14260496060321093,0.05976353911839752,8.623682665074896e-05,0.00025871047995224683,2.0897822469472884
13,1.3374184219048748,5.56269856260548,0.2862241678514015,0.1670137730280371,0.43161078846009526,0.21410397485502405,0.9531044179021064,0.14260496060321093,0.07074032835955037,8.320339880780902e-05,0.00024961019642342705,2.247327368987931
14,0.8309051133885602,7.083922565986813,0.0008726371974261881,0.0004365090557326169,0.42384337489803053,0.00043676822258390734,0.9999012493731961,0.14260496060321093,0.00014695361273323512,7.99343422270622e-05,0.00023980302668118655,2.403776306973563
15,0.720641506890283,5.8503047848657594,0.18270607420357052,0.10053743734574996,0.5408440018293915,0.10991932217222598,0.9844791338866951,0.14260496060321093,0.02898255422059133,7.645321053608297e-05,0.0002293596316082489,2.560267275571823
16,0.6294271111226629,5.6747168132033945,0.2934360349252198,0.17194552383060643,0.4926458596186822,0.2089453782728645,0.9642099085987448,0.14260496060321093,0.06048289426381874,7.278508536847482e-05,0.00021835525610542446,2.7171175995137955
17,0.5433738607655079,6.369850169032641,0.3032630941149213,0.17873312772478916,0.4629355777822047,0.2254890104815967,0.956490421898271,0.14260496060321093,0.06946074788685466,6.895639565012529e-05,0.00020686918695037582,2.873627356754409
18,0.46135820446058495,5.62666915995973,0.2946157485707879,0.17275622682916336,0.43474918077655633,0.22280018988669606,0.9518194613237198,0.14260496060321093,0.07308216715768799,6.499472717818924e-05,0.0001949841815345677,3.029961905148294
19,0.39566303788589996,6.232464677356309,0.24292081633458118,0.13825262890419507,0.47923651560312336,0.16269466178443778,0.9705952431719205,0.14260496060321093,0.04841255847318673,6.092862386478846e-05,0.00018278587159436535,3.18653100391229
20,0.3507649823647181,5.839980005348304,0.29554488658892664,0.17339552345116427,0.4275018839787358,0.22583607129085365,0.9496982603091689,0.14260496060321093,0.07533380613316323,5.6787382077470496e-05,0.00017036214623241145,3.343041034473313
21,0.3032479199032959,6.536096702353856,0.2577864786895188,0.1479649167776023,0.514999760775103,0.17192143552036485,0.9730710995524763,0.14260496060321093,0.04760555519934589,5.260083955820935e-05,0.00015780251867462803,3.4996511863999897
22,0.26397045520555723,6.615988134936451,0.2760399306121321,0.16011967766176077,0.479635943180028,0.1937829039766804,0.9650324909336279,0.14260496060321093,0.05761537220074004,4.8399160441790674e-05,0.00014519748132537201,3.6562810665369034
23,0.24287072824501385,6.338230864099915,0.14015538170542563,0.07535865110814699,0.5424603907016504,0.08047367435680565,0.9887106701510351,0.14260496060321093,0.021155360571864477,4.4212617922529506e-05,0.00013263785376758848,3.813003960582945
24,0.22073614379398443,6.799933181634522,0.2740125520957446,0.15875697846381134,0.49392430225911904,0.18959739865313985,0.9676896897374749,0.14260496060321093,0.05474022930586244,4.007137613521156e-05,0.00012021412840563467,3.9697514473729663
25,0.19178404832537332,5.785774010868051,0.2494905632044042,0.14252454626072192,0.47563195979994555,0.16909403078225224,0.9689939010901818,0.14260496060321093,0.05069812299426557,3.600527282181076e-05,0.00010801581846543226,4.126299630668428
26,0.16831815114944784,6.743894001851579,0.27965691025807626,0.16255880116333588,0.48773906199670963,0.19602679021230873,0.9657569218566756,0.14260496060321093,0.05731423802916316,3.204360434987473e-05,9.613081304962417e-05,4.282920028633542
27,0.15028901221637342,6.80170782157936,0.3414784827070834,0.2058933086767869,0.43693706513146835,0.2802513632944885,0.9399325144128677,0.14260496060321093,0.09146679879305204,2.8214914631525168e-05,8.46447438945755e-05,4.4396246520015925
28,0.14012889162196684,7.174302966573289,0.22099564690357568,0.12422434296966413,0.47737676810972995,0.14377792623600782,0.9738197787079148,0.14260496060321093,0.042950237372641344,2.4546789463917038e-05,7.364036839175111e-05,4.596011949049102
29,0.12261338416887065,6.677218230083735,0.2929913650306736,0.17164023604130066,0.45463161250265854,0.2161434674929516,0.9568752976725192,0.14260496060321093,0.06779803651751894,2.106565777293781e-05,6.319697331881343e-05,4.752469382418527
30,0.11081196110913695,6.97781993958819,0.29545710955302645,0.17333509834742275,0.4785348367543961,0.21369987117919373,0.9612680227633777,0.14260496060321093,0.06368326685912949,1.7796601192190977e-05,5.338980357657293e-05,4.909018639127414
31,0.1001129782550653,7.565445647747429,0.33185148612780196,0.1989340177856767,0.4310837839072289,0.2697557160254788,0.9407878338588616,0.14260496060321093,0.08923672077765503,1.4763173349251041e-05,4.428952004775312e-05,5.06562978360388
32,0.0901181670282879,6.720443048461117,0.32467592504629217,0.19379887742332091,0.4304837236999203,0.26061888988336956,0.9426532300033725,0.14260496060321093,0.08633438264480744,1.1987230161237255e-05,3.596169048371176e-05,5.222389581667052
33,0.08221845954475347,6.197107440962401,0.3134474104535659,0.18585095560990572,0.41660994524075706,0.2512355184674179,0.9414854199513217,0.14260496060321093,0.08599754187929644,9.488772362429816e-06,2.8466317087289448e-05,5.379201318886545
34,0.0763195620966365,7.290719902475273,0.3258472213337067,0.1946341011919423,0.4381954579661913,0.25935229806494986,0.9446954145374146,0.14260496060321093,0.08440280147942095,7.285801398521186e-06,2.1857404195563556e-05,5.5358725616667
35,0.0711276913247192,6.892424538213128,0.313014658819465,0.1855467567966065,0.4315128039995037,0.2455766259228485,0.946189417244468,0.14260496060321093,0.0811573717864408,5.394189725787278e-06,1.6182569177361833e-05,5.692640341851447
36,0.06754120812707144,6.756356309192082,0.3386549285587156,0.20384382172026347,0.40127819493212985,0.2929390178131062,0.9273040190047019,0.14260496060321093,0.10410373058383313,3.827566449676332e-06,1.1482699349028994e-05,5.84914934264289
37,0.0648596947776637,7.803199703962982,0.31887684710537045,0.18968083721666357,0.45175009841661534,0.24640248654058552,0.9502630603646163,0.14260496060321093,0.07778242220380892,2.5972191267918064e-06,7.791657380375418e-06,6.005598485867182
38,0.06303205424566795,6.953599003897238,0.3278119599263584,0.19603773742570355,0.41602543404195264,0.2704632877514795,0.9368554257067816,0.14260496060321093,0.09270925125824214,1.7120124377884316e-06,5.136037313365294e-06,6.1621555575397275
39,0.0618451589481799,7.023173294217231,0.3198120679769179,0.19034303358662882,0.42242286547053554,0.2573090826294144,0.9414844412335399,0.14260496060321093,0.08686450140511012,1.1783243171449373e-06,3.5349729514348115e-06,6.318665202260018
40,0.06108442180961683,6.699373913132382,0.33052702947331114,0.19798285764940285,0.4251443009958728,0.2703579686062482,0.9391983562334985,0.14260496060321093,0.09068541521442726,1.0000000000000002e-06,2.9999999999999997e-06,6.475589370330175
