"patch_id","split","category","region_id","region_role","lidar_project","lidar_year","lidar_year_source","label_quality","tile_name","tile_path","patch_path","row_offset","col_offset","x_min","y_min","x_max","y_max","crs","positive_fraction","ignore_fraction","ground_fraction","mean_slope_degrees","distance_to_positive_m","is_hard_negative","landslide_ids_in_tile","slido_ref_ids_in_tile","qc_status","qc_notes"
"legacy_USGS_LPC_OR_WesternWildfires_A22_s04380w14100_r001024_c001024","validation","negative","legacy","train_val","USGS_LPC_OR_WesternWildfires_A22_s04380w14100","2024","las_header.creation_date","negative","USGS_LPC_OR_WesternWildfires_A22_s04380w14100.laz","F:\LIDAR\oregon\probe_lidar\tillamook_probe\USGS_LPC_OR_WesternWildfires_A22\USGS_LPC_OR_WesternWildfires_A22_s04380w14100.laz","patches\validation\legacy_USGS_LPC_OR_WesternWildfires_A22_s04380w14100_r001024_c001024.npz","1024","1024","439536.0","1410303.0","439920.0","1410687.0","COMPD_CS[""NAD83(2011) / Oregon GIC Lambert (ft) + NAVD88 height - Geoid12B (Intl Feet)"",PROJCS[""NAD83(2011) / Oregon GIC Lambert (ft)"",GEOGCS[""NAD83(2011)"",DATUM[""NAD83_National_Spatial_Reference_System_2011"",SPHEROID[""GRS 1980"",6378137,298.257222101,AUTHORITY[""EPSG"",""7019""]],AUTHORITY[""EPSG"",""1116""]],PRIMEM[""Greenwich"",0,AUTHORITY[""EPSG"",""8901""]],UNIT[""degree"",0.0174532925199433,AUTHORITY[""EPSG"",""9122""]],AUTHORITY[""EPSG"",""6318""]],PROJECTION[""Lambert_Conformal_Conic_2SP""],PARAMETER[""standard_parallel_1"",43],PARAMETER[""standard_parallel_2"",45.5],PARAMETER[""latitude_of_origin"",41.75],PARAMETER[""central_meridian"",-120.5],PARAMETER[""false_easting"",1312335.958],PARAMETER[""false_northing"",0],UNIT[""foot"",0.3048,AUTHORITY[""EPSG"",""9002""]],AXIS[""X"",EAST],AXIS[""Y"",NORTH],AUTHORITY[""EPSG"",""6557""]],VERT_CS[""NAVD88 height - Geoid12B (Intl Feet)"",VERT_DATUM[""North American Vertical Datum 1988"",2005,AUTHORITY[""EPSG"",""5103""]],UNIT[""foot"",0.3048,AUTHORITY[""EPSG"",""9002""]],AXIS[""Gravity-related height"",UP],AUTHORITY[""EPSG"",""8228""]]]","0.0","0.0","0.2150115966796875","26.550079345703125","159.0","True","Tillamook_1374;Tillamook_1375;Tillamook_1376;Tillamook_1377;Tillamook_1378;Tillamook_1379;Tillamook_1381;Tillamook_1382;Tillamook_1383;Tillamook_1393;Tillamook_1394;Tillamook_4926","CalhNC2020a","",""
"legacy_USGS_LPC_OR_WesternWildfires_A22_s04560w14400_r000000_c000128","train","positive_interior","legacy","train_val","USGS_LPC_OR_WesternWildfires_A22_s04560w14400","2024","las_header.creation_date","accepted","USGS_LPC_OR_WesternWildfires_A22_s04560w14400.laz","F:\LIDAR\oregon\probe_lidar\tillamook_probe\USGS_LPC_OR_WesternWildfires_A22\USGS_LPC_OR_WesternWildfires_A22_s04560w14400.laz","patches\train\legacy_USGS_LPC_OR_WesternWildfires_A22_s04560w14400_r000000_c000128.npz","0","128","456192.0","1442617.5","456576.0","1443001.5","COMPD_CS[""NAD83(2011) / Oregon GIC Lambert (ft) + NAVD88 height - Geoid12B (Intl Feet)"",PROJCS[""NAD83(2011) / Oregon GIC Lambert (ft)"",GEOGCS[""NAD83(2011)"",DATUM[""NAD83_National_Spatial_Reference_System_2011"",SPHEROID[""GRS 1980"",6378137,298.257222101,AUTHORITY[""EPSG"",""7019""]],AUTHORITY[""EPSG"",""1116""]],PRIMEM[""Greenwich"",0,AUTHORITY[""EPSG"",""8901""]],UNIT[""degree"",0.0174532925199433,AUTHORITY[""EPSG"",""9122""]],AUTHORITY[""EPSG"",""6318""]],PROJECTION[""Lambert_Conformal_Conic_2SP""],PARAMETER[""standard_parallel_1"",43],PARAMETER[""standard_parallel_2"",45.5],PARAMETER[""latitude_of_origin"",41.75],PARAMETER[""central_meridian"",-120.5],PARAMETER[""false_easting"",1312335.958],PARAMETER[""false_northing"",0],UNIT[""foot"",0.3048,AUTHORITY[""EPSG"",""9002""]],AXIS[""X"",EAST],AXIS[""Y"",NORTH],AUTHORITY[""EPSG"",""6557""]],VERT_CS[""NAVD88 height - Geoid12B (Intl Feet)"",VERT_DATUM[""North American Vertical Datum 1988"",2005,AUTHORITY[""EPSG"",""5103""]],UNIT[""foot"",0.3048,AUTHORITY[""EPSG"",""9002""]],AXIS[""Gravity-related height"",UP],AUTHORITY[""EPSG"",""8228""]]]","1.0","0.0","0.213470458984375","20.96490478515625","0.0","False","Tillamook_1065;Tillamook_984;Tillamook_990;Tillamook_998","CalhNC2020a","",""
"legacy_USGS_LPC_OR_WesternWildfires_A22_s04560w14400_r000384_c000768","train","positive_interior","legacy","train_val","USGS_LPC_OR_WesternWildfires_A22_s04560w14400","2024","las_header.creation_date","accepted_with_ignore","USGS_LPC_OR_WesternWildfires_A22_s04560w14400.laz","F:\LIDAR\oregon\probe_lidar\tillamook_probe\USGS_LPC_OR_WesternWildfires_A22\USGS_LPC_OR_WesternWildfires_A22_s04560w14400.laz","patches\train\legacy_USGS_LPC_OR_WesternWildfires_A22_s04560w14400_r000384_c000768.npz","384","768","457152.0","1442041.5","457536.0","1442425.5","COMPD_CS[""NAD83(2011) / Oregon GIC Lambert (ft) + NAVD88 height - Geoid12B (Intl Feet)"",PROJCS[""NAD83(2011) / Oregon GIC Lambert (ft)"",GEOGCS[""NAD83(2011)"",DATUM[""NAD83_National_Spatial_Reference_System_2011"",SPHEROID[""GRS 1980"",6378137,298.257222101,AUTHORITY[""EPSG"",""7019""]],AUTHORITY[""EPSG"",""1116""]],PRIMEM[""Greenwich"",0,AUTHORITY[""EPSG"",""8901""]],UNIT[""degree"",0.0174532925199433,AUTHORITY[""EPSG"",""9122""]],AUTHORITY[""EPSG"",""6318""]],PROJECTION[""Lambert_Conformal_Conic_2SP""],PARAMETER[""standard_parallel_1"",43],PARAMETER[""standard_parallel_2"",45.5],PARAMETER[""latitude_of_origin"",41.75],PARAMETER[""central_meridian"",-120.5],PARAMETER[""false_easting"",1312335.958],PARAMETER[""false_northing"",0],UNIT[""foot"",0.3048,AUTHORITY[""EPSG"",""9002""]],AXIS[""X"",EAST],AXIS[""Y"",NORTH],AUTHORITY[""EPSG"",""6557""]],VERT_CS[""NAVD88 height - Geoid12B (Intl Feet)"",VERT_DATUM[""North American Vertical Datum 1988"",2005,AUTHORITY[""EPSG"",""5103""]],UNIT[""foot"",0.3048,AUTHORITY[""EPSG"",""9002""]],AXIS[""Gravity-related height"",UP],AUTHORITY[""EPSG"",""8228""]]]","0.574920654296875","0.206817626953125","0.291778564453125","10.870197296142578","0.0","False","Tillamook_1065;Tillamook_984;Tillamook_990;Tillamook_998","CalhNC2020a","",""
"legacy_USGS_LPC_OR_WesternWildfires_A22_s04560w14400_r000512_c000256","train","positive_interior","legacy","train_val","USGS_LPC_OR_WesternWildfires_A22_s04560w14400","2024","las_header.creation_date","accepted","USGS_LPC_OR_WesternWildfires_A22_s04560w14400.laz","F:\LIDAR\oregon\probe_lidar\tillamook_probe\USGS_LPC_OR_WesternWildfires_A22\USGS_LPC_OR_WesternWildfires_A22_s04560w14400.laz","patches\train\legacy_USGS_LPC_OR_WesternWildfires_A22_s04560w14400_r000512_c000256.npz","512","256","456384.0","1441849.5","456768.0","1442233.5","COMPD_CS[""NAD83(2011) / Oregon GIC Lambert (ft) + NAVD88 height - Geoid12B (Intl Feet)"",PROJCS[""NAD83(2011) / Oregon GIC Lambert (ft)"",GEOGCS[""NAD83(2011)"",DATUM[""NAD83_National_Spatial_Reference_System_2011"",SPHEROID[""GRS 1980"",6378137,298.257222101,AUTHORITY[""EPSG"",""7019""]],AUTHORITY[""EPSG"",""1116""]],PRIMEM[""Greenwich"",0,AUTHORITY[""EPSG"",""8901""]],UNIT[""degree"",0.0174532925199433,AUTHORITY[""EPSG"",""9122""]],AUTHORITY[""EPSG"",""6318""]],PROJECTION[""Lambert_Conformal_Conic_2SP""],PARAMETER[""standard_parallel_1"",43],PARAMETER[""standard_parallel_2"",45.5],PARAMETER[""latitude_of_origin"",41.75],PARAMETER[""central_meridian"",-120.5],PARAMETER[""false_easting"",1312335.958],PARAMETER[""false_northing"",0],UNIT[""foot"",0.3048,AUTHORITY[""EPSG"",""9002""]],AXIS[""X"",EAST],AXIS[""Y"",NORTH],AUTHORITY[""EPSG"",""6557""]],VERT_CS[""NAVD88 height - Geoid12B (Intl Feet)"",VERT_DATUM[""North American Vertical Datum 1988"",2005,AUTHORITY[""EPSG"",""5103""]],UNIT[""foot"",0.3048,AUTHORITY[""EPSG"",""9002""]],AXIS[""Gravity-related height"",UP],AUTHORITY[""EPSG"",""8228""]]]","1.0","0.0","0.2502899169921875","15.36900806427002","0.0","False","Tillamook_1065;Tillamook_984;Tillamook_990;Tillamook_998","CalhNC2020a","",""
"legacy_USGS_LPC_OR_WesternWildfires_A22_s04560w14400_r000512_c001024","train","positive_boundary","legacy","train_val","USGS_LPC_OR_WesternWildfires_A22_s04560w14400","2024","las_header.creation_date","accepted_with_ignore","USGS_LPC_OR_WesternWildfires_A22_s04560w14400.laz","F:\LIDAR\oregon\probe_lidar\tillamook_probe\USGS_LPC_OR_WesternWildfires_A22\USGS_LPC_OR_WesternWildfires_A22_s04560w14400.laz","patches\train\legacy_USGS_LPC_OR_WesternWildfires_A22_s04560w14400_r000512_c001024.npz","512","1024","457536.0","1441849.5","457920.0","1442233.5","COMPD_CS[""NAD83(2011) / Oregon GIC Lambert (ft) + NAVD88 height - Geoid12B (Intl Feet)"",PROJCS[""NAD83(2011) / Oregon GIC Lambert (ft)"",GEOGCS[""NAD83(2011)"",DATUM[""NAD83_National_Spatial_Reference_System_2011"",SPHEROID[""GRS 1980"",6378137,298.257222101,AUTHORITY[""EPSG"",""7019""]],AUTHORITY[""EPSG"",""1116""]],PRIMEM[""Greenwich"",0,AUTHORITY[""EPSG"",""8901""]],UNIT[""degree"",0.0174532925199433,AUTHORITY[""EPSG"",""9122""]],AUTHORITY[""EPSG"",""6318""]],PROJECTION[""Lambert_Conformal_Conic_2SP""],PARAMETER[""standard_parallel_1"",43],PARAMETER[""standard_parallel_2"",45.5],PARAMETER[""latitude_of_origin"",41.75],PARAMETER[""central_meridian"",-120.5],PARAMETER[""false_easting"",1312335.958],PARAMETER[""false_northing"",0],UNIT[""foot"",0.3048,AUTHORITY[""EPSG"",""9002""]],AXIS[""X"",EAST],AXIS[""Y"",NORTH],AUTHORITY[""EPSG"",""6557""]],VERT_CS[""NAVD88 height - Geoid12B (Intl Feet)"",VERT_DATUM[""North American Vertical Datum 1988"",2005,AUTHORITY[""EPSG"",""5103""]],UNIT[""foot"",0.3048,AUTHORITY[""EPSG"",""9002""]],AXIS[""Gravity-related height"",UP],AUTHORITY[""EPSG"",""8228""]]]","0.0709228515625","0.0767364501953125","0.2878875732421875","20.643056869506836","0.0","False","Tillamook_1065;Tillamook_984;Tillamook_990;Tillamook_998","CalhNC2020a","",""
"legacy_USGS_LPC_OR_WesternWildfires_A22_s04560w14400_r001536_c000128","train","negative","legacy","train_val","USGS_LPC_OR_WesternWildfires_A22_s04560w14400","2024","las_header.creation_date","negative","USGS_LPC_OR_WesternWildfires_A22_s04560w14400.laz","F:\LIDAR\oregon\probe_lidar\tillamook_probe\USGS_LPC_OR_WesternWildfires_A22\USGS_LPC_OR_WesternWildfires_A22_s04560w14400.laz","patches\train\legacy_USGS_LPC_OR_WesternWildfires_A22_s04560w14400_r001536_c000128.npz","1536","128","456192.0","1440313.5","456576.0","1440697.5","COMPD_CS[""NAD83(2011) / Oregon GIC Lambert (ft) + NAVD88 height - Geoid12B (Intl Feet)"",PROJCS[""NAD83(2011) / Oregon GIC Lambert (ft)"",GEOGCS[""NAD83(2011)"",DATUM[""NAD83_National_Spatial_Reference_System_2011"",SPHEROID[""GRS 1980"",6378137,298.257222101,AUTHORITY[""EPSG"",""7019""]],AUTHORITY[""EPSG"",""1116""]],PRIMEM[""Greenwich"",0,AUTHORITY[""EPSG"",""8901""]],UNIT[""degree"",0.0174532925199433,AUTHORITY[""EPSG"",""9122""]],AUTHORITY[""EPSG"",""6318""]],PROJECTION[""Lambert_Conformal_Conic_2SP""],PARAMETER[""standard_parallel_1"",43],PARAMETER[""standard_parallel_2"",45.5],PARAMETER[""latitude_of_origin"",41.75],PARAMETER[""central_meridian"",-120.5],PARAMETER[""false_easting"",1312335.958],PARAMETER[""false_northing"",0],UNIT[""foot"",0.3048,AUTHORITY[""EPSG"",""9002""]],AXIS[""X"",EAST],AXIS[""Y"",NORTH],AUTHORITY[""EPSG"",""6557""]],VERT_CS[""NAVD88 height - Geoid12B (Intl Feet)"",VERT_DATUM[""North American Vertical Datum 1988"",2005,AUTHORITY[""EPSG"",""5103""]],UNIT[""foot"",0.3048,AUTHORITY[""EPSG"",""9002""]],AXIS[""Gravity-related height"",UP],AUTHORITY[""EPSG"",""8228""]]]","0.0","0.0","0.320343017578125","9.482380867004395","215.02383588802428","True","Tillamook_1065;Tillamook_984;Tillamook_990;Tillamook_998","CalhNC2020a","",""
"legacy_USGS_LPC_OR_WesternWildfires_A22_s04620w13770_r000000_c001152","train","negative","legacy","train_val","USGS_LPC_OR_WesternWildfires_A22_s04620w13770","2024","las_header.creation_date","negative","USGS_LPC_OR_WesternWildfires_A22_s04620w13770.laz","F:\LIDAR\oregon\probe_lidar\tillamook_probe\USGS_LPC_OR_WesternWildfires_A22\USGS_LPC_OR_WesternWildfires_A22_s04620w13770.laz","patches\train\legacy_USGS_LPC_OR_WesternWildfires_A22_s04620w13770_r000000_c001152.npz","0","1152","463728.0","1379617.5","464112.0","1380001.5","COMPD_CS[""NAD83(2011) / Oregon GIC Lambert (ft) + NAVD88 height - Geoid12B (Intl Feet)"",PROJCS[""NAD83(2011) / Oregon GIC Lambert (ft)"",GEOGCS[""NAD83(2011)"",DATUM[""NAD83_National_Spatial_Reference_System_2011"",SPHEROID[""GRS 1980"",6378137,298.257222101,AUTHORITY[""EPSG"",""7019""]],AUTHORITY[""EPSG"",""1116""]],PRIMEM[""Greenwich"",0,AUTHORITY[""EPSG"",""8901""]],UNIT[""degree"",0.0174532925199433,AUTHORITY[""EPSG"",""9122""]],AUTHORITY[""EPSG"",""6318""]],PROJECTION[""Lambert_Conformal_Conic_2SP""],PARAMETER[""standard_parallel_1"",43],PARAMETER[""standard_parallel_2"",45.5],PARAMETER[""latitude_of_origin"",41.75],PARAMETER[""central_meridian"",-120.5],PARAMETER[""false_easting"",1312335.958],PARAMETER[""false_northing"",0],UNIT[""foot"",0.3048,AUTHORITY[""EPSG"",""9002""]],AXIS[""X"",EAST],AXIS[""Y"",NORTH],AUTHORITY[""EPSG"",""6557""]],VERT_CS[""NAVD88 height - Geoid12B (Intl Feet)"",VERT_DATUM[""North American Vertical Datum 1988"",2005,AUTHORITY[""EPSG"",""5103""]],UNIT[""foot"",0.3048,AUTHORITY[""EPSG"",""9002""]],AXIS[""Gravity-related height"",UP],AUTHORITY[""EPSG"",""8228""]]]","0.0","0.0","0.2188720703125","28.727142333984375","488.2194690915142","True","Tillamook_2498;Tillamook_2499;Tillamook_2500;Tillamook_2501;Tillamook_2502;Tillamook_3227","CalhNC2020a","",""
"legacy_USGS_LPC_OR_WesternWildfires_A22_s04620w13770_r000896_c000256","train","negative","legacy","train_val","USGS_LPC_OR_WesternWildfires_A22_s04620w13770","2024","las_header.creation_date","negative","USGS_LPC_OR_WesternWildfires_A22_s04620w13770.laz","F:\LIDAR\oregon\probe_lidar\tillamook_probe\USGS_LPC_OR_WesternWildfires_A22\USGS_LPC_OR_WesternWildfires_A22_s04620w13770.laz","patches\train\legacy_USGS_LPC_OR_WesternWildfires_A22_s04620w13770_r000896_c000256.npz","896","256","462384.0","1378273.5","462768.0","1378657.5","COMPD_CS[""NAD83(2011) / Oregon GIC Lambert (ft) + NAVD88 height - Geoid12B (Intl Feet)"",PROJCS[""NAD83(2011) / Oregon GIC Lambert (ft)"",GEOGCS[""NAD83(2011)"",DATUM[""NAD83_National_Spatial_Reference_System_2011"",SPHEROID[""GRS 1980"",6378137,298.257222101,AUTHORITY[""EPSG"",""7019""]],AUTHORITY[""EPSG"",""1116""]],PRIMEM[""Greenwich"",0,AUTHORITY[""EPSG"",""8901""]],UNIT[""degree"",0.0174532925199433,AUTHORITY[""EPSG"",""9122""]],AUTHORITY[""EPSG"",""6318""]],PROJECTION[""Lambert_Conformal_Conic_2SP""],PARAMETER[""standard_parallel_1"",43],PARAMETER[""standard_parallel_2"",45.5],PARAMETER[""latitude_of_origin"",41.75],PARAMETER[""central_meridian"",-120.5],PARAMETER[""false_easting"",1312335.958],PARAMETER[""false_northing"",0],UNIT[""foot"",0.3048,AUTHORITY[""EPSG"",""9002""]],AXIS[""X"",EAST],AXIS[""Y"",NORTH],AUTHORITY[""EPSG"",""6557""]],VERT_CS[""NAVD88 height - Geoid12B (Intl Feet)"",VERT_DATUM[""North American Vertical Datum 1988"",2005,AUTHORITY[""EPSG"",""5103""]],UNIT[""foot"",0.3048,AUTHORITY[""EPSG"",""9002""]],AXIS[""Gravity-related height"",UP],AUTHORITY[""EPSG"",""8228""]]]","0.0","0.0","0.2246856689453125","14.970752716064453","208.80732745763498","True","Tillamook_2498;Tillamook_2499;Tillamook_2500;Tillamook_2501;Tillamook_2502;Tillamook_3227","CalhNC2020a","",""
"legacy_USGS_LPC_OR_WesternWildfires_A22_s04620w13770_r000896_c000512","train","positive_boundary","legacy","train_val","USGS_LPC_OR_WesternWildfires_A22_s04620w13770","2024","las_header.creation_date","accepted_with_ignore","USGS_LPC_OR_WesternWildfires_A22_s04620w13770.laz","F:\LIDAR\oregon\probe_lidar\tillamook_probe\USGS_LPC_OR_WesternWildfires_A22\USGS_LPC_OR_WesternWildfires_A22_s04620w13770.laz","patches\train\legacy_USGS_LPC_OR_WesternWildfires_A22_s04620w13770_r000896_c000512.npz","896","512","462768.0","1378273.5","463152.0","1378657.5","COMPD_CS[""NAD83(2011) / Oregon GIC Lambert (ft) + NAVD88 height - Geoid12B (Intl Feet)"",PROJCS[""NAD83(2011) / Oregon GIC Lambert (ft)"",GEOGCS[""NAD83(2011)"",DATUM[""NAD83_National_Spatial_Reference_System_2011"",SPHEROID[""GRS 1980"",6378137,298.257222101,AUTHORITY[""EPSG"",""7019""]],AUTHORITY[""EPSG"",""1116""]],PRIMEM[""Greenwich"",0,AUTHORITY[""EPSG"",""8901""]],UNIT[""degree"",0.0174532925199433,AUTHORITY[""EPSG"",""9122""]],AUTHORITY[""EPSG"",""6318""]],PROJECTION[""Lambert_Conformal_Conic_2SP""],PARAMETER[""standard_parallel_1"",43],PARAMETER[""standard_parallel_2"",45.5],PARAMETER[""latitude_of_origin"",41.75],PARAMETER[""central_meridian"",-120.5],PARAMETER[""false_easting"",1312335.958],PARAMETER[""false_northing"",0],UNIT[""foot"",0.3048,AUTHORITY[""EPSG"",""9002""]],AXIS[""X"",EAST],AXIS[""Y"",NORTH],AUTHORITY[""EPSG"",""6557""]],VERT_CS[""NAVD88 height - Geoid12B (Intl Feet)"",VERT_DATUM[""North American Vertical Datum 1988"",2005,AUTHORITY[""EPSG"",""5103""]],UNIT[""foot"",0.3048,AUTHORITY[""EPSG"",""9002""]],AXIS[""Gravity-related height"",UP],AUTHORITY[""EPSG"",""8228""]]]","0.0203094482421875","0.0554046630859375","0.2128143310546875","23.776979446411133","0.0","False","Tillamook_2498;Tillamook_2499;Tillamook_2500;Tillamook_2501;Tillamook_2502;Tillamook_3227","CalhNC2020a","",""
"legacy_USGS_LPC_OR_WesternWildfires_A22_s04620w13770_r001280_c000640","train","positive_boundary","legacy","train_val","USGS_LPC_OR_WesternWildfires_A22_s04620w13770","2024","las_header.creation_date","accepted_with_ignore","USGS_LPC_OR_WesternWildfires_A22_s04620w13770.laz","F:\LIDAR\oregon\probe_lidar\tillamook_probe\USGS_LPC_OR_WesternWildfires_A22\USGS_LPC_OR_WesternWildfires_A22_s04620w13770.laz","patches\train\legacy_USGS_LPC_OR_WesternWildfires_A22_s04620w13770_r001280_c000640.npz","1280","640","462960.0","1377697.5","463344.0","1378081.5","COMPD_CS[""NAD83(2011) / Oregon GIC Lambert (ft) + NAVD88 height - Geoid12B (Intl Feet)"",PROJCS[""NAD83(2011) / Oregon GIC Lambert (ft)"",GEOGCS[""NAD83(2011)"",DATUM[""NAD83_National_Spatial_Reference_System_2011"",SPHEROID[""GRS 1980"",6378137,298.257222101,AUTHORITY[""EPSG"",""7019""]],AUTHORITY[""EPSG"",""1116""]],PRIMEM[""Greenwich"",0,AUTHORITY[""EPSG"",""8901""]],UNIT[""degree"",0.0174532925199433,AUTHORITY[""EPSG"",""9122""]],AUTHORITY[""EPSG"",""6318""]],PROJECTION[""Lambert_Conformal_Conic_2SP""],PARAMETER[""standard_parallel_1"",43],PARAMETER[""standard_parallel_2"",45.5],PARAMETER[""latitude_of_origin"",41.75],PARAMETER[""central_meridian"",-120.5],PARAMETER[""false_easting"",1312335.958],PARAMETER[""false_northing"",0],UNIT[""foot"",0.3048,AUTHORITY[""EPSG"",""9002""]],AXIS[""X"",EAST],AXIS[""Y"",NORTH],AUTHORITY[""EPSG"",""6557""]],VERT_CS[""NAVD88 height - Geoid12B (Intl Feet)"",VERT_DATUM[""North American Vertical Datum 1988"",2005,AUTHORITY[""EPSG"",""5103""]],UNIT[""foot"",0.3048,AUTHORITY[""EPSG"",""9002""]],AXIS[""Gravity-related height"",UP],AUTHORITY[""EPSG"",""8228""]]]","0.0179290771484375","0.0706939697265625","0.209014892578125","18.499990463256836","0.0","False","Tillamook_2498;Tillamook_2499;Tillamook_2500;Tillamook_2501;Tillamook_2502;Tillamook_3227","CalhNC2020a","",""
"legacy_USGS_LPC_OR_WesternWildfires_A22_s04680w13380_r000000_c000640","train","negative","legacy","train_val","USGS_LPC_OR_WesternWildfires_A22_s04680w13380","2024","las_header.creation_date","negative","USGS_LPC_OR_WesternWildfires_A22_s04680w13380.laz","F:\LIDAR\oregon\probe_lidar\tillamook_probe\USGS_LPC_OR_WesternWildfires_A22\USGS_LPC_OR_WesternWildfires_A22_s04680w13380.laz","patches\train\legacy_USGS_LPC_OR_WesternWildfires_A22_s04680w13380_r000000_c000640.npz","0","640","469773.0","1340617.5","470157.0","1341001.5","COMPD_CS[""NAD83(2011) / Oregon GIC Lambert (ft) + NAVD88 height - Geoid12B (Intl Feet)"",PROJCS[""NAD83(2011) / Oregon GIC Lambert (ft)"",GEOGCS[""NAD83(2011)"",DATUM[""NAD83_National_Spatial_Reference_System_2011"",SPHEROID[""GRS 1980"",6378137,298.257222101,AUTHORITY[""EPSG"",""7019""]],AUTHORITY[""EPSG"",""1116""]],PRIMEM[""Greenwich"",0,AUTHORITY[""EPSG"",""8901""]],UNIT[""degree"",0.0174532925199433,AUTHORITY[""EPSG"",""9122""]],AUTHORITY[""EPSG"",""6318""]],PROJECTION[""Lambert_Conformal_Conic_2SP""],PARAMETER[""standard_parallel_1"",43],PARAMETER[""standard_parallel_2"",45.5],PARAMETER[""latitude_of_origin"",41.75],PARAMETER[""central_meridian"",-120.5],PARAMETER[""false_easting"",1312335.958],PARAMETER[""false_northing"",0],UNIT[""foot"",0.3048,AUTHORITY[""EPSG"",""9002""]],AXIS[""X"",EAST],AXIS[""Y"",NORTH],AUTHORITY[""EPSG"",""6557""]],VERT_CS[""NAVD88 height - Geoid12B (Intl Feet)"",VERT_DATUM[""North American Vertical Datum 1988"",2005,AUTHORITY[""EPSG"",""5103""]],UNIT[""foot"",0.3048,AUTHORITY[""EPSG"",""9002""]],AXIS[""Gravity-related height"",UP],AUTHORITY[""EPSG"",""8228""]]]","0.0","0.0","0.3779296875","3.348936080932617","602.3130415323913","False","Tillamook_4529;Tillamook_4531;Tillamook_4533;Tillamook_4543;Tillamook_4544;Tillamook_4548","CalhNC2020a","",""
"legacy_USGS_LPC_OR_WesternWildfires_A22_s04680w13380_r000512_c001152","train","positive_interior","legacy","train_val","USGS_LPC_OR_WesternWildfires_A22_s04680w13380","2024","las_header.creation_date","accepted_with_ignore","USGS_LPC_OR_WesternWildfires_A22_s04680w13380.laz","F:\LIDAR\oregon\probe_lidar\tillamook_probe\USGS_LPC_OR_WesternWildfires_A22\USGS_LPC_OR_WesternWildfires_A22_s04680w13380.laz","patches\train\legacy_USGS_LPC_OR_WesternWildfires_A22_s04680w13380_r000512_c001152.npz","512","1152","470541.0","1339849.5","470925.0","1340233.5","COMPD_CS[""NAD83(2011) / Oregon GIC Lambert (ft) + NAVD88 height - Geoid12B (Intl Feet)"",PROJCS[""NAD83(2011) / Oregon GIC Lambert (ft)"",GEOGCS[""NAD83(2011)"",DATUM[""NAD83_National_Spatial_Reference_System_2011"",SPHEROID[""GRS 1980"",6378137,298.257222101,AUTHORITY[""EPSG"",""7019""]],AUTHORITY[""EPSG"",""1116""]],PRIMEM[""Greenwich"",0,AUTHORITY[""EPSG"",""8901""]],UNIT[""degree"",0.0174532925199433,AUTHORITY[""EPSG"",""9122""]],AUTHORITY[""EPSG"",""6318""]],PROJECTION[""Lambert_Conformal_Conic_2SP""],PARAMETER[""standard_parallel_1"",43],PARAMETER[""standard_parallel_2"",45.5],PARAMETER[""latitude_of_origin"",41.75],PARAMETER[""central_meridian"",-120.5],PARAMETER[""false_easting"",1312335.958],PARAMETER[""false_northing"",0],UNIT[""foot"",0.3048,AUTHORITY[""EPSG"",""9002""]],AXIS[""X"",EAST],AXIS[""Y"",NORTH],AUTHORITY[""EPSG"",""6557""]],VERT_CS[""NAVD88 height - Geoid12B (Intl Feet)"",VERT_DATUM[""North American Vertical Datum 1988"",2005,AUTHORITY[""EPSG"",""5103""]],UNIT[""foot"",0.3048,AUTHORITY[""EPSG"",""9002""]],AXIS[""Gravity-related height"",UP],AUTHORITY[""EPSG"",""8228""]]]","0.4446563720703125","0.1713714599609375","0.2166900634765625","14.606618881225586","0.0","False","Tillamook_4529;Tillamook_4531;Tillamook_4533;Tillamook_4543;Tillamook_4544;Tillamook_4548","CalhNC2020a","",""
"legacy_USGS_LPC_OR_WesternWildfires_A22_s04710w14520_r001024_c001664","validation","positive_boundary","legacy","train_val","USGS_LPC_OR_WesternWildfires_A22_s04710w14520","2024","las_header.creation_date","accepted_with_ignore","USGS_LPC_OR_WesternWildfires_A22_s04710w14520.laz","F:\LIDAR\oregon\probe_lidar\tillamook_probe\USGS_LPC_OR_WesternWildfires_A22\USGS_LPC_OR_WesternWildfires_A22_s04710w14520.laz","patches\validation\legacy_USGS_LPC_OR_WesternWildfires_A22_s04710w14520_r001024_c001664.npz","1024","1664","473496.0","1453081.5","473880.0","1453465.5","COMPD_CS[""NAD83(2011) / Oregon GIC Lambert (ft) + NAVD88 height - Geoid12B (Intl Feet)"",PROJCS[""NAD83(2011) / Oregon GIC Lambert (ft)"",GEOGCS[""NAD83(2011)"",DATUM[""NAD83_National_Spatial_Reference_System_2011"",SPHEROID[""GRS 1980"",6378137,298.257222101,AUTHORITY[""EPSG"",""7019""]],AUTHORITY[""EPSG"",""1116""]],PRIMEM[""Greenwich"",0,AUTHORITY[""EPSG"",""8901""]],UNIT[""degree"",0.0174532925199433,AUTHORITY[""EPSG"",""9122""]],AUTHORITY[""EPSG"",""6318""]],PROJECTION[""Lambert_Conformal_Conic_2SP""],PARAMETER[""standard_parallel_1"",43],PARAMETER[""standard_parallel_2"",45.5],PARAMETER[""latitude_of_origin"",41.75],PARAMETER[""central_meridian"",-120.5],PARAMETER[""false_easting"",1312335.958],PARAMETER[""false_northing"",0],UNIT[""foot"",0.3048,AUTHORITY[""EPSG"",""9002""]],AXIS[""X"",EAST],AXIS[""Y"",NORTH],AUTHORITY[""EPSG"",""6557""]],VERT_CS[""NAVD88 height - Geoid12B (Intl Feet)"",VERT_DATUM[""North American Vertical Datum 1988"",2005,AUTHORITY[""EPSG"",""5103""]],UNIT[""foot"",0.3048,AUTHORITY[""EPSG"",""9002""]],AXIS[""Gravity-related height"",UP],AUTHORITY[""EPSG"",""8228""]]]","0.0163726806640625","0.7841796875","0.214874267578125","27.045618057250977","0.0","False","SchlHG1972hazards_63;Tillamook_335;Tillamook_337","CalhNC2020a;SchlHG1972hazards","",""
"legacy_USGS_LPC_OR_WesternWildfires_A22_s04710w14520_r001536_c001408","validation","positive_boundary","legacy","train_val","USGS_LPC_OR_WesternWildfires_A22_s04710w14520","2024","las_header.creation_date","accepted_with_ignore","USGS_LPC_OR_WesternWildfires_A22_s04710w14520.laz","F:\LIDAR\oregon\probe_lidar\tillamook_probe\USGS_LPC_OR_WesternWildfires_A22\USGS_LPC_OR_WesternWildfires_A22_s04710w14520.laz","patches\validation\legacy_USGS_LPC_OR_WesternWildfires_A22_s04710w14520_r001536_c001408.npz","1536","1408","473112.0","1452313.5","473496.0","1452697.5","COMPD_CS[""NAD83(2011) / Oregon GIC Lambert (ft) + NAVD88 height - Geoid12B (Intl Feet)"",PROJCS[""NAD83(2011) / Oregon GIC Lambert (ft)"",GEOGCS[""NAD83(2011)"",DATUM[""NAD83_National_Spatial_Reference_System_2011"",SPHEROID[""GRS 1980"",6378137,298.257222101,AUTHORITY[""EPSG"",""7019""]],AUTHORITY[""EPSG"",""1116""]],PRIMEM[""Greenwich"",0,AUTHORITY[""EPSG"",""8901""]],UNIT[""degree"",0.0174532925199433,AUTHORITY[""EPSG"",""9122""]],AUTHORITY[""EPSG"",""6318""]],PROJECTION[""Lambert_Conformal_Conic_2SP""],PARAMETER[""standard_parallel_1"",43],PARAMETER[""standard_parallel_2"",45.5],PARAMETER[""latitude_of_origin"",41.75],PARAMETER[""central_meridian"",-120.5],PARAMETER[""false_easting"",1312335.958],PARAMETER[""false_northing"",0],UNIT[""foot"",0.3048,AUTHORITY[""EPSG"",""9002""]],AXIS[""X"",EAST],AXIS[""Y"",NORTH],AUTHORITY[""EPSG"",""6557""]],VERT_CS[""NAVD88 height - Geoid12B (Intl Feet)"",VERT_DATUM[""North American Vertical Datum 1988"",2005,AUTHORITY[""EPSG"",""5103""]],UNIT[""foot"",0.3048,AUTHORITY[""EPSG"",""9002""]],AXIS[""Gravity-related height"",UP],AUTHORITY[""EPSG"",""8228""]]]","0.0435943603515625","0.9564056396484375","0.28912353515625","15.704748153686523","0.0","False","SchlHG1972hazards_63;Tillamook_335;Tillamook_337","CalhNC2020a;SchlHG1972hazards","",""
"legacy_USGS_LPC_OR_WesternWildfires_A22_s04710w14520_r001664_c001280","validation","positive_boundary","legacy","train_val","USGS_LPC_OR_WesternWildfires_A22_s04710w14520","2024","las_header.creation_date","accepted_with_ignore","USGS_LPC_OR_WesternWildfires_A22_s04710w14520.laz","F:\LIDAR\oregon\probe_lidar\tillamook_probe\USGS_LPC_OR_WesternWildfires_A22\USGS_LPC_OR_WesternWildfires_A22_s04710w14520.laz","patches\validation\legacy_USGS_LPC_OR_WesternWildfires_A22_s04710w14520_r001664_c001280.npz","1664","1280","472920.0","1452121.5","473304.0","1452505.5","COMPD_CS[""NAD83(2011) / Oregon GIC Lambert (ft) + NAVD88 height - Geoid12B (Intl Feet)"",PROJCS[""NAD83(2011) / Oregon GIC Lambert (ft)"",GEOGCS[""NAD83(2011)"",DATUM[""NAD83_National_Spatial_Reference_System_2011"",SPHEROID[""GRS 1980"",6378137,298.257222101,AUTHORITY[""EPSG"",""7019""]],AUTHORITY[""EPSG"",""1116""]],PRIMEM[""Greenwich"",0,AUTHORITY[""EPSG"",""8901""]],UNIT[""degree"",0.0174532925199433,AUTHORITY[""EPSG"",""9122""]],AUTHORITY[""EPSG"",""6318""]],PROJECTION[""Lambert_Conformal_Conic_2SP""],PARAMETER[""standard_parallel_1"",43],PARAMETER[""standard_parallel_2"",45.5],PARAMETER[""latitude_of_origin"",41.75],PARAMETER[""central_meridian"",-120.5],PARAMETER[""false_easting"",1312335.958],PARAMETER[""false_northing"",0],UNIT[""foot"",0.3048,AUTHORITY[""EPSG"",""9002""]],AXIS[""X"",EAST],AXIS[""Y"",NORTH],AUTHORITY[""EPSG"",""6557""]],VERT_CS[""NAVD88 height - Geoid12B (Intl Feet)"",VERT_DATUM[""North American Vertical Datum 1988"",2005,AUTHORITY[""EPSG"",""5103""]],UNIT[""foot"",0.3048,AUTHORITY[""EPSG"",""9002""]],AXIS[""Gravity-related height"",UP],AUTHORITY[""EPSG"",""8228""]]]","0.0968170166015625","0.9031829833984375","0.309051513671875","12.189247131347656","0.0","False","SchlHG1972hazards_63;Tillamook_335;Tillamook_337","CalhNC2020a;SchlHG1972hazards","",""
"legacy_USGS_LPC_OR_WesternWildfires_A22_s04770w14130_r000896_c000512","train","negative","legacy","train_val","USGS_LPC_OR_WesternWildfires_A22_s04770w14130","2024","las_header.creation_date","negative","USGS_LPC_OR_WesternWildfires_A22_s04770w14130.laz","F:\LIDAR\oregon\probe_lidar\tillamook_probe\USGS_LPC_OR_WesternWildfires_A22\USGS_LPC_OR_WesternWildfires_A22_s04770w14130.laz","patches\train\legacy_USGS_LPC_OR_WesternWildfires_A22_s04770w14130_r000896_c000512.npz","896","512","477768.0","1414273.5","478152.0","1414657.5","COMPD_CS[""NAD83(2011) / Oregon GIC Lambert (ft) + NAVD88 height - Geoid12B (Intl Feet)"",PROJCS[""NAD83(2011) / Oregon GIC Lambert (ft)"",GEOGCS[""NAD83(2011)"",DATUM[""NAD83_National_Spatial_Reference_System_2011"",SPHEROID[""GRS 1980"",6378137,298.257222101,AUTHORITY[""EPSG"",""7019""]],AUTHORITY[""EPSG"",""1116""]],PRIMEM[""Greenwich"",0,AUTHORITY[""EPSG"",""8901""]],UNIT[""degree"",0.0174532925199433,AUTHORITY[""EPSG"",""9122""]],AUTHORITY[""EPSG"",""6318""]],PROJECTION[""Lambert_Conformal_Conic_2SP""],PARAMETER[""standard_parallel_1"",43],PARAMETER[""standard_parallel_2"",45.5],PARAMETER[""latitude_of_origin"",41.75],PARAMETER[""central_meridian"",-120.5],PARAMETER[""false_easting"",1312335.958],PARAMETER[""false_northing"",0],UNIT[""foot"",0.3048,AUTHORITY[""EPSG"",""9002""]],AXIS[""X"",EAST],AXIS[""Y"",NORTH],AUTHORITY[""EPSG"",""6557""]],VERT_CS[""NAVD88 height - Geoid12B (Intl Feet)"",VERT_DATUM[""North American Vertical Datum 1988"",2005,AUTHORITY[""EPSG"",""5103""]],UNIT[""foot"",0.3048,AUTHORITY[""EPSG"",""9002""]],AXIS[""Gravity-related height"",UP],AUTHORITY[""EPSG"",""8228""]]]","0.0","0.0","0.2278289794921875","41.12704849243164","inf","True","","","",""
"legacy_USGS_LPC_OR_WesternWildfires_A22_s05040w13830_r000256_c001408","train","negative","legacy","train_val","USGS_LPC_OR_WesternWildfires_A22_s05040w13830","2024","las_header.creation_date","negative","USGS_LPC_OR_WesternWildfires_A22_s05040w13830.laz","F:\LIDAR\oregon\probe_lidar\tillamook_probe\USGS_LPC_OR_WesternWildfires_A22\USGS_LPC_OR_WesternWildfires_A22_s05040w13830.laz","patches\train\legacy_USGS_LPC_OR_WesternWildfires_A22_s05040w13830_r000256_c001408.npz","256","1408","506112.0","1385233.5","506496.0","1385617.5","COMPD_CS[""NAD83(2011) / Oregon GIC Lambert (ft) + NAVD88 height - Geoid12B (Intl Feet)"",PROJCS[""NAD83(2011) / Oregon GIC Lambert (ft)"",GEOGCS[""NAD83(2011)"",DATUM[""NAD83_National_Spatial_Reference_System_2011"",SPHEROID[""GRS 1980"",6378137,298.257222101,AUTHORITY[""EPSG"",""7019""]],AUTHORITY[""EPSG"",""1116""]],PRIMEM[""Greenwich"",0,AUTHORITY[""EPSG"",""8901""]],UNIT[""degree"",0.0174532925199433,AUTHORITY[""EPSG"",""9122""]],AUTHORITY[""EPSG"",""6318""]],PROJECTION[""Lambert_Conformal_Conic_2SP""],PARAMETER[""standard_parallel_1"",43],PARAMETER[""standard_parallel_2"",45.5],PARAMETER[""latitude_of_origin"",41.75],PARAMETER[""central_meridian"",-120.5],PARAMETER[""false_easting"",1312335.958],PARAMETER[""false_northing"",0],UNIT[""foot"",0.3048,AUTHORITY[""EPSG"",""9002""]],AXIS[""X"",EAST],AXIS[""Y"",NORTH],AUTHORITY[""EPSG"",""6557""]],VERT_CS[""NAVD88 height - Geoid12B (Intl Feet)"",VERT_DATUM[""North American Vertical Datum 1988"",2005,AUTHORITY[""EPSG"",""5103""]],UNIT[""foot"",0.3048,AUTHORITY[""EPSG"",""9002""]],AXIS[""Gravity-related height"",UP],AUTHORITY[""EPSG"",""8228""]]]","0.0","0.0","0.2201995849609375","26.310176849365234","529.1323085958747","True","BeauJD1973hazards_238;Tillamook_2282;Tillamook_2292;Tillamook_2294","BeauJD1973hazards;CalhNC2020a","",""
"legacy_USGS_LPC_OR_WesternWildfires_A22_s05040w13830_r000256_c001664","train","negative","legacy","train_val","USGS_LPC_OR_WesternWildfires_A22_s05040w13830","2024","las_header.creation_date","negative","USGS_LPC_OR_WesternWildfires_A22_s05040w13830.laz","F:\LIDAR\oregon\probe_lidar\tillamook_probe\USGS_LPC_OR_WesternWildfires_A22\USGS_LPC_OR_WesternWildfires_A22_s05040w13830.laz","patches\train\legacy_USGS_LPC_OR_WesternWildfires_A22_s05040w13830_r000256_c001664.npz","256","1664","506496.0","1385233.5","506880.0","1385617.5","COMPD_CS[""NAD83(2011) / Oregon GIC Lambert (ft) + NAVD88 height - Geoid12B (Intl Feet)"",PROJCS[""NAD83(2011) / Oregon GIC Lambert (ft)"",GEOGCS[""NAD83(2011)"",DATUM[""NAD83_National_Spatial_Reference_System_2011"",SPHEROID[""GRS 1980"",6378137,298.257222101,AUTHORITY[""EPSG"",""7019""]],AUTHORITY[""EPSG"",""1116""]],PRIMEM[""Greenwich"",0,AUTHORITY[""EPSG"",""8901""]],UNIT[""degree"",0.0174532925199433,AUTHORITY[""EPSG"",""9122""]],AUTHORITY[""EPSG"",""6318""]],PROJECTION[""Lambert_Conformal_Conic_2SP""],PARAMETER[""standard_parallel_1"",43],PARAMETER[""standard_parallel_2"",45.5],PARAMETER[""latitude_of_origin"",41.75],PARAMETER[""central_meridian"",-120.5],PARAMETER[""false_easting"",1312335.958],PARAMETER[""false_northing"",0],UNIT[""foot"",0.3048,AUTHORITY[""EPSG"",""9002""]],AXIS[""X"",EAST],AXIS[""Y"",NORTH],AUTHORITY[""EPSG"",""6557""]],VERT_CS[""NAVD88 height - Geoid12B (Intl Feet)"",VERT_DATUM[""North American Vertical Datum 1988"",2005,AUTHORITY[""EPSG"",""5103""]],UNIT[""foot"",0.3048,AUTHORITY[""EPSG"",""9002""]],AXIS[""Gravity-related height"",UP],AUTHORITY[""EPSG"",""8228""]]]","0.0","0.0","0.20672607421875","28.64118766784668","902.1599082202667","True","BeauJD1973hazards_238;Tillamook_2282;Tillamook_2292;Tillamook_2294","BeauJD1973hazards;CalhNC2020a","",""
"legacy_USGS_LPC_OR_WesternWildfires_A22_s05040w13830_r000768_c000768","train","positive_interior","legacy","train_val","USGS_LPC_OR_WesternWildfires_A22_s05040w13830","2024","las_header.creation_date","accepted","USGS_LPC_OR_WesternWildfires_A22_s05040w13830.laz","F:\LIDAR\oregon\probe_lidar\tillamook_probe\USGS_LPC_OR_WesternWildfires_A22\USGS_LPC_OR_WesternWildfires_A22_s05040w13830.laz","patches\train\legacy_USGS_LPC_OR_WesternWildfires_A22_s05040w13830_r000768_c000768.npz","768","768","505152.0","1384465.5","505536.0","1384849.5","COMPD_CS[""NAD83(2011) / Oregon GIC Lambert (ft) + NAVD88 height - Geoid12B (Intl Feet)"",PROJCS[""NAD83(2011) / Oregon GIC Lambert (ft)"",GEOGCS[""NAD83(2011)"",DATUM[""NAD83_National_Spatial_Reference_System_2011"",SPHEROID[""GRS 1980"",6378137,298.257222101,AUTHORITY[""EPSG"",""7019""]],AUTHORITY[""EPSG"",""1116""]],PRIMEM[""Greenwich"",0,AUTHORITY[""EPSG"",""8901""]],UNIT[""degree"",0.0174532925199433,AUTHORITY[""EPSG"",""9122""]],AUTHORITY[""EPSG"",""6318""]],PROJECTION[""Lambert_Conformal_Conic_2SP""],PARAMETER[""standard_parallel_1"",43],PARAMETER[""standard_parallel_2"",45.5],PARAMETER[""latitude_of_origin"",41.75],PARAMETER[""central_meridian"",-120.5],PARAMETER[""false_easting"",1312335.958],PARAMETER[""false_northing"",0],UNIT[""foot"",0.3048,AUTHORITY[""EPSG"",""9002""]],AXIS[""X"",EAST],AXIS[""Y"",NORTH],AUTHORITY[""EPSG"",""6557""]],VERT_CS[""NAVD88 height - Geoid12B (Intl Feet)"",VERT_DATUM[""North American Vertical Datum 1988"",2005,AUTHORITY[""EPSG"",""5103""]],UNIT[""foot"",0.3048,AUTHORITY[""EPSG"",""9002""]],AXIS[""Gravity-related height"",UP],AUTHORITY[""EPSG"",""8228""]]]","1.0","0.0","0.2254180908203125","37.99549102783203","0.0","False","BeauJD1973hazards_238;Tillamook_2282;Tillamook_2292;Tillamook_2294","BeauJD1973hazards;CalhNC2020a","",""
"legacy_USGS_LPC_OR_WesternWildfires_A22_s05070w13830_r000256_c000896","train","positive_boundary","legacy","train_val","USGS_LPC_OR_WesternWildfires_A22_s05070w13830","2024","las_header.creation_date","accepted_with_ignore","USGS_LPC_OR_WesternWildfires_A22_s05070w13830.laz","F:\LIDAR\oregon\probe_lidar\tillamook_probe\USGS_LPC_OR_WesternWildfires_A22\USGS_LPC_OR_WesternWildfires_A22_s05070w13830.laz","patches\train\legacy_USGS_LPC_OR_WesternWildfires_A22_s05070w13830_r000256_c000896.npz","256","896","508342.5","1385233.5","508726.5","1385617.5","COMPD_CS[""NAD83(2011) / Oregon GIC Lambert (ft) + NAVD88 height - Geoid12B (Intl Feet)"",PROJCS[""NAD83(2011) / Oregon GIC Lambert (ft)"",GEOGCS[""NAD83(2011)"",DATUM[""NAD83_National_Spatial_Reference_System_2011"",SPHEROID[""GRS 1980"",6378137,298.257222101,AUTHORITY[""EPSG"",""7019""]],AUTHORITY[""EPSG"",""1116""]],PRIMEM[""Greenwich"",0,AUTHORITY[""EPSG"",""8901""]],UNIT[""degree"",0.0174532925199433,AUTHORITY[""EPSG"",""9122""]],AUTHORITY[""EPSG"",""6318""]],PROJECTION[""Lambert_Conformal_Conic_2SP""],PARAMETER[""standard_parallel_1"",43],PARAMETER[""standard_parallel_2"",45.5],PARAMETER[""latitude_of_origin"",41.75],PARAMETER[""central_meridian"",-120.5],PARAMETER[""false_easting"",1312335.958],PARAMETER[""false_northing"",0],UNIT[""foot"",0.3048,AUTHORITY[""EPSG"",""9002""]],AXIS[""X"",EAST],AXIS[""Y"",NORTH],AUTHORITY[""EPSG"",""6557""]],VERT_CS[""NAVD88 height - Geoid12B (Intl Feet)"",VERT_DATUM[""North American Vertical Datum 1988"",2005,AUTHORITY[""EPSG"",""5103""]],UNIT[""foot"",0.3048,AUTHORITY[""EPSG"",""9002""]],AXIS[""Gravity-related height"",UP],AUTHORITY[""EPSG"",""8228""]]]","0.0287628173828125","0.06024169921875","0.215972900390625","18.96319007873535","0.0","False","Tillamook_2276;Tillamook_2283;Tillamook_2284;Tillamook_2294","CalhNC2020a","",""
"legacy_USGS_LPC_OR_WesternWildfires_A22_s05070w13830_r000896_c000000","train","positive_interior","legacy","train_val","USGS_LPC_OR_WesternWildfires_A22_s05070w13830","2024","las_header.creation_date","accepted_with_ignore","USGS_LPC_OR_WesternWildfires_A22_s05070w13830.laz","F:\LIDAR\oregon\probe_lidar\tillamook_probe\USGS_LPC_OR_WesternWildfires_A22\USGS_LPC_OR_WesternWildfires_A22_s05070w13830.laz","patches\train\legacy_USGS_LPC_OR_WesternWildfires_A22_s05070w13830_r000896_c000000.npz","896","0","506998.5","1384273.5","507382.5","1384657.5","COMPD_CS[""NAD83(2011) / Oregon GIC Lambert (ft) + NAVD88 height - Geoid12B (Intl Feet)"",PROJCS[""NAD83(2011) / Oregon GIC Lambert (ft)"",GEOGCS[""NAD83(2011)"",DATUM[""NAD83_National_Spatial_Reference_System_2011"",SPHEROID[""GRS 1980"",6378137,298.257222101,AUTHORITY[""EPSG"",""7019""]],AUTHORITY[""EPSG"",""1116""]],PRIMEM[""Greenwich"",0,AUTHORITY[""EPSG"",""8901""]],UNIT[""degree"",0.0174532925199433,AUTHORITY[""EPSG"",""9122""]],AUTHORITY[""EPSG"",""6318""]],PROJECTION[""Lambert_Conformal_Conic_2SP""],PARAMETER[""standard_parallel_1"",43],PARAMETER[""standard_parallel_2"",45.5],PARAMETER[""latitude_of_origin"",41.75],PARAMETER[""central_meridian"",-120.5],PARAMETER[""false_easting"",1312335.958],PARAMETER[""false_northing"",0],UNIT[""foot"",0.3048,AUTHORITY[""EPSG"",""9002""]],AXIS[""X"",EAST],AXIS[""Y"",NORTH],AUTHORITY[""EPSG"",""6557""]],VERT_CS[""NAVD88 height - Geoid12B (Intl Feet)"",VERT_DATUM[""North American Vertical Datum 1988"",2005,AUTHORITY[""EPSG"",""5103""]],UNIT[""foot"",0.3048,AUTHORITY[""EPSG"",""9002""]],AXIS[""Gravity-related height"",UP],AUTHORITY[""EPSG"",""8228""]]]","0.5460357666015625","0.12982177734375","0.2011871337890625","22.36766242980957","0.0","False","Tillamook_2276;Tillamook_2283;Tillamook_2284;Tillamook_2294","CalhNC2020a","",""
"legacy_USGS_LPC_OR_WesternWildfires_A22_s05070w13830_r001280_c000256","train","positive_interior","legacy","train_val","USGS_LPC_OR_WesternWildfires_A22_s05070w13830","2024","las_header.creation_date","accepted","USGS_LPC_OR_WesternWildfires_A22_s05070w13830.laz","F:\LIDAR\oregon\probe_lidar\tillamook_probe\USGS_LPC_OR_WesternWildfires_A22\USGS_LPC_OR_WesternWildfires_A22_s05070w13830.laz","patches\train\legacy_USGS_LPC_OR_WesternWildfires_A22_s05070w13830_r001280_c000256.npz","1280","256","507382.5","1383697.5","507766.5","1384081.5","COMPD_CS[""NAD83(2011) / Oregon GIC Lambert (ft) + NAVD88 height - Geoid12B (Intl Feet)"",PROJCS[""NAD83(2011) / Oregon GIC Lambert (ft)"",GEOGCS[""NAD83(2011)"",DATUM[""NAD83_National_Spatial_Reference_System_2011"",SPHEROID[""GRS 1980"",6378137,298.257222101,AUTHORITY[""EPSG"",""7019""]],AUTHORITY[""EPSG"",""1116""]],PRIMEM[""Greenwich"",0,AUTHORITY[""EPSG"",""8901""]],UNIT[""degree"",0.0174532925199433,AUTHORITY[""EPSG"",""9122""]],AUTHORITY[""EPSG"",""6318""]],PROJECTION[""Lambert_Conformal_Conic_2SP""],PARAMETER[""standard_parallel_1"",43],PARAMETER[""standard_parallel_2"",45.5],PARAMETER[""latitude_of_origin"",41.75],PARAMETER[""central_meridian"",-120.5],PARAMETER[""false_easting"",1312335.958],PARAMETER[""false_northing"",0],UNIT[""foot"",0.3048,AUTHORITY[""EPSG"",""9002""]],AXIS[""X"",EAST],AXIS[""Y"",NORTH],AUTHORITY[""EPSG"",""6557""]],VERT_CS[""NAVD88 height - Geoid12B (Intl Feet)"",VERT_DATUM[""North American Vertical Datum 1988"",2005,AUTHORITY[""EPSG"",""5103""]],UNIT[""foot"",0.3048,AUTHORITY[""EPSG"",""9002""]],AXIS[""Gravity-related height"",UP],AUTHORITY[""EPSG"",""8228""]]]","1.0","0.0","0.243194580078125","19.934621810913086","0.0","False","Tillamook_2276;Tillamook_2283;Tillamook_2284;Tillamook_2294","CalhNC2020a","",""
"legacy_USGS_LPC_OR_WesternWildfires_A22_s05070w13830_r001280_c000896","train","positive_interior","legacy","train_val","USGS_LPC_OR_WesternWildfires_A22_s05070w13830","2024","las_header.creation_date","accepted","USGS_LPC_OR_WesternWildfires_A22_s05070w13830.laz","F:\LIDAR\oregon\probe_lidar\tillamook_probe\USGS_LPC_OR_WesternWildfires_A22\USGS_LPC_OR_WesternWildfires_A22_s05070w13830.laz","patches\train\legacy_USGS_LPC_OR_WesternWildfires_A22_s05070w13830_r001280_c000896.npz","1280","896","508342.5","1383697.5","508726.5","1384081.5","COMPD_CS[""NAD83(2011) / Oregon GIC Lambert (ft) + NAVD88 height - Geoid12B (Intl Feet)"",PROJCS[""NAD83(2011) / Oregon GIC Lambert (ft)"",GEOGCS[""NAD83(2011)"",DATUM[""NAD83_National_Spatial_Reference_System_2011"",SPHEROID[""GRS 1980"",6378137,298.257222101,AUTHORITY[""EPSG"",""7019""]],AUTHORITY[""EPSG"",""1116""]],PRIMEM[""Greenwich"",0,AUTHORITY[""EPSG"",""8901""]],UNIT[""degree"",0.0174532925199433,AUTHORITY[""EPSG"",""9122""]],AUTHORITY[""EPSG"",""6318""]],PROJECTION[""Lambert_Conformal_Conic_2SP""],PARAMETER[""standard_parallel_1"",43],PARAMETER[""standard_parallel_2"",45.5],PARAMETER[""latitude_of_origin"",41.75],PARAMETER[""central_meridian"",-120.5],PARAMETER[""false_easting"",1312335.958],PARAMETER[""false_northing"",0],UNIT[""foot"",0.3048,AUTHORITY[""EPSG"",""9002""]],AXIS[""X"",EAST],AXIS[""Y"",NORTH],AUTHORITY[""EPSG"",""6557""]],VERT_CS[""NAVD88 height - Geoid12B (Intl Feet)"",VERT_DATUM[""North American Vertical Datum 1988"",2005,AUTHORITY[""EPSG"",""5103""]],UNIT[""foot"",0.3048,AUTHORITY[""EPSG"",""9002""]],AXIS[""Gravity-related height"",UP],AUTHORITY[""EPSG"",""8228""]]]","1.0","0.0","0.212432861328125","25.37067413330078","0.0","False","Tillamook_2276;Tillamook_2283;Tillamook_2284;Tillamook_2294","CalhNC2020a","",""
"legacy_USGS_LPC_OR_WesternWildfires_A22_s05070w13830_r001408_c001664","train","positive_boundary","legacy","train_val","USGS_LPC_OR_WesternWildfires_A22_s05070w13830","2024","las_header.creation_date","accepted_with_ignore","USGS_LPC_OR_WesternWildfires_A22_s05070w13830.laz","F:\LIDAR\oregon\probe_lidar\tillamook_probe\USGS_LPC_OR_WesternWildfires_A22\USGS_LPC_OR_WesternWildfires_A22_s05070w13830.laz","patches\train\legacy_USGS_LPC_OR_WesternWildfires_A22_s05070w13830_r001408_c001664.npz","1408","1664","509494.5","1383505.5","509878.5","1383889.5","COMPD_CS[""NAD83(2011) / Oregon GIC Lambert (ft) + NAVD88 height - Geoid12B (Intl Feet)"",PROJCS[""NAD83(2011) / Oregon GIC Lambert (ft)"",GEOGCS[""NAD83(2011)"",DATUM[""NAD83_National_Spatial_Reference_System_2011"",SPHEROID[""GRS 1980"",6378137,298.257222101,AUTHORITY[""EPSG"",""7019""]],AUTHORITY[""EPSG"",""1116""]],PRIMEM[""Greenwich"",0,AUTHORITY[""EPSG"",""8901""]],UNIT[""degree"",0.0174532925199433,AUTHORITY[""EPSG"",""9122""]],AUTHORITY[""EPSG"",""6318""]],PROJECTION[""Lambert_Conformal_Conic_2SP""],PARAMETER[""standard_parallel_1"",43],PARAMETER[""standard_parallel_2"",45.5],PARAMETER[""latitude_of_origin"",41.75],PARAMETER[""central_meridian"",-120.5],PARAMETER[""false_easting"",1312335.958],PARAMETER[""false_northing"",0],UNIT[""foot"",0.3048,AUTHORITY[""EPSG"",""9002""]],AXIS[""X"",EAST],AXIS[""Y"",NORTH],AUTHORITY[""EPSG"",""6557""]],VERT_CS[""NAVD88 height - Geoid12B (Intl Feet)"",VERT_DATUM[""North American Vertical Datum 1988"",2005,AUTHORITY[""EPSG"",""5103""]],UNIT[""foot"",0.3048,AUTHORITY[""EPSG"",""9002""]],AXIS[""Gravity-related height"",UP],AUTHORITY[""EPSG"",""8228""]]]","0.054840087890625","0.1567840576171875","0.22772216796875","32.545982360839844","0.0","False","Tillamook_2276;Tillamook_2283;Tillamook_2284;Tillamook_2294","CalhNC2020a","",""
"legacy_USGS_LPC_OR_WesternWildfires_A22_s05070w14550_r001408_c001152","train","negative","legacy","train_val","USGS_LPC_OR_WesternWildfires_A22_s05070w14550","2024","las_header.creation_date","negative","USGS_LPC_OR_WesternWildfires_A22_s05070w14550.laz","F:\LIDAR\oregon\probe_lidar\tillamook_probe\USGS_LPC_OR_WesternWildfires_A22\USGS_LPC_OR_WesternWildfires_A22_s05070w14550.laz","patches\train\legacy_USGS_LPC_OR_WesternWildfires_A22_s05070w14550_r001408_c001152.npz","1408","1152","508726.5","1455505.5","509110.5","1455889.5","COMPD_CS[""NAD83(2011) / Oregon GIC Lambert (ft) + NAVD88 height - Geoid12B (Intl Feet)"",PROJCS[""NAD83(2011) / Oregon GIC Lambert (ft)"",GEOGCS[""NAD83(2011)"",DATUM[""NAD83_National_Spatial_Reference_System_2011"",SPHEROID[""GRS 1980"",6378137,298.257222101,AUTHORITY[""EPSG"",""7019""]],AUTHORITY[""EPSG"",""1116""]],PRIMEM[""Greenwich"",0,AUTHORITY[""EPSG"",""8901""]],UNIT[""degree"",0.0174532925199433,AUTHORITY[""EPSG"",""9122""]],AUTHORITY[""EPSG"",""6318""]],PROJECTION[""Lambert_Conformal_Conic_2SP""],PARAMETER[""standard_parallel_1"",43],PARAMETER[""standard_parallel_2"",45.5],PARAMETER[""latitude_of_origin"",41.75],PARAMETER[""central_meridian"",-120.5],PARAMETER[""false_easting"",1312335.958],PARAMETER[""false_northing"",0],UNIT[""foot"",0.3048,AUTHORITY[""EPSG"",""9002""]],AXIS[""X"",EAST],AXIS[""Y"",NORTH],AUTHORITY[""EPSG"",""6557""]],VERT_CS[""NAVD88 height - Geoid12B (Intl Feet)"",VERT_DATUM[""North American Vertical Datum 1988"",2005,AUTHORITY[""EPSG"",""5103""]],UNIT[""foot"",0.3048,AUTHORITY[""EPSG"",""9002""]],AXIS[""Gravity-related height"",UP],AUTHORITY[""EPSG"",""8228""]]]","0.0","0.0","0.233917236328125","31.57805061340332","inf","True","","","",""
"legacy_USGS_LPC_OR_WesternWildfires_A22_s05100w13680_r001152_c000640","train","positive_boundary","legacy","train_val","USGS_LPC_OR_WesternWildfires_A22_s05100w13680","2024","las_header.creation_date","accepted_with_ignore","USGS_LPC_OR_WesternWildfires_A22_s05100w13680.laz","F:\LIDAR\oregon\probe_lidar\tillamook_probe\USGS_LPC_OR_WesternWildfires_A22\USGS_LPC_OR_WesternWildfires_A22_s05100w13680.laz","patches\train\legacy_USGS_LPC_OR_WesternWildfires_A22_s05100w13680_r001152_c000640.npz","1152","640","510960.0","1368889.5","511344.0","1369273.5","COMPD_CS[""NAD83(2011) / Oregon GIC Lambert (ft) + NAVD88 height - Geoid12B (Intl Feet)"",PROJCS[""NAD83(2011) / Oregon GIC Lambert (ft)"",GEOGCS[""NAD83(2011)"",DATUM[""NAD83_National_Spatial_Reference_System_2011"",SPHEROID[""GRS 1980"",6378137,298.257222101,AUTHORITY[""EPSG"",""7019""]],AUTHORITY[""EPSG"",""1116""]],PRIMEM[""Greenwich"",0,AUTHORITY[""EPSG"",""8901""]],UNIT[""degree"",0.0174532925199433,AUTHORITY[""EPSG"",""9122""]],AUTHORITY[""EPSG"",""6318""]],PROJECTION[""Lambert_Conformal_Conic_2SP""],PARAMETER[""standard_parallel_1"",43],PARAMETER[""standard_parallel_2"",45.5],PARAMETER[""latitude_of_origin"",41.75],PARAMETER[""central_meridian"",-120.5],PARAMETER[""false_easting"",1312335.958],PARAMETER[""false_northing"",0],UNIT[""foot"",0.3048,AUTHORITY[""EPSG"",""9002""]],AXIS[""X"",EAST],AXIS[""Y"",NORTH],AUTHORITY[""EPSG"",""6557""]],VERT_CS[""NAVD88 height - Geoid12B (Intl Feet)"",VERT_DATUM[""North American Vertical Datum 1988"",2005,AUTHORITY[""EPSG"",""5103""]],UNIT[""foot"",0.3048,AUTHORITY[""EPSG"",""9002""]],AXIS[""Gravity-related height"",UP],AUTHORITY[""EPSG"",""8228""]]]","0.030120849609375","0.969879150390625","0.2161407470703125","17.973581314086914","0.0","False","BeauJD1973hazards_65;Tillamook_2562;Tillamook_2576;Tillamook_2612","BeauJD1973hazards;CalhNC2020a","",""
"legacy_USGS_LPC_OR_WesternWildfires_A22_s05130w13650_r000000_c001024","train","negative","legacy","train_val","USGS_LPC_OR_WesternWildfires_A22_s05130w13650","2024","las_header.creation_date","negative","USGS_LPC_OR_WesternWildfires_A22_s05130w13650.laz","F:\LIDAR\oregon\probe_lidar\tillamook_probe\USGS_LPC_OR_WesternWildfires_A22\USGS_LPC_OR_WesternWildfires_A22_s05130w13650.laz","patches\train\legacy_USGS_LPC_OR_WesternWildfires_A22_s05130w13650_r000000_c001024.npz","0","1024","514536.0","1367617.5","514920.0","1368001.5","COMPD_CS[""NAD83(2011) / Oregon GIC Lambert (ft) + NAVD88 height - Geoid12B (Intl Feet)"",PROJCS[""NAD83(2011) / Oregon GIC Lambert (ft)"",GEOGCS[""NAD83(2011)"",DATUM[""NAD83_National_Spatial_Reference_System_2011"",SPHEROID[""GRS 1980"",6378137,298.257222101,AUTHORITY[""EPSG"",""7019""]],AUTHORITY[""EPSG"",""1116""]],PRIMEM[""Greenwich"",0,AUTHORITY[""EPSG"",""8901""]],UNIT[""degree"",0.0174532925199433,AUTHORITY[""EPSG"",""9122""]],AUTHORITY[""EPSG"",""6318""]],PROJECTION[""Lambert_Conformal_Conic_2SP""],PARAMETER[""standard_parallel_1"",43],PARAMETER[""standard_parallel_2"",45.5],PARAMETER[""latitude_of_origin"",41.75],PARAMETER[""central_meridian"",-120.5],PARAMETER[""false_easting"",1312335.958],PARAMETER[""false_northing"",0],UNIT[""foot"",0.3048,AUTHORITY[""EPSG"",""9002""]],AXIS[""X"",EAST],AXIS[""Y"",NORTH],AUTHORITY[""EPSG"",""6557""]],VERT_CS[""NAVD88 height - Geoid12B (Intl Feet)"",VERT_DATUM[""North American Vertical Datum 1988"",2005,AUTHORITY[""EPSG"",""5103""]],UNIT[""foot"",0.3048,AUTHORITY[""EPSG"",""9002""]],AXIS[""Gravity-related height"",UP],AUTHORITY[""EPSG"",""8228""]]]","0.0","0.0","0.2010498046875","19.40018081665039","811.434840267535","True","BeauJD1973hazards_65;Tillamook_2544;Tillamook_2558;Tillamook_2559;Tillamook_2560;WellRE1995_406","BeauJD1973hazards;CalhNC2020a;WellRE1995","",""
"legacy_USGS_LPC_OR_WesternWildfires_A22_s05130w13650_r000384_c001536","train","positive_boundary","legacy","train_val","USGS_LPC_OR_WesternWildfires_A22_s05130w13650","2024","las_header.creation_date","accepted_with_ignore","USGS_LPC_OR_WesternWildfires_A22_s05130w13650.laz","F:\LIDAR\oregon\probe_lidar\tillamook_probe\USGS_LPC_OR_WesternWildfires_A22\USGS_LPC_OR_WesternWildfires_A22_s05130w13650.laz","patches\train\legacy_USGS_LPC_OR_WesternWildfires_A22_s05130w13650_r000384_c001536.npz","384","1536","515304.0","1367041.5","515688.0","1367425.5","COMPD_CS[""NAD83(2011) / Oregon GIC Lambert (ft) + NAVD88 height - Geoid12B (Intl Feet)"",PROJCS[""NAD83(2011) / Oregon GIC Lambert (ft)"",GEOGCS[""NAD83(2011)"",DATUM[""NAD83_National_Spatial_Reference_System_2011"",SPHEROID[""GRS 1980"",6378137,298.257222101,AUTHORITY[""EPSG"",""7019""]],AUTHORITY[""EPSG"",""1116""]],PRIMEM[""Greenwich"",0,AUTHORITY[""EPSG"",""8901""]],UNIT[""degree"",0.0174532925199433,AUTHORITY[""EPSG"",""9122""]],AUTHORITY[""EPSG"",""6318""]],PROJECTION[""Lambert_Conformal_Conic_2SP""],PARAMETER[""standard_parallel_1"",43],PARAMETER[""standard_parallel_2"",45.5],PARAMETER[""latitude_of_origin"",41.75],PARAMETER[""central_meridian"",-120.5],PARAMETER[""false_easting"",1312335.958],PARAMETER[""false_northing"",0],UNIT[""foot"",0.3048,AUTHORITY[""EPSG"",""9002""]],AXIS[""X"",EAST],AXIS[""Y"",NORTH],AUTHORITY[""EPSG"",""6557""]],VERT_CS[""NAVD88 height - Geoid12B (Intl Feet)"",VERT_DATUM[""North American Vertical Datum 1988"",2005,AUTHORITY[""EPSG"",""5103""]],UNIT[""foot"",0.3048,AUTHORITY[""EPSG"",""9002""]],AXIS[""Gravity-related height"",UP],AUTHORITY[""EPSG"",""8228""]]]","0.085357666015625","0.08917236328125","0.20806884765625","36.0598258972168","0.0","False","BeauJD1973hazards_65;Tillamook_2544;Tillamook_2558;Tillamook_2559;Tillamook_2560;WellRE1995_406","BeauJD1973hazards;CalhNC2020a;WellRE1995","",""
"legacy_USGS_LPC_OR_WesternWildfires_A22_s05130w14070_r000512_c000128","train","negative","legacy","train_val","USGS_LPC_OR_WesternWildfires_A22_s05130w14070","2024","las_header.creation_date","negative","USGS_LPC_OR_WesternWildfires_A22_s05130w14070.laz","F:\LIDAR\oregon\probe_lidar\tillamook_probe\USGS_LPC_OR_WesternWildfires_A22\USGS_LPC_OR_WesternWildfires_A22_s05130w14070.laz","patches\train\legacy_USGS_LPC_OR_WesternWildfires_A22_s05130w14070_r000512_c000128.npz","512","128","513192.0","1408849.5","513576.0","1409233.5","COMPD_CS[""NAD83(2011) / Oregon GIC Lambert (ft) + NAVD88 height - Geoid12B (Intl Feet)"",PROJCS[""NAD83(2011) / Oregon GIC Lambert (ft)"",GEOGCS[""NAD83(2011)"",DATUM[""NAD83_National_Spatial_Reference_System_2011"",SPHEROID[""GRS 1980"",6378137,298.257222101,AUTHORITY[""EPSG"",""7019""]],AUTHORITY[""EPSG"",""1116""]],PRIMEM[""Greenwich"",0,AUTHORITY[""EPSG"",""8901""]],UNIT[""degree"",0.0174532925199433,AUTHORITY[""EPSG"",""9122""]],AUTHORITY[""EPSG"",""6318""]],PROJECTION[""Lambert_Conformal_Conic_2SP""],PARAMETER[""standard_parallel_1"",43],PARAMETER[""standard_parallel_2"",45.5],PARAMETER[""latitude_of_origin"",41.75],PARAMETER[""central_meridian"",-120.5],PARAMETER[""false_easting"",1312335.958],PARAMETER[""false_northing"",0],UNIT[""foot"",0.3048,AUTHORITY[""EPSG"",""9002""]],AXIS[""X"",EAST],AXIS[""Y"",NORTH],AUTHORITY[""EPSG"",""6557""]],VERT_CS[""NAVD88 height - Geoid12B (Intl Feet)"",VERT_DATUM[""North American Vertical Datum 1988"",2005,AUTHORITY[""EPSG"",""5103""]],UNIT[""foot"",0.3048,AUTHORITY[""EPSG"",""9002""]],AXIS[""Gravity-related height"",UP],AUTHORITY[""EPSG"",""8228""]]]","0.0","0.0","0.3376617431640625","36.06092834472656","201.0","True","Tillamook_2053;Tillamook_2079","CalhNC2020a","",""
"legacy_USGS_LPC_OR_WesternWildfires_A22_s05130w14070_r000512_c001664","train","positive_interior","legacy","train_val","USGS_LPC_OR_WesternWildfires_A22_s05130w14070","2024","las_header.creation_date","accepted","USGS_LPC_OR_WesternWildfires_A22_s05130w14070.laz","F:\LIDAR\oregon\probe_lidar\tillamook_probe\USGS_LPC_OR_WesternWildfires_A22\USGS_LPC_OR_WesternWildfires_A22_s05130w14070.laz","patches\train\legacy_USGS_LPC_OR_WesternWildfires_A22_s05130w14070_r000512_c001664.npz","512","1664","515496.0","1408849.5","515880.0","1409233.5","COMPD_CS[""NAD83(2011) / Oregon GIC Lambert (ft) + NAVD88 height - Geoid12B (Intl Feet)"",PROJCS[""NAD83(2011) / Oregon GIC Lambert (ft)"",GEOGCS[""NAD83(2011)"",DATUM[""NAD83_National_Spatial_Reference_System_2011"",SPHEROID[""GRS 1980"",6378137,298.257222101,AUTHORITY[""EPSG"",""7019""]],AUTHORITY[""EPSG"",""1116""]],PRIMEM[""Greenwich"",0,AUTHORITY[""EPSG"",""8901""]],UNIT[""degree"",0.0174532925199433,AUTHORITY[""EPSG"",""9122""]],AUTHORITY[""EPSG"",""6318""]],PROJECTION[""Lambert_Conformal_Conic_2SP""],PARAMETER[""standard_parallel_1"",43],PARAMETER[""standard_parallel_2"",45.5],PARAMETER[""latitude_of_origin"",41.75],PARAMETER[""central_meridian"",-120.5],PARAMETER[""false_easting"",1312335.958],PARAMETER[""false_northing"",0],UNIT[""foot"",0.3048,AUTHORITY[""EPSG"",""9002""]],AXIS[""X"",EAST],AXIS[""Y"",NORTH],AUTHORITY[""EPSG"",""6557""]],VERT_CS[""NAVD88 height - Geoid12B (Intl Feet)"",VERT_DATUM[""North American Vertical Datum 1988"",2005,AUTHORITY[""EPSG"",""5103""]],UNIT[""foot"",0.3048,AUTHORITY[""EPSG"",""9002""]],AXIS[""Gravity-related height"",UP],AUTHORITY[""EPSG"",""8228""]]]","1.0","0.0","0.298095703125","25.99138641357422","0.0","False","Tillamook_2053;Tillamook_2079","CalhNC2020a","",""
"legacy_USGS_LPC_OR_WesternWildfires_A22_s05130w14070_r000768_c000640","train","positive_interior","legacy","train_val","USGS_LPC_OR_WesternWildfires_A22_s05130w14070","2024","las_header.creation_date","accepted","USGS_LPC_OR_WesternWildfires_A22_s05130w14070.laz","F:\LIDAR\oregon\probe_lidar\tillamook_probe\USGS_LPC_OR_WesternWildfires_A22\USGS_LPC_OR_WesternWildfires_A22_s05130w14070.laz","patches\train\legacy_USGS_LPC_OR_WesternWildfires_A22_s05130w14070_r000768_c000640.npz","768","640","513960.0","1408465.5","514344.0","1408849.5","COMPD_CS[""NAD83(2011) / Oregon GIC Lambert (ft) + NAVD88 height - Geoid12B (Intl Feet)"",PROJCS[""NAD83(2011) / Oregon GIC Lambert (ft)"",GEOGCS[""NAD83(2011)"",DATUM[""NAD83_National_Spatial_Reference_System_2011"",SPHEROID[""GRS 1980"",6378137,298.257222101,AUTHORITY[""EPSG"",""7019""]],AUTHORITY[""EPSG"",""1116""]],PRIMEM[""Greenwich"",0,AUTHORITY[""EPSG"",""8901""]],UNIT[""degree"",0.0174532925199433,AUTHORITY[""EPSG"",""9122""]],AUTHORITY[""EPSG"",""6318""]],PROJECTION[""Lambert_Conformal_Conic_2SP""],PARAMETER[""standard_parallel_1"",43],PARAMETER[""standard_parallel_2"",45.5],PARAMETER[""latitude_of_origin"",41.75],PARAMETER[""central_meridian"",-120.5],PARAMETER[""false_easting"",1312335.958],PARAMETER[""false_northing"",0],UNIT[""foot"",0.3048,AUTHORITY[""EPSG"",""9002""]],AXIS[""X"",EAST],AXIS[""Y"",NORTH],AUTHORITY[""EPSG"",""6557""]],VERT_CS[""NAVD88 height - Geoid12B (Intl Feet)"",VERT_DATUM[""North American Vertical Datum 1988"",2005,AUTHORITY[""EPSG"",""5103""]],UNIT[""foot"",0.3048,AUTHORITY[""EPSG"",""9002""]],AXIS[""Gravity-related height"",UP],AUTHORITY[""EPSG"",""8228""]]]","1.0","0.0","0.254852294921875","28.97917938232422","0.0","False","Tillamook_2053;Tillamook_2079","CalhNC2020a","",""
"legacy_USGS_LPC_OR_WesternWildfires_A22_s05130w14070_r000896_c000128","train","negative","legacy","train_val","USGS_LPC_OR_WesternWildfires_A22_s05130w14070","2024","las_header.creation_date","negative","USGS_LPC_OR_WesternWildfires_A22_s05130w14070.laz","F:\LIDAR\oregon\probe_lidar\tillamook_probe\USGS_LPC_OR_WesternWildfires_A22\USGS_LPC_OR_WesternWildfires_A22_s05130w14070.laz","patches\train\legacy_USGS_LPC_OR_WesternWildfires_A22_s05130w14070_r000896_c000128.npz","896","128","513192.0","1408273.5","513576.0","1408657.5","COMPD_CS[""NAD83(2011) / Oregon GIC Lambert (ft) + NAVD88 height - Geoid12B (Intl Feet)"",PROJCS[""NAD83(2011) / Oregon GIC Lambert (ft)"",GEOGCS[""NAD83(2011)"",DATUM[""NAD83_National_Spatial_Reference_System_2011"",SPHEROID[""GRS 1980"",6378137,298.257222101,AUTHORITY[""EPSG"",""7019""]],AUTHORITY[""EPSG"",""1116""]],PRIMEM[""Greenwich"",0,AUTHORITY[""EPSG"",""8901""]],UNIT[""degree"",0.0174532925199433,AUTHORITY[""EPSG"",""9122""]],AUTHORITY[""EPSG"",""6318""]],PROJECTION[""Lambert_Conformal_Conic_2SP""],PARAMETER[""standard_parallel_1"",43],PARAMETER[""standard_parallel_2"",45.5],PARAMETER[""latitude_of_origin"",41.75],PARAMETER[""central_meridian"",-120.5],PARAMETER[""false_easting"",1312335.958],PARAMETER[""false_northing"",0],UNIT[""foot"",0.3048,AUTHORITY[""EPSG"",""9002""]],AXIS[""X"",EAST],AXIS[""Y"",NORTH],AUTHORITY[""EPSG"",""6557""]],VERT_CS[""NAVD88 height - Geoid12B (Intl Feet)"",VERT_DATUM[""North American Vertical Datum 1988"",2005,AUTHORITY[""EPSG"",""5103""]],UNIT[""foot"",0.3048,AUTHORITY[""EPSG"",""9002""]],AXIS[""Gravity-related height"",UP],AUTHORITY[""EPSG"",""8228""]]]","0.0","0.0","0.2791290283203125","38.52127456665039","213.0","True","Tillamook_2053;Tillamook_2079","CalhNC2020a","",""
"legacy_USGS_LPC_OR_WesternWildfires_A22_s05130w14070_r001024_c000768","train","positive_interior","legacy","train_val","USGS_LPC_OR_WesternWildfires_A22_s05130w14070","2024","las_header.creation_date","accepted","USGS_LPC_OR_WesternWildfires_A22_s05130w14070.laz","F:\LIDAR\oregon\probe_lidar\tillamook_probe\USGS_LPC_OR_WesternWildfires_A22\USGS_LPC_OR_WesternWildfires_A22_s05130w14070.laz","patches\train\legacy_USGS_LPC_OR_WesternWildfires_A22_s05130w14070_r001024_c000768.npz","1024","768","514152.0","1408081.5","514536.0","1408465.5","COMPD_CS[""NAD83(2011) / Oregon GIC Lambert (ft) + NAVD88 height - Geoid12B (Intl Feet)"",PROJCS[""NAD83(2011) / Oregon GIC Lambert (ft)"",GEOGCS[""NAD83(2011)"",DATUM[""NAD83_National_Spatial_Reference_System_2011"",SPHEROID[""GRS 1980"",6378137,298.257222101,AUTHORITY[""EPSG"",""7019""]],AUTHORITY[""EPSG"",""1116""]],PRIMEM[""Greenwich"",0,AUTHORITY[""EPSG"",""8901""]],UNIT[""degree"",0.0174532925199433,AUTHORITY[""EPSG"",""9122""]],AUTHORITY[""EPSG"",""6318""]],PROJECTION[""Lambert_Conformal_Conic_2SP""],PARAMETER[""standard_parallel_1"",43],PARAMETER[""standard_parallel_2"",45.5],PARAMETER[""latitude_of_origin"",41.75],PARAMETER[""central_meridian"",-120.5],PARAMETER[""false_easting"",1312335.958],PARAMETER[""false_northing"",0],UNIT[""foot"",0.3048,AUTHORITY[""EPSG"",""9002""]],AXIS[""X"",EAST],AXIS[""Y"",NORTH],AUTHORITY[""EPSG"",""6557""]],VERT_CS[""NAVD88 height - Geoid12B (Intl Feet)"",VERT_DATUM[""North American Vertical Datum 1988"",2005,AUTHORITY[""EPSG"",""5103""]],UNIT[""foot"",0.3048,AUTHORITY[""EPSG"",""9002""]],AXIS[""Gravity-related height"",UP],AUTHORITY[""EPSG"",""8228""]]]","1.0","0.0","0.237548828125","31.645565032958984","0.0","False","Tillamook_2053;Tillamook_2079","CalhNC2020a","",""
"legacy_USGS_LPC_OR_WesternWildfires_A22_s05130w14070_r001280_c000384","train","positive_boundary","legacy","train_val","USGS_LPC_OR_WesternWildfires_A22_s05130w14070","2024","las_header.creation_date","accepted_with_ignore","USGS_LPC_OR_WesternWildfires_A22_s05130w14070.laz","F:\LIDAR\oregon\probe_lidar\tillamook_probe\USGS_LPC_OR_WesternWildfires_A22\USGS_LPC_OR_WesternWildfires_A22_s05130w14070.laz","patches\train\legacy_USGS_LPC_OR_WesternWildfires_A22_s05130w14070_r001280_c000384.npz","1280","384","513576.0","1407697.5","513960.0","1408081.5","COMPD_CS[""NAD83(2011) / Oregon GIC Lambert (ft) + NAVD88 height - Geoid12B (Intl Feet)"",PROJCS[""NAD83(2011) / Oregon GIC Lambert (ft)"",GEOGCS[""NAD83(2011)"",DATUM[""NAD83_National_Spatial_Reference_System_2011"",SPHEROID[""GRS 1980"",6378137,298.257222101,AUTHORITY[""EPSG"",""7019""]],AUTHORITY[""EPSG"",""1116""]],PRIMEM[""Greenwich"",0,AUTHORITY[""EPSG"",""8901""]],UNIT[""degree"",0.0174532925199433,AUTHORITY[""EPSG"",""9122""]],AUTHORITY[""EPSG"",""6318""]],PROJECTION[""Lambert_Conformal_Conic_2SP""],PARAMETER[""standard_parallel_1"",43],PARAMETER[""standard_parallel_2"",45.5],PARAMETER[""latitude_of_origin"",41.75],PARAMETER[""central_meridian"",-120.5],PARAMETER[""false_easting"",1312335.958],PARAMETER[""false_northing"",0],UNIT[""foot"",0.3048,AUTHORITY[""EPSG"",""9002""]],AXIS[""X"",EAST],AXIS[""Y"",NORTH],AUTHORITY[""EPSG"",""6557""]],VERT_CS[""NAVD88 height - Geoid12B (Intl Feet)"",VERT_DATUM[""North American Vertical Datum 1988"",2005,AUTHORITY[""EPSG"",""5103""]],UNIT[""foot"",0.3048,AUTHORITY[""EPSG"",""9002""]],AXIS[""Gravity-related height"",UP],AUTHORITY[""EPSG"",""8228""]]]","0.06439208984375","0.0937957763671875","0.22540283203125","33.87007141113281","0.0","False","Tillamook_2053;Tillamook_2079","CalhNC2020a","",""
"legacy_USGS_LPC_OR_WesternWildfires_A22_s05130w14070_r001280_c000640","train","positive_interior","legacy","train_val","USGS_LPC_OR_WesternWildfires_A22_s05130w14070","2024","las_header.creation_date","accepted_with_ignore","USGS_LPC_OR_WesternWildfires_A22_s05130w14070.laz","F:\LIDAR\oregon\probe_lidar\tillamook_probe\USGS_LPC_OR_WesternWildfires_A22\USGS_LPC_OR_WesternWildfires_A22_s05130w14070.laz","patches\train\legacy_USGS_LPC_OR_WesternWildfires_A22_s05130w14070_r001280_c000640.npz","1280","640","513960.0","1407697.5","514344.0","1408081.5","COMPD_CS[""NAD83(2011) / Oregon GIC Lambert (ft) + NAVD88 height - Geoid12B (Intl Feet)"",PROJCS[""NAD83(2011) / Oregon GIC Lambert (ft)"",GEOGCS[""NAD83(2011)"",DATUM[""NAD83_National_Spatial_Reference_System_2011"",SPHEROID[""GRS 1980"",6378137,298.257222101,AUTHORITY[""EPSG"",""7019""]],AUTHORITY[""EPSG"",""1116""]],PRIMEM[""Greenwich"",0,AUTHORITY[""EPSG"",""8901""]],UNIT[""degree"",0.0174532925199433,AUTHORITY[""EPSG"",""9122""]],AUTHORITY[""EPSG"",""6318""]],PROJECTION[""Lambert_Conformal_Conic_2SP""],PARAMETER[""standard_parallel_1"",43],PARAMETER[""standard_parallel_2"",45.5],PARAMETER[""latitude_of_origin"",41.75],PARAMETER[""central_meridian"",-120.5],PARAMETER[""false_easting"",1312335.958],PARAMETER[""false_northing"",0],UNIT[""foot"",0.3048,AUTHORITY[""EPSG"",""9002""]],AXIS[""X"",EAST],AXIS[""Y"",NORTH],AUTHORITY[""EPSG"",""6557""]],VERT_CS[""NAVD88 height - Geoid12B (Intl Feet)"",VERT_DATUM[""North American Vertical Datum 1988"",2005,AUTHORITY[""EPSG"",""5103""]],UNIT[""foot"",0.3048,AUTHORITY[""EPSG"",""9002""]],AXIS[""Gravity-related height"",UP],AUTHORITY[""EPSG"",""8228""]]]","0.8267974853515625","0.0995025634765625","0.2351531982421875","33.73358154296875","0.0","False","Tillamook_2053;Tillamook_2079","CalhNC2020a","",""
"legacy_USGS_LPC_OR_WesternWildfires_A22_s05160w13530_r001152_c001664","train","positive_boundary","legacy","train_val","USGS_LPC_OR_WesternWildfires_A22_s05160w13530","2024","las_header.creation_date","accepted_with_ignore","USGS_LPC_OR_WesternWildfires_A22_s05160w13530.laz","F:\LIDAR\oregon\probe_lidar\tillamook_probe\USGS_LPC_OR_WesternWildfires_A22\USGS_LPC_OR_WesternWildfires_A22_s05160w13530.laz","patches\train\legacy_USGS_LPC_OR_WesternWildfires_A22_s05160w13530_r001152_c001664.npz","1152","1664","518496.0","1353889.5","518880.0","1354273.5","COMPD_CS[""NAD83(2011) / Oregon GIC Lambert (ft) + NAVD88 height - Geoid12B (Intl Feet)"",PROJCS[""NAD83(2011) / Oregon GIC Lambert (ft)"",GEOGCS[""NAD83(2011)"",DATUM[""NAD83_National_Spatial_Reference_System_2011"",SPHEROID[""GRS 1980"",6378137,298.257222101,AUTHORITY[""EPSG"",""7019""]],AUTHORITY[""EPSG"",""1116""]],PRIMEM[""Greenwich"",0,AUTHORITY[""EPSG"",""8901""]],UNIT[""degree"",0.0174532925199433,AUTHORITY[""EPSG"",""9122""]],AUTHORITY[""EPSG"",""6318""]],PROJECTION[""Lambert_Conformal_Conic_2SP""],PARAMETER[""standard_parallel_1"",43],PARAMETER[""standard_parallel_2"",45.5],PARAMETER[""latitude_of_origin"",41.75],PARAMETER[""central_meridian"",-120.5],PARAMETER[""false_easting"",1312335.958],PARAMETER[""false_northing"",0],UNIT[""foot"",0.3048,AUTHORITY[""EPSG"",""9002""]],AXIS[""X"",EAST],AXIS[""Y"",NORTH],AUTHORITY[""EPSG"",""6557""]],VERT_CS[""NAVD88 height - Geoid12B (Intl Feet)"",VERT_DATUM[""North American Vertical Datum 1988"",2005,AUTHORITY[""EPSG"",""5103""]],UNIT[""foot"",0.3048,AUTHORITY[""EPSG"",""9002""]],AXIS[""Gravity-related height"",UP],AUTHORITY[""EPSG"",""8228""]]]","0.010009765625","0.23236083984375","0.2348175048828125","17.91445541381836","0.0","False","BeauJD1973hazards_105;Tillamook_2553;Tillamook_2577","BeauJD1973hazards;CalhNC2020a","",""
